Item,All nonfarm industries,"Agriculture, forestry, hunting and fishing",Animal production (including breeding of cats and dogs),"Forestry
and logging
(including forest
nurseries,
timber tracts)","Fishing,
hunting,
and trapping","Support
activities
for
agriculture
and forestry",Mining,"Oil
and
gas extraction","Other
mining","Support
activities for
mining",Utilities,Construction,"Construction
of
buildings","Heavy and
civil engineering
construction","Specialty
trade
contractors",Manufacturing,"Food
manufacturing","Textile
and textile
product mills",Apparel,"Leather
and
allied
products","Wood
products","Paper
products","Printing
and related
support
activities","Petroleum
and coal
products","Chemical
manufacturing","Plastic and
rubber products","Nonmetallic
mineral
products","Primary
metal
industries","Fabricated
metal
products",Machinery,"Computer and
electronic
products","Electrical
equipment,
appliances, and
components","Transportation
equipment","Furniture
and related
products","Miscellaneous
manufacturing",Wholesale trade (merchant wholesalers),"Durable goods,
including
machinery,
wood, metals,
etc.","Nondurable
goods,
including food,
fiber, chemicals,
etc.","Wholesale
electronic markets
and agents and
brokers",Retail trade,"Motor
vehicle and
parts
dealers","Furniture
and home
furnishing stores","Electronic stores
and household
appliance stores","Building
material and
garden
equipment and
supplies dealers","Food and
beverage
stores","Health and
personal care
stores","Gasoline
stations","Clothing and
accessories
stores","Sporting goods,
hobby, book,
and music
stores","General
merchandise
stores","Miscellaneous
store
retailers","Nonstore
retailers",Transportation and warehousing,"Air and
rail
transportation","Water
transportation","Truck
transportation","Other transit
and ground
transportation","Pipeline
transportation","Scenic
and
sightseeing
transportation","Support
activities for transportation
(including
motor vehicle
towing)","Couriers
and
messengers","Warehousing
and
storage
facilities",Information,"Publishing
industries
(except internet)","Motion
picture and
sound
recording","Broadcasting
(except internet)
and telecommunications
and internet
service providers","Data processing,
internet publishing
and broadcasting,
and web search
portals",Finance and insurance,"Credit
intermediation
and related
activities","Securities, commodity contracts, and other financial investments","Investment
bankers and
securities
dealers","Securities
brokers","Commodity
contracts brokers
and dealers","Securities and
commodity
exchanges","Other financial
investment
activities
(investment advice)","Insurance agents, brokers, and related activities","Insurance
agencies and
brokerages","Other insurance
related activities
and other
financial vehicles",Real estate and rental and leasing,Real estate,"Lessors of
real estate
(including
miniwarehouses
and self storage)","Offices of real
estate agents,
brokers, property
managers and appraisers","Other 
activities related
to real estate",Rental and leasing services,"Automotive
equipment rental
and leasing","Consumer
electronics and
appliances rental","Formal wear
and costume
rental","Video tape
and disc
rental","General rental
centers and other
consumer goods
rental","Commercial and
industrial
machinery and
equipment rental
and leasing",Lessors of nonfinancial intangible assets (except copyrighted works),"Professional, scientific, and technical services",Legal services,"Offices of
certified public
accountants","Other
accounting
services","Architectural, engineering, and related services","Architectural
services","Engineering
services","Drafting, building
inspections, and
geophysical
surveying","Surveying and 
mapping (except
geophysical)
services","Testing
laboratories","Specialized
design
services","Computer
systems design
services","Other professional, scientific, and technical services","Management,
scientific, and
technical
consulting
services","Scientific
research and
development
services","Advertising
and related
services","Market research
and public
opinion polling","Other
miscellaneous
services","Administrative and support and waste management
and remediation services","Administrative
and
support
services","Waste
management
and remediation
services",Educational services,Health care and social assistance,Ambulatory health care services,"Offices of
physicians
(except mental
health
specialists)","Offices of
physicians,
mental
health
specialists","Offices 
of
dentists","Offices
of
chiropractors","Offices
of
optometrists","Offices of
mental health
practitioners
and social
therapists","Offices
of
podiatrists","Outpatient
care centers and
other miscellaneous
health
practitioners","Medical and
diagnostic
laboratories","Home
health care
services","Other ambulatory
health care
services (including
ambulance services,
blood, organ banks)",Hospitals,"Nursing and
residential
care facilities","Social
assistance","Arts, entertainment, and recreation","Performing arts,
spectator
sports and
related
industries","Museums,
historical sites,
and similar
institutions","Amusement,
gambling, and
recreation
industries","Accommodation, food services, and drinking places",Accommodation,"Travel
accommodation
(including hotels,
motels, and bed
and breakfast inns)","RV (recreational
vehicle) parks and
recreational
camps","Rooming
and boarding
houses","Restaurants
(full & limited service)
 and drinking places",Other services,Auto repair and maintenance,"Automotive
mechanical and
electrical repair
and
maintenance","Automotive
body
shops","Other auto
repair and
maintenance
(including oil change,
lube, and car washes)","Miscellaneous
repairs","Personal
and laundry
services","Religious,
grantmaking,
civic,
professional,
and similar
organizations"
Number of returns [1],23553850,300083,48084,46133,68362,137504,110908,89771,3172,17965,14828,2648742,494324,66441,2087978,364007,53382,8167,26364,9037,35568,0,39916,1640,11718,507,16108,3524,26561,26168,8199,9403,5701,19803,62241,360899,161748,127369,71782,2298671,128178,33547,25039,35444,107234,131478,15542,145897,89883,26062,602981,957387,1133138,18674,2892,576787,270005,13,13360,54016,189317,8073,353652,54402,105465,95265,98520,616053,34394,163884,3930,15805,5135,1925,137089,417775,327339,90435,1189781,1132188,37887,826696,267605,57440,19289,1363,98,2209,15971,18509,153,3227617,354415,43829,339655,256852,108316,84018,51319,10156,3043,243188,260377,1729301,871559,42495,128110,30621,656516,2520702,2505307,15394,708012,2189006,1118168,188183,30866,74757,39606,18015,178190,8900,193664,26480,317612,41897,5596,75631,989612,1476496,1201741,5202,269553,441877,60029,30363,18625,11041,381848,3116112,374888,184765,81334,108789,422589,2054609,264026
"Business receipts, total [1.2]",1301569749,20908373,1331354,4984574,3128164,11464281,14092831,10064375,978238,3050218,789278,188517429,49286419,8094440,131136570,27493193,3970679,651497,1481320,74294,2733216,0,3015328,69709,732064,473190,581214,551153,3660350,2050228,391714,643117,684027,1527349,4202744,53697563,23406559,23266890,7024114,190889571,37661824,3439546,3422732,6591738,27658417,8498982,24133643,10115969,6860075,2640965,31449075,28416605,92990956,1692719,1471033,69647540,9047087,12166,556511,4406881,5497590,659428,11570425,1719959,3535784,4233633,2081049,74450571,3316291,42799507,4365555,4450785,947699,931340,32104128,28334773,24125046,4209726,61771880,57022372,2592615,39489732,14940025,4747066,761944,132099,46998,303761,1137359,2364904,2442,173610221,40067658,4459072,10372519,13703529,5516541,5698240,1928208,291877,268662,7284112,11558165,86165166,46809003,1203718,7355100,806289,29991055,69315652,67438150,1877502,10877777,122333143,100239487,32888470,3359207,27207481,5092814,4157566,9491310,1519518,6378012,1076219,7164439,1904451,672097,5042287,16379272,36054618,26931184,67563,9055871,52395083,6297283,4919490,1017679,360114,46097800,94728661,24531295,11122481,7035242,6373572,14235270,52144510,3817587
   Income from sales and operations [1],1280820568,20461774,1271065,4961090,3073203,11156416,13569023,9602893,961324,3004807,728062,186778397,49092142,7889077,129797178,27253240,3941280,650311,1477007,74294,2710425,0,2979108,69290,727812,473006,556017,549506,3617972,2045617,385499,641241,680679,1506528,4167648,53192397,23255012,22942196,6995189,188714324,37251987,3414537,3356312,6555483,27287092,8387485,23723615,10079090,6835356,2631627,31182727,28009015,92117519,1627415,1453969,69179552,8872498,12132,553245,4274336,5489149,655223,11235945,1698779,3415031,4176879,1945256,72753913,3204707,41988060,4346440,4335094,936667,890092,31479767,27561145,23471863,4089282,59709752,55184682,2473710,38079207,14631765,4522628,744667,125312,46998,303442,1123724,2178485,2442,169738109,39384310,4347729,10183733,13345821,5421973,5634927,1734558,285795,268568,7153197,11465844,83857475,45254762,1179649,7183054,783908,29456102,68322127,66449923,1872203,10771826,120315735,98716933,32047896,3224994,27098095,5045950,4106559,9361974,1514884,6290592,1076131,7069907,1879950,667820,4988008,15942974,34906705,25850445,77864,8978396,51879238,6121043,4752937,1011568,356538,45758195,93391810,24131720,10814602,6969253,6347865,14129313,51523871,3606906
   Other business income (loss) [1],20749181,446600,60289,23485,54961,307865,523808,461482,16914,45411,61216,1739032,194276,205363,1339392,239953,29400,1185,4314,0,22791,0,36220,419,4251,184,25197,1647,42377,4611,6215,1877,3348,20821,35095,505166,151547,324694,28925,2175246,409837,25010,66420,36255,371326,111498,410028,36879,24720,9337,266348,407590,873438,65305,17064,467988,174590,34,3266,132545,8441,4206,334479,21180,120753,56754,135792,1696658,111584,811447,19114,115691,11032,41248,624361,773628,653183,120445,2062127,1837690,118905,1410525,308259,224437,17277,6787,0,319,13636,186419,0,3872112,683348,111343,188787,357708,94568,63313,193650,6082,95,130915,92321,2307691,1554241,24069,172046,22381,534954,993525,988226,5299,105951,2017408,1522554,840574,134213,109385,46864,51007,129336,4634,87420,87,94533,24501,4277,54279,436299,1147913,1080739,-10301,77475,515845,176240,166553,6111,3576,339605,1336851,399575,307879,65989,25707,105957,620638,210680
"Business deductions, total [1,2]",997563229,19423117,1738269,4770629,2604179,10310040,12858028,9580330,948055,2329644,803325,154802670,42517675,7276709,105008286,24154859,3973206,534132,1275053,54345,2274506,0,2608949,82985,557739,451469,508484,506298,3121668,1711135,356239,600909,621117,1293267,3623358,48397521,21601745,21082061,5713715,179707670,36254885,3077117,3214675,5995199,26722904,7704736,23959258,9521075,6576196,2587665,28512735,25581225,79900213,1924359,1410428,60612372,6429172,16445,567014,3742808,4700732,496883,8850813,1362455,2888621,3230086,1369651,55553017,2803552,35362600,4013771,3726680,672315,1013604,25936230,17386865,14971274,2415591,40518395,36034302,2083228,22474697,11476378,4481848,695745,137368,40926,310839,1099188,2197782,2245,97200307,22655094,2374812,5824458,8888157,4002111,3609775,865479,177997,232796,5124032,6535995,45797759,20790528,692162,5234084,527807,18553178,47324668,45654280,1670389,6807750,72830913,59013273,16983274,1487405,18055458,3289978,2981458,4996474,980806,3852790,731836,4578019,1075777,331994,4261054,9224592,26931696,18374328,29402,8527966,49875038,6014539,4640719,958908,414912,43860500,68268175,21474580,9831876,6080782,5561922,10976264,33842203,1975128
"   Cost of sales and operations, total",389755266,7622226,497373,1650501,393079,5081273,3739814,2333239,468295,938280,283921,76068078,26307038,4328373,45432667,12597794,1964111,151694,623015,13635,1418661,0,1282588,29456,292402,314752,282290,248174,1797450,859462,173928,246662,320072,645440,1934001,34935803,15371666,15575398,3988738,126434323,29609239,1645876,2044345,3958420,20180366,5253581,21059857,5536479,4216156,1891562,16968494,14069948,10084712,536040,726572,6372483,173027,491,157932,1407375,562444,148347,2467993,420647,539115,1197946,310285,25056772,1167754,22697026,3331028,2558747,368934,675228,15763089,1191992,1129633,62359,7928678,6801920,171823,1765387,4864711,1126123,79773,81103,15376,109832,392991,447047,635,18695869,2215650,36853,548036,2211242,892581,1216026,80114,17183,5338,2073383,1984606,9626099,3035462,69946,2199318,127731,4193643,12362190,11938042,424149,665150,6275830,5553068,1224879,48634,1548131,219944,794674,411673,18721,469608,64773,641902,110129,21659,377382,323721,5183014,2944859,8451,2229703,19949920,1008991,769439,215011,24541,18940929,18928370,9334362,4140127,2955375,2238861,4205042,5360237,28729
"      Inventory, beginning of year",39186807,588960,178042,132861,43315,234742,135983,80848,26229,28906,1622,5288575,2576026,1480981,1231568,1912277,430720,26525,75463,47134,145406,0,104058,2970,30947,10268,83545,11212,159987,107641,22655,59636,102384,46084,445641,3251180,2059878,1074714,116589,20126719,5107141,672784,363552,870477,1870089,637117,465639,1870948,1783266,374931,4148206,1962568,244216,49957,16401,67555,10295,0,0,49524,1224,49259,101857,32638,38200,30551,467,354600,137333,181724,8561,32614,22053,2423,116073,35542,31887,3655,2558561,2383717,87468,284095,2012154,174209,29565,30257,9958,6371,47228,50830,635,896438,28620,14,23817,38515,1152,32397,3131,0,1835,253626,93049,458797,179656,4665,48378,20095,206004,360917,338562,22354,73800,309202,286219,54317,11261,13029,4151,93630,54062,0,18143,16341,15286,6000,1,5334,17649,735549,565843,29766,139940,665713,100887,62659,37885,343,564826,1520114,607123,266173,126698,214252,385271,527596,125
      Cost of labor,30613034,480147,46105,179971,68522,185549,475526,247314,51715,176498,122,13352383,4274363,679956,8398064,1187316,65994,13244,68708,3951,170604,0,46522,923,6747,48192,71275,5527,281524,136621,17721,24920,47042,15074,162725,581441,295095,245849,40497,1536349,411544,73472,37550,170163,142112,84067,18883,151995,45328,3007,210104,188123,1358772,10656,94371,924973,60221,0,8747,207914,32169,19720,457738,129676,128185,137331,62547,210869,43885,94432,0,13549,0,41,80841,72552,71654,899,342013,215103,2975,86798,125330,126910,2599,0,0,0,57633,66677,0,2761242,147295,2346,348749,500326,214254,232715,40209,8171,4978,171681,473240,1117605,713276,26036,50488,0,327805,1954835,1897534,57300,160195,1176815,1014364,51963,21620,275011,7182,10330,208318,2523,80975,764,354052,1625,0,75398,87053,365058,212006,5096,147956,1819558,184813,181628,49,3136,1634745,2378727,1004403,400370,380336,223697,418876,955448,0
      Purchases,251131346,5889945,282762,1209940,99942,4297301,1189598,658054,268164,263380,74746,22883765,6600972,1390409,14892384,8111503,1549963,76119,391458,4583,937176,0,743422,7416,159541,92499,166713,197685,1004059,543444,149477,211557,194188,380014,1302189,29777565,13567617,13310915,2899033,115417852,27339842,1364794,1801262,3512123,18981513,4592106,20190796,5029107,3916590,1695165,15085390,11909164,3060525,63104,10543,1863453,73679,34,0,669093,275097,105522,843911,10122,84906,618974,129909,14911820,390666,14415614,2774364,1064179,366759,364041,9846272,105540,99455,6085,3930726,3400610,61958,712667,2625985,530116,66380,1891,10116,90667,207108,153956,0,7727898,104330,1610,25434,419424,87799,310896,20330,248,151,1230851,985091,4961159,1196687,6954,1301491,9126,2446901,5607307,5373320,233987,160164,1905061,1733632,265489,1722,190371,161716,585646,156295,113,115822,7085,180377,68994,23123,26043,122263,2310889,1082329,7789,1220771,15564835,427343,206540,209323,11480,15137493,11490989,6172962,2954654,1807237,1411072,2319935,2973264,24828
      Materials and supplies,49980435,405237,17498,48224,60423,279091,134577,53543,15407,65627,204,25718160,8370007,760874,16587279,2276903,267025,48228,81389,5258,256736,0,367006,17633,40305,164244,33370,29613,310207,140845,4666,20371,57837,139241,292929,1984341,844652,645984,493704,5788138,1169803,121788,22497,220388,679740,365790,377781,316165,284991,80284,1135533,1013378,833578,38857,17701,589917,3182,0,13386,168492,1954,89,236264,56447,84800,59987,35029,60353,16048,18220,0,9401,0,0,8819,26085,24559,1526,634255,504150,6928,136049,361172,130105,896,0,0,409,70106,58694,0,2314502,25498,3,36507,471648,275309,186573,8194,1571,0,259997,240138,1280711,414433,21688,249194,12635,582762,2289929,2280860,9068,121184,1100475,1017358,330696,3589,345587,12774,120353,25327,10731,128855,18325,16418,4703,2414,9437,71266,582097,431241,1012,149844,1490973,48724,43700,5004,19,1442249,3882265,1786335,656284,660855,469196,1207024,885176,3730
      Other costs,59269401,807092,68833,228619,139190,370451,1978002,1391335,138486,448181,210615,13748140,6999142,1286244,5462754,1273850,203202,10921,87559,282,73723,0,110830,5397,79983,9255,16343,8130,225473,79586,13672,14045,23909,121776,189763,2770375,779213,1425786,565375,4600300,866689,78769,34191,137728,376470,231120,441088,210157,101750,128064,807265,1187007,4803319,420460,604361,2976326,26487,457,135799,367394,253080,18955,938500,224655,243343,381688,88814,9896220,711974,8200722,556624,1474863,21219,308723,5839293,983524,930347,53177,3033349,2676048,87703,900779,1687566,357301,12537,72329,3788,14517,62215,191916,0,6006852,1938998,33409,129349,843054,321597,500228,14031,7198,0,444904,285037,2332101,699216,15788,643205,109122,864771,2489992,2365247,124745,214603,2123313,1820128,596838,21094,741092,45148,80472,22004,5353,145911,38443,89446,34326,35,267866,35284,1920809,1189714,1126,729970,1158188,356589,335628,10996,9965,801599,1216930,448397,148069,128221,172107,262971,505395,166
"      Inventory, end of year",40425758,549156,95867,149114,18313,285862,173872,97854,31706,44312,3389,4922946,2513473,1270091,1139382,2164055,552793,23343,81563,47572,164986,0,89252,4883,25121,9706,88957,3993,183800,148676,34262,83866,105288,56749,459246,3429100,2174790,1127850,126460,21035033,5285780,665730,214708,952459,1869559,656620,434331,2041893,1915769,389890,4418004,2190291,215698,46995,16807,49741,838,0,0,55041,1080,45197,110276,32891,40319,30584,6482,377090,132152,213686,8520,35859,41097,0,128210,31252,28268,2984,2570227,2377708,75209,355002,1947496,192519,32204,23373,8486,2131,51299,75026,0,1011061,29091,529,15820,61724,7530,46784,5779,5,1626,287676,91948,524273,167805,5184,93437,23246,234600,340789,317482,23307,64796,339037,318632,74424,10653,16958,11028,95757,54334,0,20097,16186,13677,5519,3914,6696,9795,731389,536274,36338,158777,749347,109365,60717,48246,402,639982,1560655,684858,285423,147971,251464,389034,486643,120
   Advertising expenses,13699938,86731,15382,10110,23151,38088,24427,16212,1152,7063,10702,1037908,157536,28032,852340,236759,59707,9777,24678,3771,6597,0,40491,242,4351,2428,2976,856,15569,9305,4924,8652,872,4059,37501,443687,188372,180498,74818,2046822,293613,88920,49282,78844,121098,95012,23856,221958,92245,14150,433724,534119,262981,3991,673,127683,58794,6,38491,16718,15654,969,190493,25364,68668,52804,43657,980139,75236,204002,9946,24652,2469,12186,154750,700901,623138,77762,1612788,1557547,17066,1287602,252879,55241,2268,0,899,5883,33106,13085,0,2205457,963780,21812,97024,82329,49276,17392,11777,3485,399,88165,171225,781124,316857,14340,104114,6117,339697,645248,630766,14482,200948,1178179,1041372,198912,14846,353828,161048,47294,82148,23401,82732,7257,60044,9862,1365,40189,95253,574164,407329,852,165983,879681,130429,108481,17204,4744,749252,1017994,252507,100011,90926,61570,143669,593314,28503
   Car and truck expenses,86142042,1172380,106291,384573,143696,537821,310034,128609,8073,173352,65907,14206379,2714818,337999,11153562,1048181,235431,27343,42280,3437,118551,0,99511,194,21728,1226,13310,27121,87349,89061,6519,39589,25273,51049,159211,1555189,621138,618399,315652,5558797,470996,140775,110480,156454,203325,204719,71393,221842,146188,93774,1424618,2314234,26003568,15777,42653,21362336,1512743,18,6818,556508,2482573,24140,551917,108757,137505,206844,98811,2743101,75346,439800,6145,38078,4113,18920,372544,2227954,1822615,405339,5080237,4796317,82022,3747737,966558,283920,119514,5,135,6572,62391,95304,0,7248262,1046502,114311,736783,776445,290857,197909,221294,21511,44874,384498,427030,3762693,2023896,39912,344353,53645,1300887,6440633,6366612,74021,838379,3773930,2700572,398282,82456,180776,82558,56549,562895,20120,409540,57098,767998,82302,7587,213697,852073,2070910,1703150,443,367317,927804,119084,57221,35535,26328,808721,6154333,1238776,588897,361224,288654,1359936,2959622,595999
   Commissions,14243839,79464,35596,16367,12807,14695,66064,45201,1176,19688,3996,643505,116052,28729,498724,140298,35489,853,14945,239,1520,0,6931,648,7493,5878,6299,195,6982,28417,4517,4196,1,493,15203,568413,276950,125956,165507,1459946,267712,81955,2610,30662,76667,51778,57369,61766,26183,1936,214256,587051,1103179,7126,1246,838597,134460,0,4083,12893,101913,2861,288803,13458,65354,169075,40917,2917403,75078,1135641,41317,138531,35262,1982,918548,1706684,1462346,244338,2799876,2730648,33109,2427417,270123,69078,36646,0,3711,4372,16872,7476,150,1328525,195607,53894,147734,104662,65065,26554,12956,66,21,34926,101013,690688,393638,3160,56563,7291,230036,483917,477834,6083,53717,415873,355702,121431,10153,77497,5921,1873,9672,1627,19936,13878,70610,23104,212,6961,52998,778910,727734,16,51159,219335,54847,48162,358,6328,164488,857576,122417,102018,11434,8965,98982,632011,4165
   Contract labor,42039749,701510,20768,357917,85564,237262,391397,193554,36270,161573,80752,13209261,3530358,124378,9554525,725571,113678,106549,12543,713,12234,0,55150,57,6771,1079,1008,1262,94964,47632,8791,107713,8546,87811,59071,545574,177471,244575,123528,1432044,332658,46038,55343,51973,44871,54365,43750,62833,94993,13454,288955,342813,5743042,14297,6719,4577946,289324,226,30144,191039,574266,59082,522787,56136,214156,169692,82802,1009569,40347,416935,10488,126184,12347,2732,265183,552287,406812,145475,1113096,1056178,39548,736204,280426,56918,9725,5309,0,0,18733,23150,0,5614852,871156,138591,380359,658356,321672,220631,22836,841,92376,203592,452098,2910699,1679609,53836,425181,15190,736883,3440705,3428929,11776,261592,2561438,2142753,695291,93099,408686,152510,63041,272374,19348,154516,60508,172641,50739,9858,118475,290353,872625,701081,343,171201,567379,96680,53783,31141,11756,470700,3142837,760674,332656,237982,190035,491900,1876615,13648
   Depletion,937061,2455,6,252,6,2191,840133,808889,25257,5987,2838,9728,222,184,9322,1804,0,0,0,0,0,0,0,1767,1,0,0,0,8,0,0,0,0,0,29,12427,106,11333,988,2750,1019,0,0,60,45,3,124,1,67,401,924,106,1577,231,10,556,583,3,194,0,0,0,279,1,38,236,3,1123,177,784,0,91,0,0,693,162,107,55,4695,4315,140,432,3742,256,8,0,0,0,0,248,125,26733,3914,482,3,10888,2,10469,417,0,0,722,11,10713,8050,0,0,0,2663,11452,11097,355,40,5395,5116,2917,0,1027,0,261,9,0,899,3,0,0,0,278,1,392,319,0,72,814,3,3,0,0,811,12290,8155,8114,0,41,5,4130,0
   Depreciation,34244946,1589138,162791,415633,341780,668935,1091896,855804,56280,179812,119605,4933504,836621,374549,3722334,1047932,188575,23176,48781,1561,80822,0,80965,4776,14510,13475,19337,5960,177358,125859,43765,12684,19133,69052,118144,558961,308967,201463,48531,2144113,253866,42740,42944,171504,271642,67708,165327,107803,117243,32571,518860,351905,4781093,317533,231736,3619533,267518,5395,64008,159043,94150,22177,336112,16687,194102,101716,23607,631824,50571,214481,2466,29298,5501,11813,165403,366772,312350,54422,2707482,1514818,292842,886259,335717,1192520,186335,3327,850,23748,158011,820251,143,3586873,454990,52374,243987,328123,154888,136493,23708,7988,5046,184984,230579,2091837,933006,47082,89943,10255,1011552,2087232,1934215,153017,230966,2454133,2016730,505006,37576,875416,122269,116104,123980,29270,113288,20158,43266,30397,9157,91007,337240,1636644,1052469,1208,582966,1784311,547241,429776,88786,28679,1237070,2435551,837340,407779,166678,262882,384204,1170621,43386
   Employee benefit programs,2940884,9952,1572,3191,378,4812,22445,9303,9436,3706,2531,279725,33630,13445,232650,83748,6086,1215,769,0,3068,0,4987,444,4294,2074,4020,1078,14596,10287,1802,1338,977,9805,16909,62940,28501,27334,7105,258097,51164,7102,21732,13678,20576,30039,8329,17007,9653,2099,53373,23345,76401,4975,1031,50537,10526,0,346,8329,195,461,27264,13684,1985,4258,7337,175202,2548,72472,1674,4374,1572,1780,63072,100183,88330,11852,96225,89714,8963,58873,21879,6510,152,1032,0,124,2308,2894,0,737959,222332,51057,30329,104522,27503,57620,13620,4973,805,10247,52197,267275,95814,10342,12439,37203,111476,131586,119485,12101,7408,669556,586930,236971,5115,187605,27279,36364,28282,6480,27257,6975,18654,5949,5898,60289,16439,85893,37221,94,48578,87942,23605,21935,261,1408,64337,125017,59026,17357,21697,19972,24181,36553,5256
   Insurance,16879712,348448,17606,120894,70316,139633,132352,68914,16597,46841,10781,3488231,662799,137554,2687878,306606,44012,6058,11182,551,16249,0,22367,1188,10964,8124,10037,8413,52843,25712,2877,4331,12717,28484,40496,296575,154024,125131,17420,1271213,245607,34111,33793,81472,180013,52106,79702,82692,56450,15484,270712,139070,2752974,28895,18452,2141394,346487,56,11687,125310,67964,12730,70503,9474,25904,30330,4795,502102,13230,126268,4965,15885,1021,3984,100412,362604,321579,41025,583059,510705,53448,336222,121036,72354,7382,1042,380,5158,19694,38698,0,1537800,564566,49238,94620,223800,104862,82044,25357,7759,3777,36456,52316,516804,218884,8730,40790,2432,245969,1086070,1034194,51876,88868,2160262,1910670,905335,65607,381702,100889,40577,113068,59858,111984,23525,87848,20276,8365,76973,164253,303551,189302,256,113993,717421,160553,111577,36032,12944,556869,1170599,445636,213876,118834,112926,223172,493044,8747
   Legal and professional services,10848073,149904,42558,22647,38349,46350,132882,92273,11879,28730,15040,917528,226917,61273,629337,219835,55488,5855,13549,683,9266,0,17580,519,8474,7420,3901,1787,22854,15666,5770,8908,2239,4369,35507,274204,96491,119499,58214,874164,82905,19815,25633,19290,84670,43076,63234,87616,48508,5983,197248,196184,325161,28040,10818,197488,35821,294,1792,17535,30047,3326,174727,24623,65876,35868,48361,597731,46928,316873,12784,12184,15519,3980,272407,233929,176281,57649,1046732,994418,43796,640028,310594,52046,4771,1112,262,7057,11754,27090,268,2438116,739177,34999,78746,161742,61244,82688,13391,1720,2698,70092,106058,1247301,765642,48714,60892,17549,354504,518965,499892,19072,133733,1429660,1278255,440983,53932,256202,84427,37758,153995,26798,84658,55526,61557,22419,8196,49286,93922,522223,430195,936,91092,395403,74116,47022,7524,19570,321287,580273,121911,57455,25170,39286,81778,351699,24885
   Meals and entertainment deducted,8806864,91216,18307,6682,28939,37287,54589,31193,179,23217,7474,643804,137297,40816,465691,76954,4980,2242,13899,33,6571,0,11764,76,2622,1132,903,1374,5956,3439,2322,2245,1352,2210,13835,167429,65636,68294,33499,472128,33025,10463,10334,16358,8341,16734,4966,22431,14945,10638,139815,184078,2149791,89942,3614,1906206,76208,3,695,42038,30230,855,96332,5494,43383,30798,16657,494619,17489,147612,2311,18632,7675,4225,114769,329518,278877,50641,564955,551333,76208,384979,90146,13621,1712,73,102,35,5024,6675,0,1277526,211962,24707,58885,74347,22024,38848,12264,585,625,49651,82815,775158,485875,17205,62548,6356,203174,369782,359010,10771,113959,1181555,386911,86995,14476,63189,32568,9301,60490,5973,44130,2324,50623,16841,2540,93287,698817,418013,343674,231,74109,131232,27772,20499,1240,6032,103461,432233,83477,40676,28516,14285,72556,231802,44398
   Mortgage interest,3621187,73318,7636,20729,11117,33837,28611,22923,2429,3259,2257,346303,138339,32258,175706,73648,20089,2425,4129,106,10040,0,4338,11,1386,245,216,45,10202,82,0,1449,3320,11874,3692,49864,26599,19677,3587,462663,57666,22927,9531,30667,69250,2633,73035,12926,39985,6005,104753,33283,237854,23068,3120,135750,53662,0,10017,6899,4115,1222,14144,9461,2963,1720,0,104731,2767,34407,353,1958,1331,187,30578,67558,58427,9131,590839,537011,173826,192365,170819,53828,4930,0,0,0,7874,41025,0,261346,94714,7239,16343,17397,5352,11388,635,0,22,17231,27736,80686,39520,936,9498,3,30729,137752,120906,16846,36286,349278,227104,33761,2859,110953,35682,3451,3090,13,7595,1073,27407,1221,313,55394,66467,85322,38155,29,47138,471176,332477,284340,36920,11217,138699,274903,116156,34875,29366,51915,38220,115025,5502
   Other interest paid on business indebtedness,5736292,138276,9728,38770,30520,59259,129840,97082,7896,24862,9049,693319,186712,67071,439535,157487,27788,4146,3190,160,6517,0,35072,3973,3771,3414,2070,750,21844,10049,895,6789,677,8845,17537,174661,94138,74396,6127,735692,186667,12368,17926,24546,74466,30154,44007,48453,41808,5519,161095,88683,457079,29321,29806,338280,18961,0,7747,18253,7730,6981,35096,5266,13970,8697,7163,331862,67331,134442,1815,2213,3545,982,125887,130088,122094,7994,497145,383343,70901,123340,189102,113801,10784,4058,131,945,22217,75666,0,648311,176468,19970,35089,46929,18107,14678,8886,4285,974,33166,21307,315380,176026,5688,29542,4982,99143,276222,267314,8908,21815,515360,448182,89205,5464,213954,17745,23790,16310,6435,13354,9176,48222,4526,3451,24462,39264,175224,83863,2,91359,315302,126514,117448,8407,659,188788,362094,159196,72532,29766,56899,51163,144209,7527
   Office expenses,11998038,63767,9990,11208,9914,32655,35080,23072,1645,10363,2957,987395,195333,31723,760339,177203,33613,3583,11833,100,8330,0,29664,253,7001,1121,2912,2839,21652,15015,2488,3536,1241,10730,21289,283165,129243,102038,51885,1093942,90099,23884,18516,53293,55630,75009,24158,110089,45303,9108,280069,308783,366991,7297,1091,256820,35004,0,2727,19198,41879,2975,162614,24152,39589,47979,50895,913348,79014,280782,3722,31308,6654,7125,231973,553552,452806,100746,912467,889922,21027,696073,172822,22540,3384,50,335,4121,5169,9482,5,2627397,868387,117197,246964,157371,63512,52814,37291,3504,251,82299,125059,1030120,559904,16512,66833,12220,374651,645621,631824,13798,169685,1843026,1639432,432616,72609,435235,150515,73983,220952,49120,98974,8086,72263,25081,1294,32476,169823,364699,296308,273,68118,246017,39763,19522,12756,7485,206254,989656,193820,99145,45330,49345,131143,589741,74952
   Pension and profit-sharing plans,1283513,2702,95,1011,0,1596,4589,2190,1413,985,28,27307,3651,5736,17920,13612,362,134,5,0,1562,0,315,274,730,1224,0,121,3136,1604,532,1682,98,0,1835,23919,7936,9756,6228,44405,2515,471,645,3107,1683,5497,641,1102,1543,1307,14366,11529,9093,95,3897,4297,135,24,0,523,109,13,3930,711,1568,652,999,366524,2416,323308,262628,1392,2261,22,57006,40800,36784,4016,55083,53639,24000,14545,15095,1444,10,403,0,0,571,460,0,268246,94462,13688,16867,15929,7653,7536,326,49,366,703,7216,119382,87567,1571,1293,2927,26024,18425,17586,839,3863,391483,386784,168445,8009,172710,5055,8749,7284,3523,9475,2653,534,347,65,3439,1196,21130,13160,0,7970,11597,1315,1084,231,0,10282,17301,1490,178,1014,298,585,5906,9320
   Rent paid on machinery and equipment,8754711,180780,1498,92323,17624,69335,66359,27987,6903,31469,5434,1049838,185352,75867,788619,92829,12992,8140,8138,38,2931,0,18563,0,565,4371,912,1852,5504,3347,1821,734,6362,252,16306,191617,133350,51494,6774,644199,70210,26357,22634,7231,115379,52123,26505,31781,18013,5861,178186,89921,2598924,24808,10385,1377225,1081460,0,22759,40058,39517,2711,74104,3611,41775,9283,19434,173919,19886,78276,2776,7587,333,252,67329,75757,62059,13699,292088,249028,5791,180333,62904,43060,6952,1,0,561,13438,22108,0,817608,188954,29756,57195,83544,48866,32258,1755,661,4,43892,21769,392500,162284,5351,22395,20473,181996,381734,368084,13651,84735,636813,512609,169905,8522,86962,46695,12735,68008,8818,67717,8112,29640,5495,1090,19095,104018,230588,136933,155,93499,254484,12362,10861,789,711,242122,905367,234288,104997,50103,79188,53065,615664,2350
   Rent paid on other business property,34370947,176861,27085,11037,57507,81231,85177,56295,4451,24431,5409,1456162,276966,56449,1122748,750036,129163,10050,115601,496,42877,0,81451,1687,10763,2734,22522,31612,62184,46013,7197,21735,18774,58258,86918,835272,457717,331980,45575,5464266,578767,198262,90293,129845,879711,251728,253393,806544,287287,89891,1323779,574766,632823,22136,7534,325113,101539,99,17760,42107,54603,61932,284943,24115,137856,85687,37285,1453674,69800,478251,21874,28509,8693,17048,402127,905623,804481,101141,969101,829230,60939,575440,192851,139871,12806,130,4760,35178,45803,41194,0,4261278,1785435,181710,345038,274974,136167,118294,14914,3370,2229,152411,136921,1384790,589989,15715,139134,7287,632664,735411,704992,30420,627778,5452944,4719160,1372723,221554,1115015,489495,273163,643892,166256,268278,25880,121389,21515,10376,221019,502389,1236189,719872,1354,514963,3555799,204659,154513,36677,13470,3351140,6283906,1091724,585172,185088,321463,325082,4754755,112345
   Repairs,16783463,695544,33438,263652,146945,251509,202873,105458,40378,57036,8484,1815329,245953,152907,1416469,367495,56298,6145,9043,857,81302,0,33671,422,10909,5506,8680,3675,72375,26088,5352,8174,5967,14139,18890,325922,187211,127429,11281,1211827,205636,34137,26270,54195,208395,40240,114448,84606,49247,13541,225874,155239,5395653,133541,53996,4731664,315662,0,15567,76872,58713,9636,51437,14832,17100,13501,6003,230344,12374,61719,445,5963,1637,6481,47193,156252,138116,18135,783217,650073,145467,314773,189832,133145,19438,11,67,7872,22238,83519,0,958513,166887,32938,91239,174842,117994,45376,8884,1497,1092,33658,55416,403533,151141,7619,18923,4802,221050,1064363,934044,130319,118434,984195,697324,178365,13391,248057,50854,21657,46025,11865,48123,9735,54925,14326,1723,78205,206944,404256,257740,393,146124,987710,310442,217707,71473,21261,677268,1087493,327079,140224,62032,124822,122174,612951,25289
   Supplies,33525328,661996,101331,132149,170092,258425,111654,67178,8100,36376,47211,8332921,1513040,191955,6627926,817493,89872,40445,39164,16858,51712,0,136551,35,18979,451,4504,16655,57275,68157,3774,14971,50932,54221,152938,649210,349580,239571,60059,2604002,244288,60849,57943,54495,303150,126936,45634,195316,123006,14086,666802,711499,1144411,6357,10329,896493,81543,16,6059,86022,48564,9029,332511,29957,149674,116143,36737,573202,32656,185453,41239,6526,2059,20019,115609,355094,307446,47648,753220,700488,22501,487447,190540,52732,3788,3567,172,3214,13582,28409,0,2793155,413648,33167,195823,371074,180154,159963,22062,3025,5869,219567,219851,1340025,518041,16556,64212,6974,734241,2519150,2469632,49518,424777,4323740,3418825,1015568,38189,1377995,243543,69601,130963,81826,204235,31356,180753,44796,7346,138437,759132,1009487,799336,1706,208445,1498569,209046,153606,20128,35312,1289524,4726596,1129861,575933,242105,311823,683354,2834338,79044
   Salaries and wages,79758101,1258307,28864,280366,38603,910475,671095,350643,100836,219617,18990,7654890,1187683,429646,6037561,1944610,310557,47010,54431,4714,140363,0,198554,14014,40438,39536,37892,91934,324604,107425,23167,36701,62067,103624,307578,1756691,936395,707948,112347,7887959,1204143,211847,211408,417308,1616359,565584,705599,552611,322105,90373,1436473,554150,2981619,86404,127027,2095368,199977,211,63211,337982,36271,35168,538935,126144,128949,200709,83133,4469187,182181,1711143,39189,93903,18919,51178,1507954,2575864,2412374,163490,2040768,1694255,127025,1025624,541606,346491,74742,21502,8694,44351,72450,124753,21,12314343,4670141,676324,680590,1111645,461627,489142,75099,57033,28745,206930,652549,4316164,1569914,107252,391676,78444,2168878,4565645,4349004,216641,410906,17043803,14487145,4205075,211081,6082280,563879,758749,676346,221442,423428,105789,1104978,134098,107754,1101553,1347351,1533488,725573,2474,805442,7385507,681361,568714,53861,58786,6704146,5136830,1676870,688205,581314,407352,698357,2759099,2504
   Taxes paid,18173143,299413,14657,71062,60800,152894,338015,283245,17994,36775,10297,1926654,394062,121448,1411144,400320,63515,12710,15465,180,25802,0,58278,1847,5837,6956,13008,4571,58718,35837,3960,5517,6178,14262,67679,345044,174749,149065,21230,2591937,390263,73600,55009,129610,444819,105214,257435,192030,124490,45749,527016,246704,1288253,18120,13583,1055951,97495,27,11158,58275,19489,14155,81495,18534,22781,29055,11125,603098,33045,209813,8387,23936,1906,4247,171337,360240,328378,31862,901686,804872,167722,454432,182718,96719,11212,3373,2070,16254,36363,27447,95,1949001,594529,87611,114888,184865,73953,65321,17862,11129,16601,60939,99899,806270,336716,11667,55160,11095,391633,795057,750557,44500,113326,2344538,1933855,543752,40902,737006,88752,101618,117300,29482,81236,28252,147800,17756,12834,191219,206630,478385,192356,225,285804,2144889,399386,325114,54191,20081,1745502,1514913,648781,282628,195458,170695,196153,659914,10065
   Travel,13470815,168749,22085,23013,46229,77423,80074,55241,3567,21266,4343,822440,141525,66388,614527,216184,30151,1934,28373,239,12197,0,27945,1900,9395,7621,3464,13512,11692,10930,7934,5463,4420,6824,32190,568025,210426,261481,96118,1029902,90860,21847,25482,24416,28933,42355,6220,98610,40279,9624,247463,393814,996811,192176,1979,617521,94033,12,4609,55663,22984,7835,302530,35732,115774,74641,76383,721256,29029,290356,7695,25055,18784,4568,234255,401870,307610,94260,585522,556567,29326,353379,173862,28956,1349,1424,181,0,5827,20175,0,3779526,329559,35974,107240,203263,43344,116837,36101,5313,1669,124391,300073,2679026,1846307,59961,120857,11281,640620,672122,661773,10349,334033,1046572,869107,246647,69206,99706,53573,16608,105012,4027,155352,25022,72002,21949,3881,28171,145414,1213822,1082970,3216,127636,142174,27121,20496,5182,1444,115053,689927,97034,33697,39790,23547,85326,369340,138227
   Utilities,27981600,303626,43903,45026,57969,156728,131253,88420,9920,32913,17145,2898680,584027,83403,2231251,681034,118516,12816,39653,1704,47777,0,94890,615,23338,13468,13648,28534,60102,61065,8209,15537,10105,49700,81359,581062,296596,214269,70197,3518117,357149,84042,72317,137782,652817,142095,227066,242719,151288,76182,788770,585890,1236056,11883,5791,845343,152362,9,14235,92400,102314,11718,327051,39969,105576,106004,75502,1050602,50978,235830,5193,23237,7011,11090,189298,763794,647045,116749,1683024,1594506,132220,1128132,334154,88517,13470,1200,1069,14046,25563,33169,0,3732016,876755,95490,340241,260963,113736,88764,46015,7029,5419,211234,245239,1702093,876192,19743,144172,19655,642331,1628697,1604533,24164,346095,2510516,1789418,415227,65166,435005,145050,68195,245706,43983,140593,25415,173571,31508,4043,139571,577484,879204,601374,1296,276534,2591575,566742,411593,109124,46025,2024832,3707332,859256,379944,201020,278293,414259,2279864,153952
   Other business expenses,109212407,3433827,485075,778466,797603,1372682,4144375,3804764,107814,231797,56062,10167633,2476182,462518,7228933,1729160,337186,38746,126983,4271,133648,0,207142,18561,44436,7230,49612,13957,129671,98025,32519,41988,59795,51183,334207,3012539,1234954,1427521,350064,9620358,1112678,184998,171847,343511,1064320,349364,603134,662637,479910,138309,1816240,2693409,8971897,317592,98258,6548177,1246634,9544,74929,359859,261967,54937,1633831,305593,598350,473042,256847,9125585,626897,5450761,191059,499088,144509,139497,4476608,3047927,2547685,500242,6181224,5770124,266549,4091785,1411790,410296,83552,8647,1733,21182,88354,206829,804,15320415,4664443,419809,934372,1033786,646679,249861,115740,10386,11121,510961,730608,7026437,3106796,98953,639471,57605,3123612,5307880,4976082,331798,1167649,11570414,9400613,3224011,272929,2578515,387158,342656,760022,140562,730335,134900,457801,371724,100249,994976,1074576,6000887,4150498,1794,1848594,4451253,819179,648629,115051,55499,3632074,6576419,1571660,765177,380377,426106,874387,3673639,456733
"   Home office business deductions, total",10038903,89137,32683,7579,19090,29784,18926,9211,113,9602,11966,905534,209967,20019,675548,221783,23842,11087,13404,0,35910,0,55894,0,6268,5,4218,21,6782,9946,3174,10,0,5915,45308,153272,60518,54682,38072,744671,21756,3281,35360,6477,9442,32017,77,55126,23196,59,194951,362930,211097,2346,102,162929,15788,11,43,11201,15057,3620,252985,23982,149673,48423,30908,311322,30459,112941,4274,9343,259,14079,84987,167922,119429,48493,670766,655547,16410,527972,111165,15219,1043,0,0,333,12214,1629,0,2544774,217003,42044,194393,207212,92259,66889,41582,4005,2477,283033,203958,1397130,750727,10781,132360,6292,496969,607709,606776,933,296660,1472605,407710,67656,31477,25295,22538,1005,133898,1857,63380,2536,52973,5094,2739,100513,961643,696221,628386,82,67753,118784,40376,38721,1024,631,78407,681685,70396,47849,13306,9240,169324,358419,83546
"      Depreciation, Form 8829 [3]",1336883,25945,15579,1769,5166,3431,3451,2132,35,1284,680,104463,28959,2442,73062,31966,4787,2475,2139,0,6966,0,7147,0,1386,2,561,0,1046,1301,1048,2,0,572,2536,22212,8377,7989,5847,122184,2123,561,7154,560,1229,6394,24,14260,7444,12,21126,61295,23617,20,41,19793,808,2,16,949,940,1048,42373,2437,25005,9658,5274,61255,1550,18010,279,2447,59,97,15128,41695,24253,17442,93710,92702,10191,68980,13532,1008,152,0,0,58,768,29,0,355076,32921,5646,21187,24858,5028,14580,3722,910,617,30547,28817,211100,127906,3497,14851,1145,63700,67097,67041,56,37758,164524,46067,11943,3056,2332,1813,232,13253,804,7287,0,4454,894,242,14076,104139,86214,73222,22,12969,8108,2378,2143,235,0,5730,84992,11748,10252,1067,429,22697,36010,14536
"      Casualty loss, Form 8829 [3]",0,0,0,0,0,0,0,0,0,0,0,0,0,0,0,0,0,0,0,0,0,0,0,0,0,0,0,0,0,0,0,0,0,0,0,0,0,0,0,0,0,0,0,0,0,0,0,0,0,0,0,0,0,0,0,0,0,0,0,0,0,0,0,0,0,0,0,0,0,0,0,0,0,0,0,0,0,0,0,0,0,0,0,0,0,0,0,0,0,0,0,0,0,0,0,0,0,0,0,0,0,0,0,0,0,0,0,0,0,0,0,0,0,0,0,0,0,0,0,0,0,0,0,0,0,0,0,0,0,0,0,0,0,0,0,0,0,0,0,0,0,0,0,0,0,0,0
"      Carryover of excess casualty losses and depreciation, Form 8829 [3]",12540,0,0,0,0,0,0,0,0,0,0,318,0,0,318,3394,39,0,0,0,0,0,0,0,3355,0,0,0,0,0,0,0,0,0,0,202,202,0,0,99,0,0,0,0,0,0,0,0,0,0,0,99,9,9,0,0,0,0,0,0,0,0,355,0,355,0,0,4,0,0,0,0,0,0,0,4,4,0,0,0,0,0,0,0,0,0,0,0,0,0,0,3476,0,0,0,0,0,0,0,0,0,1,1727,1748,1748,0,0,0,0,45,45,0,0,3521,3521,3516,5,0,0,0,0,0,0,0,0,0,0,0,0,0,0,0,0,0,0,0,0,0,0,1114,1106,1106,0,0,0,0,8
"Net income less deficit [1,2]",304895911,1488488,-405483,216984,524787,1152200,1246455,495489,30230,720735,31791,33804626,6791087,821725,26191814,3382663,5123,117401,206478,19948,459055,0,408721,-12676,185099,21798,73772,48575,542180,341820,35479,42208,63196,234217,590271,5318822,1815520,2190729,1312573,11289960,1411377,362430,208056,596537,936796,795014,180463,609514,322317,52465,2968062,2846929,13105304,-236353,70899,9040597,2611688,-5026,-8255,664070,805139,162546,2765596,380371,662438,1010762,712025,18909379,513309,7439632,351785,725233,276497,-82264,6168383,10956438,9162216,1794222,21291849,21012128,500266,17048560,3463302,279525,68080,-5251,6072,-7077,50542,167158,197,76494495,17412308,2084260,4548054,4820344,1514431,2093437,1062730,113880,35866,2169191,5027368,40432971,26047774,511747,2136543,278257,11458650,22048434,21841309,207125,4088697,49670939,41376560,15905859,1871803,9156089,1802837,1185827,4596369,538712,2551658,344381,2589506,833518,340103,785180,7169095,9149614,8548846,38161,562608,2560095,296850,291942,58795,-53887,2263245,26521101,3066586,1290605,963926,812055,3292007,18309113,1853395
"   Net income [1,2]",357074821,3165333,174289,470351,917344,1603349,2988758,2089231,76714,822813,115573,38177430,7837122,1343428,28996880,4680885,398462,148650,310888,29456,509363,0,500541,4083,218977,22641,87345,75029,600323,417531,70371,98146,67822,262349,858907,6556068,2451754,2646257,1458056,18655497,1976609,512230,337644,710535,1437875,1144100,420269,1216257,662784,213582,4869841,5153771,15765264,248019,208180,10252399,2931546,751,54833,777591,1117091,174855,3727074,558412,1128653,1183475,856535,21269112,721308,8730798,381538,775408,336145,31985,7205722,11817006,9821741,1995265,25503525,24711481,766503,19013045,4931933,791070,134946,4671,6072,13259,146105,486016,975,82623253,18024182,2100268,4756129,5332238,1746963,2307023,1125632,115352,37268,2629111,5557193,44224131,28029190,639538,2422264,345511,12787628,25084014,24798674,285340,4744706,52336004,43171004,16210672,1888793,9285815,1834955,1199829,4825511,557061,2866388,414660,3187298,900021,355503,918378,7891119,13010934,11452638,53690,1504606,5151364,767129,610821,114636,41672,4384235,30842608,4113017,1814966,1128718,1169333,3914831,20583558,2231202
   Deficit [2],52178910,1676845,579772,253367,392557,451148,1742304,1593741,46484,102079,83782,4372804,1046034,521703,2805066,1298222,393339,31249,104410,9507,50308,0,91821,16759,33878,842,13574,26454,58143,75712,34892,55938,4626,28132,268636,1237245,636234,455528,145483,7365537,565233,149800,129588,113998,501079,349086,239806,606743,340467,161116,1901779,2306842,2659961,484372,137281,1211802,319858,5777,63088,113521,311952,12309,961478,178041,466214,172713,144509,2359732,207999,1291166,29753,50176,59648,114250,1037339,860568,659525,201043,4211677,3699353,266237,1964485,1468631,511545,66866,9922,0,20336,95563,318858,779,6128758,611874,16008,208076,511895,232532,213587,62902,1471,1402,459920,529825,3791160,1981417,127792,285721,67254,1328977,3035580,2957365,78215,656009,2665065,1794444,304813,16990,129726,32118,14001,229143,18349,314729,70279,597792,66503,15399,133198,722024,3861320,2903793,15529,941999,2591269,470279,318879,55841,95559,2120990,4321507,1046431,524360,164792,357279,622824,2274445,377807
Number of returns [1],17570854,189924,20392,30969,37861,100702,74419,59585,1577,13257,9505,2195548,410670,45200,1739678,239636,29629,5809,17579,6310,22351,0,26523,1546,7549,465,11092,2364,17898,20298,4525,7630,5540,14264,38265,242226,107141,89020,46065,1263326,82821,23795,14367,25094,67649,61907,9931,83433,46183,14104,351331,482710,928002,12451,2414,477413,237733,3,8371,40490,141391,7735,246848,37161,67355,70889,71443,417911,25015,100293,2860,11655,2867,482,82429,292603,233681,58922,787463,756350,17984,556861,181504,31102,11319,41,98,338,8527,10780,11,2394759,290049,38662,288564,198720,83042,61251,43285,8128,3013,153705,189528,1235532,618869,29018,90606,20592,476446,2102839,2090641,12198,562096,1831747,905614,150794,27581,67151,33890,16567,138975,8099,153877,22637,252926,33117,3971,58831,863331,941464,766701,4098,170664,273171,31676,19108,8701,3868,241494,2492326,275912,134518,61845,79549,319713,1699932,196769
"Business receipts, total [1,2]",1111641923,16849825,952904,3883734,2543823,9469365,10782853,7456997,702582,2623274,453696,167527083,43245697,5927689,118353696,23316714,3054314,583712,1329268,45449,2552819,0,2475994,34182,640098,473042,424993,496001,3156584,1705505,336536,597040,476120,1305851,3629205,45893021,19975542,19319176,6598303,151321259,29188071,2711860,2526901,5558278,22835030,7341224,17443726,8258685,5488554,1879534,24707927,23381469,79144887,1073936,532250,60329904,8504695,10393,299705,3613403,4241368,539232,9428575,1350458,2714745,3531496,1831877,49033932,2662762,20710454,1628557,2610171,841574,400740,15229412,25660716,21813386,3847330,53973147,50881315,1947818,36172508,12760989,3089403,580057,19451,46998,118943,712995,1610959,2428,160567012,38026763,4351363,9546673,12647172,4935636,5338977,1833449,287886,251224,6397159,10126490,79471392,43823835,1007368,6517824,731714,27390651,61587391,60117687,1469704,9669166,113814133,94354536,31205866,3281441,26387809,4712669,3918921,8849470,1478810,5672958,912296,6227955,1706342,615382,3947604,14896611,29352185,22929080,63070,6360035,40334335,4057873,3204646,659248,193979,36276461,84460304,21141933,9709677,5780092,5652164,12320529,47424313,3573529
   Income from sales and operations [1],1094782888,16551124,916708,3866693,2494225,9273497,10387314,7115344,686017,2585952,445293,165958067,43091961,5760529,117105577,23130809,3033877,583407,1327098,45449,2530069,0,2463018,33788,638063,472858,406974,495055,3115755,1698771,331480,595492,475269,1285810,3598574,45537760,19885472,19080323,6571965,149635711,28922434,2694462,2511472,5544539,22541962,7242840,17072652,8235331,5469393,1870579,24515000,23015048,78396726,1059342,528245,59908385,8337016,10393,299633,3481108,4238185,534419,9143804,1326695,2620521,3496533,1700055,47587730,2562576,19976808,1618047,2573835,841129,394559,14549237,25048347,21318344,3730003,52447843,49444142,1896395,35004177,12543570,3001273,565806,12664,46998,118875,705546,1551384,2428,157202451,37515660,4262064,9368654,12299177,4848072,5275023,1643054,281804,251224,6283743,10035447,77437705,42488810,987671,6345987,709778,26905458,60756984,59291585,1465399,9594455,112014363,93005763,30453969,3152825,26300802,4665852,3868077,8773798,1474270,5587327,912215,6133837,1682793,611147,3921846,14475607,28482702,22107756,62993,6311953,40028533,3994374,3145987,657742,190645,36034158,83394492,20857369,9494418,5733207,5629744,12246821,46888590,3401713
   Other business income,16859034,298701,36195,17040,49598,195868,395539,341653,16564,37322,8403,1569016,153736,167161,1248119,185905,20437,305,2170,0,22750,0,12976,394,2035,184,18019,946,40829,6734,5056,1548,850,20041,30631,355261,90070,238853,26338,1685548,265637,17398,15429,13740,293068,98384,371075,23353,19161,8955,192927,366421,748161,14594,4005,421518,167680,0,72,132295,3183,4814,284771,23763,94223,34963,131822,1446202,100186,733646,10510,36336,444,6181,680175,612370,495042,117328,1525304,1437173,51423,1168331,217419,88131,14251,6787,0,69,7449,59576,0,3364562,511103,89299,178019,347995,87564,63954,190395,6082,0,113415,91043,2033687,1335025,19698,171837,21935,485193,830407,826102,4304,74711,1799770,1348772,751897,128616,87007,46817,50844,75672,4540,85631,81,94118,23549,4235,25758,421005,869483,821324,77,48082,305802,63499,58659,1506,3334,242303,1065812,284563,215259,46885,22419,73708,535723,171817
"Business deductions, total [1,2]",754741386,13684623,778614,3413382,1626480,7866146,7797736,5371434,625868,1800434,344541,129357509,35407666,4587282,89362561,18639873,2655853,435098,1018380,15994,2043456,0,1975453,30099,421121,450479,337648,420973,2559713,1288606,266165,498894,408298,1043502,2770143,39335713,17521720,16673356,5140637,132704757,27211003,2199630,2189256,4847738,21397165,6197200,17024891,7042424,4864158,1665727,19838116,18227450,63381820,837031,324070,50077505,5562640,9643,245994,2835809,3124751,364378,5706810,796489,1586283,2348695,975343,27769331,1941275,11983526,1247020,1835890,505429,368755,8026432,13844530,11992379,1852151,28503196,26199576,1181658,17186153,7831765,2302167,445111,14780,40926,105685,569803,1125863,1453,77954707,20002854,2251095,4790544,7314906,3188673,3031927,707817,172534,213955,3768048,4568808,35258452,15806311,368018,4095412,386202,14602509,36507623,35323260,1184363,4924520,61483584,51189079,14995357,1392647,17106035,2877714,2719092,4023959,921749,2807896,497636,3040656,806338,259879,3029133,7005492,16356580,11488256,9380,4858944,35199386,3290179,2593259,544612,152307,31909207,53635537,17028915,7894712,4651373,4482830,8413913,26844408,1348300
"   Cost of sales and operations, total",296797199,5985710,434423,1293695,251362,4006231,2624925,1530551,325191,769183,75146,64315656,22083146,2489551,39742959,10193202,1469381,108533,486670,99,1315283,0,1004989,5527,234624,314752,202499,204828,1474354,661056,154648,217460,203386,549108,1586004,29690442,12909509,12990044,3790889,97562514,22639348,1259029,1484648,3382446,16536138,4476676,15008601,4288512,3314127,1275003,12881437,11016549,7314544,282407,85713,5170552,139822,0,24181,1137740,343324,130804,1688116,271899,269782,900938,245497,6286912,750783,4682453,791417,1040868,306478,253905,2289785,853677,794269,59408,5522111,4866229,130140,1314838,3421251,655247,53333,9142,15376,62729,219592,295075,635,15348428,1825125,7713,245078,2111770,829635,1201828,57785,17183,5338,1707755,1305158,8145829,2486662,52622,1865675,127717,3613152,10149285,9879291,269994,424972,5017927,4431151,1049197,31754,1466627,137642,735565,293105,18721,324069,37681,258729,78060,14244,332207,240326,3687022,2130807,159,1556056,15103492,580087,362151,199857,18079,14523405,15614709,7667635,3449732,2236810,1981094,3363148,4557409,26516
"      Inventory, beginning of year",24136153,427479,139021,75299,38141,175018,67515,33394,6475,27646,1193,2497671,1235573,402653,859446,1212834,190486,14673,41676,208,121416,0,69976,0,16976,10186,51861,884,135047,59538,16216,52730,102047,31468,297447,2312476,1571899,651802,88775,13137277,3360904,372657,234100,592274,1572592,473685,314806,1367724,1086718,284415,2397560,1079842,150593,14842,4603,50110,174,0,0,44184,130,36550,69829,26685,16283,26804,57,210636,74389,114176,7,17305,12406,0,84458,22071,19947,2124,976816,853695,40636,156420,656640,122487,22361,30257,9958,2604,34053,23254,635,583663,27708,14,23643,25725,564,21010,2315,0,1835,124704,69361,312508,111379,2791,26093,20095,152152,267120,254806,12313,70666,258291,238276,45100,10858,13029,3795,84514,31071,0,17697,16341,11135,4738,1,5206,14808,337418,253972,0,83446,476720,66276,33318,32751,207,410443,1076864,465913,213319,70584,182009,254972,355855,125
      Cost of labor,25155616,328379,45939,74655,45820,161965,423386,222485,47092,153809,122,11814303,3869076,629924,7315303,976047,49880,5212,62303,0,168521,0,31758,0,4775,48192,52029,244,219569,108380,16648,17077,35752,6899,148808,437146,186043,212589,38515,1096508,313754,70108,35372,160511,73561,82844,9987,119163,15532,555,123271,91849,971206,806,762,683353,55382,0,8587,200439,3692,18184,285564,110558,63842,48642,62522,98272,17147,38459,0,13549,0,0,24910,42667,41768,899,290437,193081,1925,78627,112528,97356,742,0,0,0,46132,50483,0,2363174,146590,169,152147,478388,199865,232671,32703,8171,4978,133180,423214,1029486,674601,19970,48400,0,286514,1579749,1549265,30484,128623,799883,678271,51311,21620,233163,7182,10213,95610,2523,52692,120,202846,991,0,65552,56060,274717,153877,0,120839,1434713,118654,115707,49,2898,1316059,1853372,691842,310888,290947,90007,368948,792581,0
      Purchases,191964206,4748773,239955,1041812,56464,3410542,1069265,617301,191052,260912,67622,19518027,5709394,881432,12927201,6564640,1238144,69302,281607,99,858922,0,595887,4098,106990,92499,132314,179912,767008,404803,124679,193120,151552,331645,1032059,25974163,11792001,11456582,2725580,89331068,21069887,1057498,1330615,2985203,15541918,3847851,14299035,3915478,3110959,1129333,11660731,9382560,2572914,15714,9232,1574943,67842,0,0,562316,249850,93018,640277,6101,62776,472063,99337,2611492,222396,2283791,702293,245828,325754,119498,890418,105304,99226,6078,2930388,2656522,59522,451186,2145815,273865,46565,1891,10116,62067,65608,87618,0,6151940,100528,1610,25317,399254,82746,308859,7250,248,151,1016085,527139,4082006,831443,6906,1238822,9112,1995723,4585976,4441927,144049,144039,1486426,1348256,228507,1722,183101,80608,546130,156073,113,70044,5234,12623,64099,16591,22672,98908,1816015,889984,0,926030,12123925,362505,153016,203935,5554,11761420,9491085,5091897,2511237,1237440,1343220,1868020,2506936,24231
      Materials and supplies,42183943,267228,16338,13831,50993,186065,107182,45110,12433,49640,196,22861602,7463523,579227,14818852,1741479,112148,29646,67278,0,243982,0,278083,0,40301,164244,16088,22606,289195,103769,2191,14484,1706,92587,263171,1490484,467727,530311,492445,4666624,772813,116282,12941,179084,629579,347278,337980,230226,247806,35071,879892,877670,674645,15020,3007,528606,152,0,13380,112560,1921,0,151239,33263,54917,46270,16789,26463,2139,1462,0,0,0,0,1462,22862,21800,1062,390051,276949,3872,79338,193739,113101,896,0,0,0,64860,47345,0,2034187,24720,3,34983,446812,253679,184629,6933,1571,0,213688,126085,1187895,402367,16076,243278,12635,513539,2164483,2163098,1386,47401,1046203,987814,328645,3589,336759,12739,120237,20703,10731,116638,18011,15891,3871,1531,2894,53963,279485,164904,0,114580,932574,18970,18967,2,0,913604,3243918,1509886,498368,584789,426729,956922,774996,2114
      Other costs,39096156,574567,47845,162859,74406,289456,1045959,650462,75104,320393,7208,10140821,5036592,436940,4667289,1039144,128003,5977,74173,0,70582,0,94738,1429,78613,9255,8554,4553,207751,51447,13672,6443,15514,119843,148597,1995781,568060,885613,542108,3432094,642946,39154,24524,122253,339408,220830,356717,140527,86126,120719,470050,868839,3082379,249621,72588,2367433,16447,0,2214,268487,88149,17439,620966,122560,93448,333251,71706,3573197,504278,2390198,89369,784076,759,134407,1381587,678721,627976,50745,1993974,1806797,64068,713549,1029181,187177,8404,368,3788,0,41176,133440,0,4893246,1553815,6446,24616,814116,299475,496491,10952,7198,0,358700,227763,1907790,571652,10177,385050,109122,831789,1804618,1712493,92125,96503,1720872,1453166,461238,4254,717534,42672,65023,21161,5353,86512,14161,25745,9512,35,242426,25245,1331075,936003,159,394913,676794,89542,73322,6566,9654,587252,1049210,405578,130995,118270,156313,176874,466593,166
"      Inventory, end of year",25738875,360714,54675,74760,14463,216816,88383,38201,6964,43218,1194,2516769,1231011,440625,845132,1340941,249281,16277,40365,208,148139,0,65453,0,13032,9625,58348,3370,144216,66880,18758,66395,103184,33333,304077,2519608,1676221,746852,96534,14101057,3520957,396670,152905,656880,1620920,495812,309923,1484606,1233014,295089,2650067,1284212,137193,13595,4480,33894,174,0,0,50245,418,34387,79758,27269,21483,26092,4913,233147,69567,145633,252,19890,32441,0,93050,17948,16449,1499,1059555,920815,39882,164282,716652,138740,25635,23373,8486,1942,32238,47066,0,677782,28236,529,15628,52525,6693,41833,2368,5,1626,138603,68405,373857,104780,3298,75968,23246,166565,252661,242298,10363,62260,293748,274632,65602,10290,16958,9355,90551,31512,0,19515,16186,9511,5151,3914,6543,8659,351687,267934,0,83753,541233,75859,32179,43447,234,465374,1099741,497480,215076,65219,217185,262589,339551,120
   Advertising expenses,10173220,58259,4850,7860,17872,27677,17380,11421,969,4989,7684,829189,129508,19290,680391,166715,28191,9126,19417,99,3825,0,35741,5,1804,2417,781,701,12760,6368,3313,6923,724,3126,31393,254096,133584,89516,30995,1335694,189188,55106,29075,64853,83036,68176,18051,171172,53708,9487,280235,313608,200369,945,418,87133,51516,6,36495,13123,10378,356,109660,14042,34751,43706,17161,875923,63852,162435,9326,9607,2236,12184,129083,649636,577837,71799,1326397,1291629,14008,1092927,184695,34767,1074,0,899,3801,21139,7855,0,1794249,871768,19136,87235,62716,40115,10277,9551,2542,231,51835,144536,557023,210047,12223,72400,5033,257320,458392,445696,12696,170442,950906,875363,172882,14539,326677,145128,40736,66015,21364,44239,3427,35835,4521,607,23811,51125,286591,202748,165,83678,580837,73082,60512,8818,3753,507755,737507,189316,68829,71507,48980,120955,418230,9007
   Car and truck expenses,66133657,771319,30551,263317,73342,404108,234763,82752,4293,147718,51693,11873910,2248527,274435,9350948,764800,190336,21988,35314,3043,90731,0,70428,63,13699,1210,10401,18160,56478,71001,2604,28465,23723,39866,87290,1168231,459409,485714,223108,3384529,335167,86647,66993,125654,124923,80735,47858,106668,69612,53695,885203,1401375,21420159,7990,19781,18255638,1224833,18,1176,340780,1546623,23320,332961,77667,68708,130484,56102,2042263,60434,324292,5189,26379,4037,6332,282356,1657536,1374476,283060,3817289,3632792,58881,2868400,705510,184498,72149,0,135,1717,40522,69975,0,5480395,885381,110305,590337,632625,224719,160909,180742,21382,44874,226215,294933,2740599,1445380,24357,236652,16744,1017466,4978277,4914255,64021,581576,2812414,2031871,361064,81449,178156,77908,54822,449228,19959,273843,25268,446397,63776,4398,154667,621479,1135207,953214,233,181760,553285,66250,42529,19226,4495,487035,4541197,916152,404914,280346,230892,1060189,2180344,384512
   Commissions,11106179,62207,32348,15510,7279,7069,53744,34234,563,18947,2262,554451,100394,9398,444659,109425,26437,54,13108,0,1499,0,6376,0,6065,5878,793,195,6378,26757,4256,4196,0,28,7404,522596,251537,107123,163935,1146841,235380,11265,2505,30391,70629,50356,48228,31159,23091,411,182197,461231,882248,3090,104,649718,123868,0,863,11841,90103,2660,233952,7717,41373,146536,38325,1797704,53692,690558,27225,110953,29923,1946,520510,1053454,867492,185962,2341333,2293842,18800,2067566,207477,47342,36278,0,3711,0,3677,3676,150,1037788,149822,53894,93067,98175,60610,26434,11044,66,21,31844,59353,551633,304732,3048,54441,3505,185908,436629,430703,5926,48759,318426,262033,83565,10153,76220,5822,1873,8252,3,16745,87,36456,22857,169,6136,50088,639600,606849,0,32751,158638,41569,35481,323,5765,117069,753225,65857,57607,6588,1662,97196,588464,1707
   Contract labor,35420947,473704,5585,217541,48399,202179,312400,142558,15770,154072,67525,11876253,3173237,89165,8613851,640777,104661,106203,11868,0,12198,0,37760,57,6028,1079,139,1261,88935,43829,6294,107713,459,87012,25280,451045,135684,197195,118166,902781,172161,24824,26398,14275,33964,45274,22871,38784,71670,3929,194729,253902,4812400,2610,3281,3847865,272834,226,25232,140263,461646,58443,325843,52192,111167,117532,44952,828528,31148,308221,5595,96272,4837,2732,198784,489159,382738,106422,870471,833700,15851,600054,217795,36771,8927,0,0,0,12812,15031,0,4861293,753857,125749,351829,533090,212121,205886,22084,623,92376,177854,397224,2521689,1495820,34857,316910,15040,659062,2966087,2956356,9730,229039,2181071,1847041,528749,92812,377615,107745,62337,263093,16853,135554,53834,162436,46013,9017,77835,247177,593758,466862,319,126577,408526,60585,35735,24160,690,347941,2581480,615769,250110,209160,156498,311043,1644635,10033
   Depletion,653824,2256,0,65,0,2191,581449,554026,22496,4927,2835,3504,23,28,3454,1775,0,0,0,0,0,0,0,1767,1,0,0,0,4,0,0,0,0,0,4,11045,97,10948,0,1621,1006,0,0,60,1,0,43,1,0,401,90,20,1176,51,10,531,583,0,1,0,0,0,241,1,0,236,3,787,157,552,0,91,0,0,461,78,56,22,3393,3162,7,430,2725,105,1,0,0,0,0,104,125,18032,3462,482,1,4244,2,3865,378,0,0,27,11,9805,7591,0,0,0,2214,7153,7153,0,28,5392,5113,2917,0,1027,0,261,9,0,899,0,0,0,0,278,1,40,23,0,18,714,0,0,0,0,714,12244,8129,8114,0,16,0,4115,0
   Depreciation,22379290,923637,30678,289323,127522,476114,601244,431320,30760,139164,15499,3906450,693685,261631,2951134,713137,59700,13168,46252,0,68688,0,53722,2329,12551,12740,6998,4403,135532,108321,31459,8668,17010,59262,72334,368173,203810,126542,37820,1245819,165664,25236,32084,121657,156265,43758,97864,78835,65069,10896,276683,171807,3153167,29761,40520,2688880,195569,0,26699,101145,59023,11570,188212,6800,95949,65770,19693,471414,35064,127224,2380,25784,3912,8856,86293,309126,265745,43381,1458023,965052,147114,637965,179974,492828,130132,0,850,293,40032,321522,143,2423419,386138,50206,192839,237663,100367,106279,18879,7980,4158,101322,146488,1308763,572022,16979,74332,7468,637963,1354567,1264815,89752,144988,2072195,1817572,433685,35075,826621,108347,112148,110241,28197,87669,12243,36809,26539,7880,62349,184394,761538,539837,35,221666,876106,253445,208050,35211,10184,622661,1657034,602436,310937,125402,166098,189199,827621,37779
   Employee benefit programs,2384893,4645,450,965,350,2880,15837,5169,8652,2017,2109,227795,19784,11742,196269,64249,2804,79,337,0,2524,0,3639,346,4133,2074,1696,892,10919,6996,1100,1309,660,9804,14936,51224,22878,21613,6732,193763,39189,6531,14730,10131,17212,25312,5761,13568,5507,1561,38666,15595,54235,3651,725,34217,7457,0,274,7593,0,319,17636,9810,695,1782,5348,149922,1621,54584,1674,4111,1078,488,47232,93717,84093,9624,68723,65232,3480,46541,15211,3491,152,0,0,124,1486,1729,0,589916,208997,50441,24070,73000,26804,28533,12618,4973,73,4790,40370,188248,67086,7433,10056,7615,96057,102087,92950,9137,5966,611936,555620,229282,3787,181057,27192,33158,23696,6333,24471,5401,16631,4612,5556,37223,13536,56579,24814,0,31765,63443,10814,9262,170,1382,52629,104224,50265,13909,16787,19569,20436,28266,5256
   Insurance,13183101,234622,5511,82915,42612,103583,91280,46331,9325,35624,5946,2893228,569018,104797,2219413,222962,25912,4358,10058,0,14322,0,17521,65,9374,8124,7183,7651,45215,14817,2308,2001,5786,16933,31333,219881,115835,91753,12293,847812,169744,21029,21599,49888,136048,34085,58235,68282,40298,7396,144257,96953,2229005,9272,7670,1782840,296687,3,4268,76313,41325,10628,48662,6269,17202,21894,3297,416642,9255,88926,3304,13209,768,2592,69054,318460,286118,32342,371053,337410,31237,230206,75968,33643,3784,439,380,1706,6529,20803,0,1260425,505887,43050,62006,177357,76966,67949,21390,7486,3565,25772,32270,414083,172048,4858,35914,1889,199374,825505,784233,41272,65525,1914612,1724385,847426,61366,372768,87742,37287,88585,57880,90098,11205,55034,14994,6129,56213,127884,168966,107651,0,61315,465311,91337,73918,12900,4518,373975,878302,353279,167442,92968,92869,156914,364511,3597
   Legal and professional services,7671804,83633,13287,10501,31108,28737,75768,48926,8441,18401,4292,663889,168204,36498,459188,128394,22306,4608,8376,99,6897,0,11825,372,6086,7395,3047,1503,17827,7845,1554,2075,1129,3549,21901,183469,65118,69941,48409,538879,56264,13950,19578,13093,66783,31237,26395,43840,26129,2924,121036,117652,244277,15373,1948,156882,28618,0,804,15308,22696,2647,68795,6223,31339,21347,9886,442904,29917,216570,7889,9468,10976,1857,186379,196417,150298,46118,654714,639899,21403,443258,175238,14630,3175,83,262,68,3841,7201,185,1892585,669167,29862,66451,133906,49624,69593,11426,1478,1785,50316,77987,864895,543301,18374,37233,15419,250568,385311,372383,12928,97364,1186688,1073380,364636,47868,245738,74407,36545,120406,21038,60143,37939,46833,17827,8183,33681,71444,330112,286389,166,43556,211801,23681,18840,3166,1676,188120,447982,100518,49286,18228,33004,59241,272450,15773
   Meals and entertainment deducted,6836159,49870,3564,3345,18188,24773,48372,27395,104,20873,4807,537574,123156,35732,378686,58241,2265,1748,13522,17,6175,0,8068,23,1912,1115,568,1371,5385,2431,862,598,1330,1462,9386,130741,41317,59460,29964,308503,22883,5412,7315,14528,4674,13267,4684,15648,9203,8124,93030,109735,1840975,83795,652,1653176,58830,2,46,21488,22553,432,53794,3638,13679,22551,13925,404435,13985,115518,2240,10787,4479,2250,95763,274932,236467,38465,422485,415718,30473,316764,68481,6766,1478,70,102,29,423,4664,0,995615,180430,24179,50839,56193,16158,30471,8441,561,563,37244,59230,587499,372883,7187,40285,3487,163658,274896,265120,9776,75634,992403,329580,76232,13750,61667,31549,9136,53793,5960,32173,1648,29976,13696,2527,64170,596127,239149,213565,229,25355,60874,19158,13587,836,4735,41716,305664,55506,31492,14615,9399,46070,174548,29541
   Mortgage interest,2157567,40913,2198,13314,2951,22450,21737,18690,429,2618,1373,196568,63669,13444,119454,48843,9421,2425,3991,0,7970,0,3355,11,1386,245,161,0,7961,22,0,997,3316,4649,2934,43426,24355,15483,3587,260237,33267,16376,2450,14530,47121,2076,44332,9576,35402,4477,39602,11028,168062,2718,2043,99237,49522,0,8801,4956,131,654,2739,0,1937,802,0,70357,1736,21557,353,1853,1331,187,17834,47064,43555,3510,312177,276103,80839,117815,77449,36074,3735,0,0,0,5973,26367,0,173890,77300,6049,12710,11569,5349,5826,372,0,22,1284,3228,61751,29092,885,6958,0,24817,96468,84762,11706,22758,280810,206823,31803,2859,103606,34064,3447,2109,13,5566,105,22865,386,313,31414,42260,38537,27408,0,11129,188537,125115,114756,2401,7957,63422,189255,86362,27962,26284,32116,33327,69566,0
   Other interest paid on business indebtedness,3645251,90175,4011,29069,14258,42836,52003,30073,3893,18038,1553,484638,132518,29702,322418,94048,14109,1427,1632,0,5426,0,19301,0,1677,3328,943,618,15006,8107,794,6765,152,1932,12830,102299,50009,48426,3863,450129,107326,8453,9251,16681,49352,26525,28439,29265,22137,4186,89246,59267,318318,6909,5207,273307,10596,0,753,9096,6113,6336,19643,1828,11944,2955,2916,203306,32443,52062,877,971,1052,798,48364,118801,111273,7528,267053,223148,46001,83968,93179,43905,6999,0,131,900,8766,27109,0,441284,116783,18686,31871,36152,16713,7838,7427,4116,58,15421,10169,212202,111330,602,24594,4982,70694,192500,186561,5938,14367,409011,372892,69167,5178,204959,16586,19765,9520,6435,8300,7059,24420,1502,3326,18066,14727,51122,23590,1,27531,205673,80118,76405,3325,389,125555,244972,116612,58920,16102,41590,30442,91764,6154
   Office expenses,9002536,39910,5781,5431,3412,25287,23862,15587,1195,7080,1068,745286,139386,20321,585579,117673,20812,3238,9826,0,6841,0,9969,45,6766,1121,1441,2781,17496,10991,1295,2933,1151,6060,14907,194803,85572,73907,35324,700416,61731,12627,13377,45693,35753,53048,20823,64910,32533,5536,177280,177106,285661,3597,626,205942,27231,0,1455,16122,28316,2372,124732,16901,21920,41120,44791,764257,64429,209336,3303,17781,4267,4469,179515,490492,418056,72436,658427,649101,14427,510439,124235,9321,3181,44,335,137,1039,4584,5,2114412,791360,110869,196986,126213,50871,35891,35774,3499,178,54900,62951,771134,419071,14411,48848,4928,283875,457672,445887,11785,121728,1583252,1434917,402356,70682,425620,136669,60674,178591,33906,65321,4944,39616,16537,1141,21717,125476,218831,182609,164,36058,128276,18607,12210,5690,707,109669,702086,141513,74171,31806,35537,103471,409804,47298
   Pension and profit-sharing plans,1175764,2429,0,877,0,1552,3497,1249,1376,872,0,23559,3258,4188,16113,13404,311,131,5,0,1562,0,262,274,710,1224,0,121,3135,1572,532,1682,50,0,1834,21100,7248,7655,6196,35110,1944,471,410,3100,1443,5060,583,965,1542,1291,7371,10931,6578,36,3892,2070,135,0,0,437,0,8,3205,681,1525,640,359,361068,2416,319496,262628,1371,180,22,55294,39157,35517,3640,25459,24456,235,13991,10230,1003,10,0,0,0,571,422,0,248980,89205,13664,16303,13316,7496,5112,292,49,366,587,5839,110066,80900,1336,1265,2924,23641,15772,14933,839,3213,382927,380373,166427,8009,170780,5018,8749,7152,3523,7197,2653,517,347,45,1325,1183,10311,9472,0,839,11010,1051,839,212,0,9959,7931,1450,147,1008,295,508,5882,90
   Rent paid on machinery and equipment,6745175,137687,726,67442,13313,56206,42133,17990,4867,19276,1435,846044,149616,56514,639913,58442,2910,6795,2897,0,2869,0,17426,0,216,4366,880,1821,2918,1325,1439,494,6264,222,5600,127809,78695,44221,4893,416390,59742,13201,18751,4209,77748,36851,11786,17763,8382,4208,122799,40949,2297002,7766,9721,1131459,1058634,0,21969,39806,25811,1835,56207,3510,37200,3030,12468,139131,4991,68083,2557,6633,326,248,58321,66057,56549,9508,195748,172627,1640,131680,39308,23121,2118,0,0,325,8166,12511,0,635088,167247,29631,52291,55570,29955,23919,1044,649,4,29519,10782,290048,105752,4282,14549,10661,154804,255262,242732,12530,63561,519993,434226,139904,8522,80971,37314,12230,57909,7021,64394,6083,15336,4541,1087,12763,71918,167637,99511,148,67978,112688,4255,3557,58,640,108433,667539,184729,90991,36445,57293,37390,443141,2279
   Rent paid on other business property,27014243,109772,2062,6374,45243,56093,53072,30220,939,21913,2809,1192407,248721,39342,904344,610362,100268,8009,109137,0,40567,0,51319,379,8524,2722,8334,28492,50938,37216,7197,18730,10518,48203,79809,684554,360732,282901,40920,3724556,388977,149084,34003,111742,654841,210200,182793,614745,172806,68371,728583,408412,429469,5505,1814,254321,93408,1,2390,29895,31198,10936,188247,5689,79294,74169,29096,1241555,40937,378926,20055,23911,6400,15144,313416,821692,734931,86761,711933,640549,50225,450848,139477,71384,12183,102,4760,13912,19443,20984,0,3552848,1599903,179723,322828,210031,97844,93242,14709,3352,883,101529,102437,1036397,458003,10283,85595,4945,477571,540318,513745,26573,469932,4797069,4222351,1258147,208395,1065349,450486,232997,542922,164133,202863,12928,71968,12163,9723,160981,404014,763092,461324,142,301625,2708784,121572,99862,21410,300,2587212,5170306,813091,449698,140312,223082,248418,4007099,101697
   Repairs,12279551,459445,6605,167703,96441,188696,148641,74685,30617,43338,3199,1398479,189454,100760,1108264,276277,37309,5446,7164,400,72637,0,25383,403,9964,5506,6494,1541,43419,23229,944,4820,5578,11925,14118,223581,117357,96372,9853,773748,140885,14184,14291,31510,152777,35024,74741,55514,33596,7351,114253,99621,4410457,12389,18836,3987635,274542,0,4477,64062,41038,7479,36848,10549,9830,11456,5013,190352,6594,42699,437,2778,1506,6447,31530,141059,127464,13596,485814,433100,82318,213580,137202,52713,14169,6,67,487,11842,26143,0,724991,143583,29732,82172,138756,93085,36951,6188,1497,1035,13064,28045,289640,113117,2633,11808,2420,159661,735010,627315,107695,75042,794887,603647,163439,13374,240983,47420,20475,29332,9495,31843,6162,29545,11580,1694,48625,140921,177390,115449,19,61922,598161,154920,132244,17082,5594,443241,747567,225612,94167,47746,83699,77386,430693,13876
   Supplies,25915462,419718,32697,82669,101218,203133,84248,51082,4335,28831,46750,7194314,1280146,159331,5754837,568189,43544,39087,36577,11153,37229,0,122124,35,15265,450,1465,13225,41667,17350,616,7196,47372,29722,104113,526879,295115,178303,53461,1592030,172770,46212,48356,41124,225964,83237,36093,98790,74210,5557,386677,373038,933409,2212,4174,748804,61907,14,1426,69753,36818,8300,219435,20284,99809,70724,28618,429649,20368,114063,14501,5107,1643,19885,72928,295217,263942,31275,528338,493969,12006,364625,117337,34369,2790,3,172,1543,8720,21141,0,2188600,377846,32928,171782,318713,157838,139791,16899,2459,1726,128018,147401,1011913,355819,6739,45201,5030,599123,1946417,1907722,38695,309550,3758652,3113184,948955,37692,1326425,220808,67289,114882,78112,167225,24089,89062,38645,5229,98694,541545,522012,425477,156,96378,919494,127750,114632,6816,6302,791744,3649783,910279,492227,164016,254036,468657,2212603,58243
   Salaries and wages,63325769,978546,13939,186376,26719,751513,455047,230445,68089,156513,13277,6160703,875937,334994,4949771,1473089,172196,36586,44141,0,131299,0,171615,9713,26508,39498,24747,87589,292987,72558,14827,23326,8702,68346,248452,1311310,727544,484288,99479,5661556,849878,167875,90289,279796,1233072,425751,505273,420039,231625,57413,961962,438584,1948756,35221,66307,1409264,109914,0,17211,279788,12603,18447,295203,57798,61850,125258,50297,3912308,126747,1351482,37322,84472,5407,5703,1218578,2434078,2307820,126259,1321596,1156380,65991,702382,388007,165195,17478,2505,8694,10146,40445,85927,21,10416353,4196773,666787,618287,872824,365256,359965,69059,56004,22540,149389,535481,3376811,1139453,56722,299537,71421,1809679,3322312,3172384,149928,327647,15259829,13392004,3936239,200910,5840464,503997,687099,563433,213840,331351,91009,933650,90011,90581,758492,1018753,844803,379107,130,465566,5320250,399221,316120,42951,40149,4921029,4224132,1433858,578091,497042,358725,603068,2185279,1927
   Taxes paid,13995692,219686,5636,46788,42520,124742,218220,179579,9325,29316,3483,1577690,307747,84204,1185739,314092,35052,11434,14245,17,22850,0,48765,1560,4528,6947,10273,3603,48802,27131,2118,4039,5493,9137,58100,246311,124047,103630,18634,1795409,282949,55949,31037,94293,347639,76977,179186,140650,85488,27892,303556,169793,1021241,6582,4551,857290,80652,11,2155,52384,10328,7289,50193,9118,14136,19658,7281,507477,18853,170804,6815,21313,1686,928,140063,317820,294477,23343,565320,518194,101466,310990,105737,47031,3482,350,2070,1199,26077,13853,95,1657894,527330,84971,103798,150309,56788,51865,14912,10961,15783,43293,72229,675964,279057,5550,45805,10450,335102,625012,591473,33539,91143,2062439,1757665,509758,37181,714684,80226,93266,92453,27588,57914,26243,107618,10734,11788,143519,149468,257540,143341,0,114199,1531123,233287,199434,23900,9953,1297837,1232895,543547,244288,159900,139359,157757,527113,4477
   Travel,9954779,114579,11307,14462,30855,57955,51926,34497,561,16867,594,679379,123260,36545,519574,143506,18261,1267,21778,0,10934,0,19174,1008,3471,7617,1190,11968,7569,6506,3011,1598,4331,5761,18062,451271,159391,211335,80545,632183,60100,18200,16544,22582,19164,30457,4162,47890,21466,1204,170192,220223,851124,175759,1358,551483,72629,4,3299,29397,16763,432,199157,17694,53896,57975,69593,508519,15719,193043,6509,9453,6622,4008,166450,299757,230718,69039,428835,411475,14647,278065,118763,17360,1179,1378,181,0,979,13643,0,2942151,282915,34185,96305,165041,33461,97342,27720,5144,1374,98910,188342,2076453,1421514,31861,105660,8749,508669,455204,446882,8322,235092,877462,739595,210059,66851,92653,51142,14794,89199,3921,134898,20120,39687,16270,2282,24488,111097,772969,716662,2992,53315,76081,10597,7721,2818,59,65484,488875,58570,27621,20621,10328,60854,267887,101564
   Utilities,20332842,184869,15919,24672,30183,114095,89589,65415,4352,19822,12187,2303842,470804,64288,1768751,473702,60781,9811,33520,705,39638,0,56234,162,15738,13451,7267,22640,51326,38395,3823,12984,7423,36467,63338,400103,203016,144271,52815,2158237,242127,60421,46212,92637,466494,83992,166575,160708,102852,44157,420374,271687,974540,4036,2994,681157,125128,9,12508,70830,72015,5862,227955,28286,58202,79514,61953,867734,34096,176900,4967,20181,5647,6662,139443,656738,566085,90653,1184210,1132547,84246,820801,227501,51663,6066,394,1069,4387,16731,23016,0,2894861,771919,93499,301351,210422,92833,70873,34959,7026,4732,127435,146603,1243632,626046,13589,104147,12192,487658,1203554,1183454,20101,226977,2078793,1567069,373076,63089,424164,129842,64122,209184,43572,111162,21565,107006,20286,3146,84116,424462,508505,355989,68,152448,1720775,330597,272242,45953,12402,1390178,2747443,607320,292526,140337,174458,296423,1739907,103793
   Other business deductions,76289232,2169926,113972,572470,586163,897321,1878572,1697719,69229,111624,16278,7798147,1880417,290290,5627440,1217486,180140,32242,83375,362,117821,0,140736,5929,26683,7216,37426,5588,118380,86712,19944,33604,53739,44968,222622,1800878,885484,681369,234025,6475743,763426,124504,122864,257446,845522,227103,431501,474494,349245,60225,1072770,1746643,7316108,131366,41658,5383381,1152564,9349,49470,294906,203787,49627,1018500,143052,356279,335666,183502,4616488,496519,2035253,26290,285422,100476,9952,1613113,2084717,1689212,395505,4323234,4105174,145709,3080145,879320,217965,60193,265,1733,1848,53010,100917,94,11987717,4199411,389936,815632,735979,473108,143254,100894,8929,9794,364839,553234,4928685,2327005,28248,442461,39157,2091814,3848720,3618171,230549,850997,9092821,7541329,2572858,247109,2273245,338092,307675,529683,132024,453608,81923,323607,281506,68075,688527,794889,3478378,2459454,599,1018326,3072423,435187,356826,66306,12056,2637236,4962046,1196543,600463,286069,310012,695671,2759415,310417
"   Home office business deductions, total",7868828,43719,563,5224,13070,24862,13954,6090,96,7768,591,795210,178456,17104,599651,140596,17040,7334,5170,0,23670,0,35434,0,3097,5,2175,21,4322,5360,1228,10,0,5295,30437,124393,51366,38469,34558,464631,19503,2593,33497,5418,3667,17358,14,46549,8351,34,109971,217676,181369,1623,61,138039,15732,0,43,8079,14172,3620,168878,18769,86880,37968,25261,224919,25507,75264,4166,7111,163,1161,62662,124148,88720,35428,574649,560315,9961,449962,100392,14334,1043,0,0,333,11346,1612,0,2047473,197410,41857,172803,141367,68221,44053,22640,3975,2477,217984,116062,1159990,600040,8350,112665,4428,434507,484612,483678,933,211270,1282114,372230,60214,30088,25247,22538,941,118090,1857,54446,2191,52006,4611,2739,83138,824008,493571,448770,82,44719,84123,27418,25872,1024,522,56705,517412,51878,38714,4399,8765,129371,279457,56706
"      Depreciation, Form 8829 [3]",849161,6254,23,682,2186,3364,1061,553,35,473,225,79231,17719,1561,59951,12868,1820,837,810,0,4141,0,3085,0,168,2,184,0,1046,129,0,2,0,118,526,13237,3924,3738,5574,52456,1951,463,7105,306,48,2689,4,7153,924,0,6377,25436,19735,0,28,16864,719,0,16,419,641,1048,28364,2091,17092,4831,4350,33065,1107,12612,267,1750,29,96,10471,19346,14852,4494,60765,60136,1547,47386,11203,629,152,0,0,58,401,18,0,244298,25297,5573,18850,15945,4276,8983,1158,910,617,15619,17797,145216,86236,2220,12467,852,43442,47463,47407,56,21406,127881,40162,9503,3048,2302,1812,230,12669,804,5141,0,4249,404,242,10989,76488,44208,36164,0,8044,3892,669,433,235,0,3224,51828,6990,6106,729,154,13084,23806,7949
"      Casualty loss, Form 8829 [3]",0,0,0,0,0,0,0,0,0,0,0,0,0,0,0,0,0,0,0,0,0,0,0,0,0,0,0,0,0,0,0,0,0,0,0,0,0,0,0,0,0,0,0,0,0,0,0,0,0,0,0,0,0,0,0,0,0,0,0,0,0,0,0,0,0,0,0,0,0,0,0,0,0,0,0,0,0,0,0,0,0,0,0,0,0,0,0,0,0,0,0,0,0,0,0,0,0,0,0,0,0,0,0,0,0,0,0,0,0,0,0,0,0,0,0,0,0,0,0,0,0,0,0,0,0,0,0,0,0,0,0,0,0,0,0,0,0,0,0,0,0,0,0,0,0,0,0
"      Excess--casualty depreciations, Form 8829 [3]",3895,0,0,0,0,0,0,0,0,0,0,318,0,0,318,0,0,0,0,0,0,0,0,0,0,0,0,0,0,0,0,0,0,0,0,0,0,0,0,0,0,0,0,0,0,0,0,0,0,0,0,0,0,0,0,0,0,0,0,0,0,0,0,0,0,0,0,4,0,0,0,0,0,0,0,4,4,0,0,0,0,0,0,0,0,0,0,0,0,0,0,9,0,0,0,0,0,0,0,0,0,1,0,8,8,0,0,0,0,45,45,0,0,3518,3518,3513,5,0,0,0,0,0,0,0,0,0,0,0,0,0,0,0,0,0,0,0,0,0,0,0,0,0,0,0,0,0,0
"Net income [1,2]",357074821,3165333,174289,470351,917344,1603349,2988758,2089231,76714,822813,115573,38177430,7837122,1343428,28996880,4680885,398462,148650,310888,29456,509363,0,500541,4083,218977,22641,87345,75029,600323,417531,70371,98146,67822,262349,858907,6556068,2451754,2646257,1458056,18655497,1976609,512230,337644,710535,1437875,1144100,420269,1216257,662784,213582,4869841,5153771,15765264,248019,208180,10252399,2931546,751,54833,777591,1117091,174855,3727074,558412,1128653,1183475,856535,21269112,721308,8730798,381538,775408,336145,31985,7205722,11817006,9821741,1995265,25503525,24711481,766503,19013045,4931933,791070,134946,4671,6072,13259,146105,486016,975,82623253,18024182,2100268,4756129,5332238,1746963,2307023,1125632,115352,37268,2629111,5557193,44224131,28029190,639538,2422264,345511,12787628,25084014,24798674,285340,4744706,52336004,43171004,16210672,1888793,9285815,1834955,1199829,4825511,557061,2866388,414660,3187298,900021,355503,918378,7891119,13010934,11452638,53690,1504606,5151364,767129,610821,114636,41672,4384235,30842608,4113017,1814966,1128718,1169333,3914831,20583558,2231202
   Number of returns,4728729,53622,7332,7087,7324,31879,16698,13605,4,3089,2445,469287,83883,6807,378596,57517,11270,299,1160,2317,2318,0,3634,1019,1229,8,5349,137,5057,4440,204,3168,8,4156,11744,39266,20215,12557,6494,254429,14276,4354,2041,2307,15156,16374,0,6520,5859,300,91519,95725,131628,2909,309,42194,41227,0,2000,8262,32418,2309,64551,12891,15067,18038,18554,62924,8594,15842,1313,1712,994,8,11815,38488,24610,13879,115335,110999,3524,68765,38710,4337,1493,0,0,0,2060,784,0,535639,49212,4400,78231,47390,16867,15873,9220,5131,299,29225,52326,274856,126317,6471,15588,8044,118435,758092,754998,3094,212832,592808,243907,36093,3835,3358,1847,3572,17470,1324,55271,8939,99892,12306,1979,18187,328736,332449,257146,1456,73848,58394,5926,1610,2294,2022,52468,723278,49390,23197,9066,17127,84248,531603,58037
   Business receipts,38789784,405584,73906,74700,53290,203688,90759,46878,383,43498,7936,4352324,852046,59363,3440915,392535,114221,320,14006,13996,11932,0,26876,104,8152,2183,27721,18535,46875,13512,10,29755,57,30950,33332,384201,240958,63164,80080,1437247,131809,28942,21241,26617,135598,126686,0,52811,29852,247,513010,370433,1040022,10691,4422,432829,290704,0,10063,53056,207010,31247,367647,84708,109916,102571,70451,657231,148273,292972,34241,16783,66933,61,174953,215985,107690,108296,1250670,1214218,14955,826868,372395,36452,6958,0,0,0,10821,18673,0,6431629,597333,29826,590746,587944,175838,315509,78329,17233,1035,350455,674468,3600856,2153482,115091,101811,77679,1152793,5967146,5941037,26109,984333,5378241,2735238,757238,27160,41125,2685,55509,189583,6455,448816,58380,1042215,106074,20653,104025,2518325,1666017,1369814,10968,285235,385574,34169,11805,14475,7889,351405,6096770,364746,174094,58860,131793,622377,4702777,406870
   Business deductions,4264511,46183,9178,13245,4952,18808,14581,10781,0,3800,145,439811,81812,4963,353036,54191,18768,317,34,75,492,0,8837,28,318,0,3456,288,2191,3380,0,390,0,4069,11548,47894,21503,23105,3287,219060,6324,5005,3000,1327,11376,17081,0,7230,7060,121,77073,83464,139745,3793,1406,42198,44304,0,0,3950,41075,3018,48719,7689,12839,25003,3189,48721,971,18612,146,162,12,0,18291,29137,13583,15554,163128,154119,3300,101942,48877,9009,1424,0,0,0,6709,876,0,559296,64442,4278,68245,26116,12257,7172,3498,2919,271,40075,45986,310153,174444,927,10099,560,124124,655423,653532,1891,129843,453029,231949,42052,5315,3690,1247,3028,22904,0,47743,4016,90968,10985,645,13427,207008,328491,241778,3572,83140,68941,6065,644,5419,1,62876,695860,55562,28334,9554,17673,97137,512835,30326
   Net income,34525273,359402,64729,61455,48338,184880,76179,36097,383,39699,7792,3912513,770234,54400,3087879,338344,95453,3,13972,13921,11440,0,18039,76,7834,2183,24264,18247,44683,10132,10,29365,57,26881,21784,336307,219454,40059,76793,1218187,125485,23937,18241,25290,124222,109605,0,45581,22792,127,435937,286969,900277,6898,3016,390631,246400,0,10063,49106,165935,28229,318927,77019,97077,77569,67262,608510,147302,274360,34095,16621,66921,61,156662,186848,94107,92741,1087542,1060098,11654,724925,323519,27444,5534,0,0,0,4112,17797,0,5872333,532891,25547,522502,561828,163581,308336,74832,14314,764,310380,628482,3290703,1979039,114164,91713,77119,1028669,5311723,5287505,24218,854489,4925213,2503290,715186,21845,37434,1437,52481,166679,6455,401073,54364,951246,95089,20007,90598,2311318,1337526,1128036,7396,202094,316633,28104,11161,9055,7888,288529,5400910,309185,145759,49305,114120,525240,4189942,376544
