,asset_name,assets,bea_asset_code,delta,eatr_d,eatr_e,eatr_mix,major_asset_group,metr_d,metr_e,metr_mix,mettr_d,mettr_e,mettr_mix,rho_d,rho_e,rho_mix,tax_treat,tax_wedge_d,tax_wedge_e,tax_wedge_mix,ucc_d,ucc_e,ucc_mix,z_d,z_e,z_mix
0,Nuclear fuel,0.0,EI11,0.0,0.10818077860483025,0.13924885933428155,0.1290517482457257,Equipment,-0.19056858866725268,0.1745086857471295,0.1397636866160132,-0.14858611252652193,0.15411308085861428,0.11962599599076054,-0.003389298890821457,0.012261187487471271,0.007174470229454062,corporate,-0.003389298890821457,0.012261187487471271,0.007174470229454062,-0.003389298890821457,0.012261187487471292,0.007174470229454055,-0.042137630548440996,-0.07393109338456727,-0.06414788627532819
1,Other fabricated metals,0.0,EI12,0.0,0.09950801340446,0.12527218005705618,0.11660120205390884,Equipment,-0.3790246592741447,0.12068814176433813,0.06990595293509541,-0.29552509711645014,0.10658278280403183,0.05983363381447816,-0.006057842029396927,0.007960670786786528,0.0033435329396642663,corporate,-0.006057842029396927,0.007960670786786528,0.0033435329396642663,-0.006057842029396923,0.007960670786786528,0.0033435329396642455,-0.057459534811489466,-0.09875820233631527,-0.08624035868520841
2,Steam engines,0.0,EI21,0.0,0.10400662789097506,0.1374755516366234,0.1261600217253318,Equipment,-0.27625868365017076,0.1680479264492229,0.12440268967584968,-0.21539858243346902,0.14840741918439188,0.10647827069193781,-0.004673652956623052,0.011715554349730282,0.006284708223179024,corporate,-0.004673652956623052,0.011715554349730282,0.006284708223179024,-0.004673652956623045,0.011715554349730276,0.006284708223179031,-0.1253531865577009,-0.1985169532670671,-0.17772810331785271
3,Internal combustion engines,0.0,EI22,0.0,0.11103152311090418,0.14507813753560422,0.13389670598822734,Equipment,-0.13669561955619064,0.19505722445443613,0.16443697864935258,-0.10658141958916137,0.17226002061560924,0.1407442650155914,-0.0025121467351064027,0.014054811549416672,0.008665226457916106,corporate,-0.0025121467351064027,0.014054811549416672,0.008665226457916106,-0.002512146735106413,0.01405481154941668,0.008665226457916064,-0.05745953481148958,-0.09875820233631527,-0.08624035868520863
4,Metalworking machinery,0.0,EI30,0.0,0.10260508233079918,0.13059524716298354,0.12124955738704168,Equipment,-0.30703598219913975,0.14199327279866478,0.09715245980955872,-0.2393956072183061,0.1253978885836624,0.08315435896879973,-0.0051048977443694625,0.009598537588610338,0.004773796119089756,corporate,-0.0051048977443694625,0.009598537588610338,0.004773796119089756,-0.005104897744369452,0.009598537588610345,0.004773796119089735,-0.05745953481148969,-0.09875820233631527,-0.08624035868520841
5,Special industrial machinery,0.0,EI40,0.0,0.10065433112394918,0.12724240619366567,0.11832169720967872,Equipment,-0.35171352662609595,0.12869601796303246,0.08016269020600157,-0.2742306379547915,0.11365474295794326,0.06861254084931254,-0.005705128884938713,0.008566894213435587,0.003872916064516549,corporate,-0.005705128884938713,0.008566894213435587,0.003872916064516549,-0.005705128884938709,0.008566894213435594,0.003872916064516563,-0.05745953481148958,-0.09875820233631527,-0.08624035868520807
6,General industrial equipment,0.0,EI50,0.0,0.10106660328622166,0.1279509962954288,0.11894047178324518,Equipment,-0.34208622044099846,0.1315404986972186,0.08380143300060701,-0.2667242382372393,0.11616677659977367,0.07172699955813859,-0.0055782759119318015,0.008784921937055032,0.004063308240998514,corporate,-0.0055782759119318015,0.008784921937055032,0.004063308240998514,-0.005578275911931774,0.008784921937055018,0.004063308240998542,-0.05745953481148969,-0.09875820233631516,-0.0862403586852083
7,Electric transmission and distribution,0.0,EI60,0.0,0.10365563896861357,0.13691970416747573,0.12566238303604174,Equipment,-0.28386633511581916,0.16600191698186811,0.12170915816347155,-0.2213302596560524,0.14660053592737826,0.10417283358089488,-0.00478164954811891,0.011544524359223297,0.00613158862647438,corporate,-0.00478164954811891,0.011544524359223297,0.00613158862647438,-0.00478164954811891,0.01154452435922329,0.00613158862647438,-0.125353186557701,-0.1985169532670672,-0.1777281033178526
8,Prepackaged software,0.0,ENS1,0.0,0.11991985819588244,0.15978464902582873,0.14687786873968842,Equipment,0.011012417708479383,0.24262102649634315,0.22465909827433428,0.00858636960196138,0.21426482993867818,0.19228934954535049,0.00022272559873304926,0.01857989200794731,0.012659430381442578,corporate,0.00022272559873304926,0.01857989200794731,0.012659430381442578,0.00022272559873304232,0.018579892007947296,0.012659430381442571,-0.03173208217255341,-0.056752489685929275,-0.0489474323186172
9,Custom software,0.0,ENS2,0.0,0.10770300655944937,0.13793494049674582,0.1280331072970205,Equipment,-0.19995061624967853,0.1697313215861508,0.13440849174522496,-0.1559012687956558,0.14989406845771402,0.11504239823619716,-0.0035363056740155795,0.011856904768229475,0.006861042245237085,corporate,-0.0035363056740155795,0.011856904768229475,0.006861042245237085,-0.003536305674015583,0.011856904768229481,0.006861042245237092,-0.03173208217255363,-0.056752489685929164,-0.04894743231861709
10,Household furniture,0.0,EO11,0.0,0.099884932590606,0.12469367532419523,0.1164226331352706,Equipment,-0.369955115171769,0.11830881005174766,0.06882950619622065,-0.2884535838624328,0.10448153415247037,0.05891228567043069,-0.005941866895198149,0.007782669330521602,0.0032885886570063333,corporate,-0.005941866895198149,0.007782669330521602,0.0032885886570063333,-0.005941866895198156,0.007782669330521574,0.0032885886570063194,-0.04213763054844111,-0.07393109338456727,-0.06414788627532841
11,Other furniture,0.0,EO12,0.0,0.10214253307556677,0.1298002436341762,0.12055532249962575,Equipment,-0.3174314098856903,0.13887715760143596,0.09317569826544335,-0.24750091039968264,0.1226459676044903,0.07975058455463764,-0.005247220592133301,0.009353921118208063,0.004560185384500218,corporate,-0.005247220592133301,0.009353921118208063,0.004560185384500218,-0.005247220592133284,0.00935392111820807,0.004560185384500232,-0.05745953481148958,-0.09875820233631538,-0.0862403586852083
12,Farm tractors,0.0,EO21,0.0,0.10488766235118577,0.13451841675079357,0.1246754556358115,Equipment,-0.2574482797536688,0.1570461738396552,0.11632274527004288,-0.20073213184168148,0.13869149024798552,0.09956251581670923,-0.004402565430404376,0.010805666692551875,0.005827918657172769,corporate,-0.004402565430404376,0.010805666692551875,0.005827918657172769,-0.004402565430404376,0.010805666692551869,0.005827918657172776,-0.05745953481148958,-0.09875820233631549,-0.08624035868520852
13,Construction tractors,0.0,EO22,0.0,0.10178744660986813,0.12803166419050835,0.11931891020060142,Equipment,-0.32549410185816335,0.13186314532820675,0.08601401170916713,-0.25378738218953445,0.11645171408650878,0.07362078139895856,-0.005356477966194428,0.008809742827848722,0.004179750830954308,corporate,-0.005356477966194428,0.008809742827848722,0.004179750830954308,-0.005356477966194428,0.008809742827848716,0.004179750830954315,-0.042137630548440885,-0.07393109338456705,-0.06414788627532841
14,Other agricultural machinery,0.0,EO30,0.0,0.10214253307556673,0.1298002436341762,0.12055532249962567,Equipment,-0.31743140988569096,0.13887715760143596,0.09317569826544306,-0.24750091039968308,0.1226459676044903,0.0797505845546374,-0.0052472205921333115,0.009353921118208063,0.004560185384500204,corporate,-0.0052472205921333115,0.009353921118208063,0.004560185384500204,-0.0052472205921333115,0.00935392111820807,0.004560185384500204,-0.05745953481148969,-0.09875820233631549,-0.08624035868520852
15,Other construction machinery,0.0,EO40,0.0,0.1011753975261519,0.1269578150590974,0.11838716215245232,Equipment,-0.33956252540312354,0.12754833724278675,0.0805489012035878,-0.2647565160774501,0.11264119677895595,0.06894310507788624,-0.005544800761184021,0.008479327710491508,0.003893059123831498,corporate,-0.005544800761184021,0.008479327710491508,0.003893059123831498,-0.005544800761184021,0.008479327710491508,0.003893059123831505,-0.042137630548440996,-0.07393109338456716,-0.06414788627532841
16,Mining and oilfield machinery,0.0,EO50,0.0,0.10537032244360227,0.13534798565041872,0.12539987464876728,Equipment,-0.24731310577964466,0.16016176552552508,0.12028225658370487,-0.1928297481848988,0.14144294890089548,0.1029515254801051,-0.004254054632737758,0.011060918661667314,0.006050816815005335,corporate,-0.004254054632737758,0.011060918661667314,0.006050816815005335,-0.004254054632737758,0.011060918661667307,0.006050816815005355,-0.05745953481148969,-0.09875820233631527,-0.08624035868520852
17,Service industry machinery,0.0,EO60,0.0,0.10565187416417848,0.1358319008418669,0.12582245240632484,Equipment,-0.24145532657190788,0.16196858118173071,0.1225771858997559,-0.18826244437788972,0.14303859398944385,0.1049157925355045,-0.004167423334098919,0.011209815643651345,0.006180840740407659,corporate,-0.004167423334098919,0.011209815643651345,0.006180840740407659,-0.004167423334098919,0.011209815643651339,0.006180840740407673,-0.05745953481148958,-0.09875820233631527,-0.08624035868520841
18,Household appliances,0.0,EO71,0.0,0.10191280606074979,0.1282516091933273,0.1195097501622705,Equipment,-0.3226394100623111,0.13274164060899468,0.0871261025018314,-0.25156158223281827,0.11722753572347969,0.07457263786415123,-0.005317905827461607,0.008877418213331482,0.0042384708191601506,corporate,-0.005317905827461607,0.008877418213331482,0.0042384708191601506,-0.005317905827461611,0.00887741821333149,0.0042384708191601506,-0.042137630548440996,-0.07393109338456738,-0.06414788627532853
19,Other electrical,0.0,EO72,0.0,0.10872883225333371,0.14112040257697636,0.13044062361391767,Equipment,-0.17993462865576793,0.1812193971949414,0.14696963319908268,-0.1402948259618304,0.16003948166524282,0.12579368201799174,-0.0032206669989742476,0.012837046946761965,0.007601816496590058,corporate,-0.0032206669989742476,0.012837046946761965,0.007601816496590058,-0.0032206669989742476,0.012837046946761965,0.007601816496590058,-0.05745953481148958,-0.09875820233631516,-0.08624035868520841
20,Other,0.0,EO80,0.0,0.10509882614161792,0.13488135314437963,0.12499238895397963,Equipment,-0.2529995477227346,0.15841208496275214,0.1180589893941953,-0.1972634605209166,0.13989776127374154,0.10104859519586495,-0.004337591956425243,0.010917339429039899,0.005925436601224514,corporate,-0.004337591956425243,0.010917339429039899,0.005925436601224514,-0.004337591956425246,0.010917339429039913,0.005925436601224521,-0.057459534811489466,-0.09875820233631505,-0.08624035868520818
21,Office and accounting equipment,0.0,EP12,0.0,0.11274533743399011,0.14725744502516486,0.13600056802650073,Equipment,-0.105948261423078,0.20247910963866403,0.1747578675637769,-0.08260773931262266,0.1788144771266031,0.14957808047790155,-0.001984819251079961,0.014725367700050715,0.009312568623538686,corporate,-0.001984819251079961,0.014725367700050715,0.009312568623538686,-0.001984819251079961,0.014725367700050673,0.009312568623538686,-0.04213763054844122,-0.07393109338456727,-0.06414788627532853
22,Mainframes,0.0,EP1A,0.0,0.12390970264779963,0.16684548821740608,0.15299655049514888,Equipment,0.0688875493190711,0.26351505036149087,0.25041745519612046,0.05371154410274927,0.23271687646922914,0.2143363431275957,0.0014503700454768162,0.02075245791304805,0.014542101690815053,corporate,0.0014503700454768162,0.02075245791304805,0.014542101690815053,0.0014503700454768231,0.020752457913048028,0.014542101690815046,-0.042137630548440885,-0.07393109338456683,-0.06414788627532808
23,PCs,0.0,EP1B,0.0,0.12390970264779969,0.1668454882174061,0.15299655049514882,Equipment,0.06888754931907148,0.26351505036149075,0.2504174551961203,0.053711544102749545,0.23271687646922903,0.21433634312759559,0.0014503700454768231,0.020752457913048028,0.014542101690815039,corporate,0.0014503700454768231,0.020752457913048028,0.014542101690815039,0.0014503700454768231,0.020752457913048028,0.014542101690814935,-0.042137630548440996,-0.07393109338456727,-0.0641478862753283
24,DASDs,0.0,EP1C,0.0,0.12390970264779969,0.16684548821740605,0.15299655049514882,Equipment,0.06888754931907148,0.26351505036149064,0.25041745519612024,0.05371154410274953,0.23271687646922895,0.21433634312759556,0.0014503700454768231,0.020752457913048028,0.014542101690815032,corporate,0.0014503700454768231,0.020752457913048028,0.014542101690815032,0.0014503700454768231,0.020752457913048028,0.014542101690814935,-0.042137630548440885,-0.07393109338456749,-0.0641478862753283
25,Printers,0.0,EP1D,0.0,0.1239097026477997,0.16684548821740608,0.15299655049514885,Equipment,0.06888754931907165,0.263515050361491,0.2504174551961204,0.0537115441027497,0.23271687646922923,0.2143363431275957,0.0014503700454768266,0.020752457913048035,0.014542101690815039,corporate,0.0014503700454768266,0.020752457913048035,0.014542101690815039,0.0014503700454768231,0.020752457913048028,0.014542101690815046,-0.04213763054844122,-0.07393109338456738,-0.06414788627532841
26,Terminals,0.0,EP1E,0.0,0.12390970264779969,0.16684548821740608,0.15299655049514888,Equipment,0.06888754931907148,0.26351505036149064,0.25041745519612046,0.05371154410274953,0.23271687646922892,0.21433634312759572,0.0014503700454768231,0.02075245791304802,0.014542101690815046,corporate,0.0014503700454768231,0.02075245791304802,0.014542101690815046,0.0014503700454768231,0.020752457913048028,0.014542101690815046,-0.042137630548440996,-0.07393109338456716,-0.06414788627532797
27,Tape drives,0.0,EP1F,0.0,0.12390970264779969,0.16684548821740605,0.15299655049514882,Equipment,0.06888754931907148,0.26351505036149064,0.25041745519612024,0.05371154410274953,0.23271687646922895,0.21433634312759556,0.0014503700454768231,0.020752457913048028,0.014542101690815032,corporate,0.0014503700454768231,0.020752457913048028,0.014542101690815032,0.0014503700454768231,0.020752457913048028,0.014542101690814935,-0.042137630548440885,-0.07393109338456749,-0.0641478862753283
28,Storage devices,0.0,EP1G,0.0,0.12390970264779971,0.16684548821740608,0.15299655049514888,Equipment,0.06888754931907165,0.26351505036149064,0.25041745519612046,0.05371154410274967,0.23271687646922892,0.21433634312759572,0.0014503700454768266,0.02075245791304802,0.014542101690815046,corporate,0.0014503700454768266,0.02075245791304802,0.014542101690815046,0.0014503700454768231,0.020752457913048028,0.014542101690815046,-0.042137630548440885,-0.07393109338456705,-0.06414788627532841
29,System integrators,0.0,EP1H,0.0,0.12390970264779966,0.16684548821740608,0.1529965504951488,Equipment,0.0688875493190711,0.26351505036149075,0.25041745519612013,0.053711544102749254,0.23271687646922903,0.21433634312759547,0.0014503700454768162,0.020752457913048035,0.014542101690815032,corporate,0.0014503700454768162,0.020752457913048035,0.014542101690815032,0.0014503700454768231,0.020752457913048028,0.014542101690814935,-0.042137630548440774,-0.07393109338456694,-0.06414788627532808
30,Communications,0.0,EP20,0.0,0.10163976214596626,0.12893610936373356,0.11980071936113015,Equipment,-0.32886879866711344,0.13546430199073425,0.08881696315884414,-0.25641862946540683,0.11963198758143863,0.07601987280102337,-0.005401919339702691,0.009088033650379551,0.004327999803424659,corporate,-0.005401919339702691,0.009088033650379551,0.004327999803424659,-0.005401919339702688,0.009088033650379551,0.004327999803424659,-0.05745953481148958,-0.09875820233631538,-0.08624035868520852
31,Photocopy and related equipment,0.0,EP31,0.0,0.10301891886264619,0.13019230039467214,0.12119363217699813,Equipment,-0.2978366980963886,0.14041669652447256,0.09683327689064808,-0.2322229358330889,0.12400557377833273,0.08288116515499584,-0.004977563426878082,0.009474553967591434,0.004756588362153265,corporate,-0.004977563426878082,0.009474553967591434,0.004756588362153265,-0.004977563426878079,0.00947455396759142,0.004756588362153258,-0.042137630548440996,-0.07393109338456716,-0.06414788627532853
32,Nonelectro medical instruments,0.0,EP34,0.0,0.10386200965480058,0.13275558283909047,0.12313606523328047,Equipment,-0.27938530905205733,0.15034817881181275,0.10780085925865503,-0.2178364087145053,0.1327763196368662,0.09226849598570114,-0.0047181508754459735,0.010263256258181697,0.00535426007177861,corporate,-0.0047181508754459735,0.010263256258181697,0.00535426007177861,-0.00471815087544597,0.010263256258181697,0.00535426007177861,-0.057459534811489466,-0.09875820233631505,-0.0862403586852083
33,Electro medical instruments,0.0,EP35,0.0,0.10386200965480058,0.13275558283909047,0.1231360652332805,Equipment,-0.2793853090520573,0.15034817881181275,0.10780085925865505,-0.21783640871450521,0.1327763196368662,0.09226849598570117,-0.0047181508754459735,0.010263256258181697,0.00535426007177861,corporate,-0.0047181508754459735,0.010263256258181697,0.00535426007177861,-0.00471815087544597,0.010263256258181697,0.00535426007177861,-0.05745953481148958,-0.09875820233631527,-0.08624035868520852
34,Nonmedical instruments,0.0,EP36,0.0,0.10386200965480061,0.1327555828390905,0.1231360652332805,Equipment,-0.2793853090520571,0.1503481788118128,0.10780085925865543,-0.21783640871450508,0.13277631963686623,0.0922684959857015,-0.00471815087544597,0.010263256258181704,0.005354260071778631,corporate,-0.00471815087544597,0.010263256258181704,0.005354260071778631,-0.00471815087544597,0.010263256258181724,0.00535426007177861,-0.05745953481148924,-0.09875820233631527,-0.0862403586852083
35,Light trucks (including utility vehicles),0.0,ET11,0.0,0.10246586246169803,0.12922195479399984,0.12035169116963415,Equipment,-0.31015217051913,0.13659622470007046,0.09200321472977291,-0.2418252957184207,0.120631617458214,0.07874703696560838,-0.005147734627169831,0.009175986090461476,0.0044975295906566765,corporate,-0.005147734627169831,0.009175986090461476,0.0044975295906566765,-0.005147734627169831,0.009175986090461469,0.00449752959065669,-0.042137630548440885,-0.07393109338456694,-0.0641478862753283
36,"Other trucks, buses and truck trailers",0.0,ET12,0.0,0.10246586246169803,0.12922195479399975,0.12035169116963429,Equipment,-0.3101521705191301,0.13659622470007035,0.09200321472977353,-0.2418252957184208,0.12063161745821391,0.0787470369656089,-0.005147734627169831,0.009175986090461462,0.004497529590656704,corporate,-0.005147734627169831,0.009175986090461462,0.004497529590656704,-0.005147734627169831,0.009175986090461469,0.00449752959065669,-0.04213763054844111,-0.07393109338456738,-0.06414788627532841
37,Autos,0.0,ET20,0.0,0.11432339169802913,0.15002616447241682,0.13840290636751165,Equipment,-0.07865270741232311,0.2117131957689081,0.18626604296493132,-0.061325426796799754,0.1869693346132261,0.15942811361406056,-0.0014992640929141175,0.01557728137612828,0.010051749651542048,corporate,-0.0014992640929141175,0.01557728137612828,0.010051749651542048,-0.001499264092914121,0.015577281376128294,0.010051749651542041,-0.04213763054844111,-0.07393109338456705,-0.0641478862753283
38,Aircraft,0.0,ET30,0.0,0.09607990455208179,0.1180176975915686,0.11063007900460825,Equipment,-0.4657847127240917,0.08988945806206437,0.032639425763438895,-0.3631718124270732,0.07938367800631847,0.027936611505141234,-0.007112644753205593,0.005728522335867271,0.0015062643091102446,corporate,-0.007112644753205593,0.005728522335867271,0.0015062643091102446,-0.007112644753205596,0.005728522335867292,0.0015062643091102723,-0.042137630548440996,-0.07393109338456727,-0.06414788627532841
39,Ships and boats,0.0,ET40,0.0,0.09949093531944833,0.12687507773212303,0.11758364478451203,Equipment,-0.37943770320465364,0.12721411201990962,0.07578807623064147,-0.29584714700077896,0.11234603394177266,0.06486823811554657,-0.0060630968247851295,0.00845387007142246,0.0036458230106190814,corporate,-0.0060630968247851295,0.00845387007142246,0.0036458230106190814,-0.006063096824785119,0.008453870071422467,0.0036458230106190814,-0.07896633505147288,-0.13182237127083096,-0.11614906136759662
40,Railroad equipment,0.0,ET50,0.0,0.0962098361062804,0.11960345924295168,0.11165100546537787,Equipment,-0.46234899795756085,0.09680462085409357,0.039202309333037186,-0.36049298951885433,0.08549063502084064,0.03355388951628553,-0.0070726658134521656,0.006216448997831296,0.001820395527808584,corporate,-0.0070726658134521656,0.006216448997831296,0.001820395527808584,-0.0070726658134521725,0.006216448997831289,0.001820395527808591,-0.0574595348114898,-0.09875820233631516,-0.0862403586852083
41,Theatrical movies,0.0,AE10,0.0,0.10593100000000003,0.15014999999999987,0.13599991999999994,Intellectual Property,-0.23568709495444784,0.21212121212121177,0.1747547238588306,-0.18376496072549464,0.18732966428292136,0.14957538973007994,-0.004081538461538456,0.015615384615384587,0.009312369230769224,corporate,-0.004081538461538456,0.015615384615384587,0.009312369230769224,-0.004081538461538456,0.015615384615384587,0.009312369230769224,-0.08922261484098937,-0.1920529801324503,-0.1652364222772562
42,Long-lived television programs,0.0,AE20,0.0,0.10593100000000003,0.1501500000000001,0.1359999200000001,Intellectual Property,-0.23568709495444917,0.21212121212121263,0.17475472385883123,-0.18376496072549575,0.18732966428292208,0.14957538973008047,-0.004081538461538466,0.015615384615384642,0.009312369230769259,corporate,-0.004081538461538466,0.015615384615384642,0.009312369230769259,-0.00408153846153847,0.015615384615384642,0.009312369230769252,-0.05366631243358122,-0.12831858407079644,-0.10730047123943465
43,Books,0.0,AE30,0.0,0.10593100000000008,0.15014999999999995,0.13599992000000005,Intellectual Property,-0.23568709495444706,0.21212121212121202,0.17475472385883092,-0.1837649607254941,0.18732966428292155,0.14957538973008022,-0.004081538461538442,0.015615384615384607,0.009312369230769252,corporate,-0.004081538461538442,0.015615384615384607,0.009312369230769252,-0.004081538461538442,0.015615384615384614,0.009312369230769252,-0.07152974504249288,-0.16201117318435754,-0.1375161769640031
44,Music,0.0,AE40,0.0,0.10593099999999997,0.15015000000000014,0.13599991999999977,Intellectual Property,-0.2356870949544485,0.21212121212121257,0.17475472385882956,-0.1837649607254952,0.18732966428292205,0.14957538973007906,-0.00408153846153847,0.015615384615384656,0.009312369230769169,corporate,-0.00408153846153847,0.015615384615384656,0.009312369230769169,-0.00408153846153847,0.015615384615384642,0.009312369230769169,-0.03516713091922008,-0.08923076923076911,-0.07335157108889623
45,Other entertainment originals,0.0,AE50,0.0,0.10593100000000008,0.15014999999999995,0.13599992,Intellectual Property,-0.235687094954447,0.21212121212121218,0.17475472385883095,-0.18376496072549395,0.18732966428292167,0.14957538973008028,-0.004081538461538442,0.015615384615384621,0.009312369230769245,corporate,-0.004081538461538442,0.015615384615384621,0.009312369230769245,-0.004081538461538442,0.015615384615384614,0.009312369230769252,-0.07817337461300322,-0.1736526946107786,-0.14816918865878237
46,Own account software,0.0,ENS3,0.0,0.08825599999999985,0.09939999999999999,0.09583392000000002,Intellectual Property,-0.6977332995749126,0.0,-0.07255982983425213,-0.5440218626227074,0.0,-0.062105129901803904,-0.009520000000000028,0.0,-0.0030463999999999977,corporate,-0.009520000000000028,0.0,-0.0030463999999999977,-0.009520000000000028,0.0,-0.0030464000000000047,0.0,0.0,0.0
47,Pharmaceutical and medicine manufacturing,0.0,RD11,0.0,0.08825599999999997,0.09939999999999999,0.09583392000000002,Intellectual Property,-0.6977332995749105,0.0,-0.07255982983425213,-0.5440218626227058,0.0,-0.062105129901803904,-0.009519999999999997,0.0,-0.0030463999999999977,corporate,-0.009519999999999997,0.0,-0.0030463999999999977,-0.00952,0.0,-0.0030464000000000047,0.0,0.0,0.0
48,"Chemical manufacturing, ex. pharma and med",0.0,RD12,0.0,0.08825599999999997,0.09939999999999999,0.09583391999999993,Intellectual Property,-0.6977332995749106,0.0,-0.07255982983425244,-0.5440218626227059,0.0,-0.06210512990180418,-0.00952,0.0,-0.0030464000000000116,corporate,-0.00952,0.0,-0.0030464000000000116,-0.00952,0.0,-0.0030464000000000047,0.0,0.0,0.0
49,Computers and peripheral equipment manufacturing,0.0,RD21,0.0,0.0882559999999997,0.09940000000000002,0.09583391999999977,Intellectual Property,-0.697733299574918,0.0,-0.07255982983425373,-0.5440218626227117,0.0,-0.06210512990180527,-0.009520000000000084,0.0,-0.003046400000000067,corporate,-0.009520000000000084,0.0,-0.003046400000000067,-0.009520000000000084,0.0,-0.00304640000000006,0.0,0.0,0.0
50,Communications equipment manufacturing,0.0,RD22,0.0,0.08825599999999983,0.09939999999999999,0.09583391999999999,Intellectual Property,-0.6977332995749121,0.0,-0.07255982983425228,-0.5440218626227071,0.0,-0.06210512990180404,-0.009520000000000032,0.0,-0.0030464000000000047,corporate,-0.009520000000000032,0.0,-0.0030464000000000047,-0.009520000000000028,0.0,-0.0030464000000000047,0.0,0.0,0.0
51,Semiconductor and other component manufacturing,0.0,RD23,0.0,0.08825599999999983,0.09939999999999999,0.09583391999999999,Intellectual Property,-0.6977332995749121,0.0,-0.07255982983425228,-0.5440218626227071,0.0,-0.06210512990180404,-0.009520000000000032,0.0,-0.0030464000000000047,corporate,-0.009520000000000032,0.0,-0.0030464000000000047,-0.009520000000000028,0.0,-0.0030464000000000047,0.0,0.0,0.0
52,Navigational and other instruments manufacturing,0.0,RD24,0.0,0.08825599999999986,0.09939999999999999,0.09583391999999993,Intellectual Property,-0.6977332995749118,0.0,-0.07255982983425244,-0.5440218626227068,0.0,-0.06210512990180418,-0.009520000000000025,0.0,-0.0030464000000000116,corporate,-0.009520000000000025,0.0,-0.0030464000000000116,-0.009520000000000028,0.0,-0.0030464000000000047,0.0,0.0,0.0
53,"Other computer and electronic manufacturing, n.e.c.",0.0,RD25,0.0,0.0882559999999997,0.09939999999999999,0.09583391999999977,Intellectual Property,-0.6977332995749185,0.0,-0.07255982983425371,-0.544021862622712,0.0,-0.062105129901805244,-0.009520000000000087,0.0,-0.003046400000000067,corporate,-0.009520000000000087,0.0,-0.003046400000000067,-0.009520000000000084,0.0,-0.00304640000000006,0.0,0.0,0.0
54,Motor vehicles and parts manufacturing,0.0,RD31,0.0,0.08825599999999986,0.09939999999999999,0.09583392000000016,Intellectual Property,-0.697733299574912,0.0,-0.0725598298342509,-0.544021862622707,0.0,-0.062105129901802836,-0.009520000000000028,0.0,-0.003046399999999949,corporate,-0.009520000000000028,0.0,-0.003046399999999949,-0.009520000000000028,0.0,-0.003046399999999949,0.0,0.0,0.0
55,Aerospace products and parts manufacturing,0.0,RD32,0.0,0.08825599999999997,0.09939999999999999,0.09583391999999996,Intellectual Property,-0.6977332995749106,0.0,-0.07255982983425238,-0.5440218626227059,0.0,-0.06210512990180412,-0.00952,0.0,-0.0030464000000000047,corporate,-0.00952,0.0,-0.0030464000000000047,-0.00952,0.0,-0.0030464000000000047,0.0,0.0,0.0
56,Software publishers,0.0,RD40,0.0,0.10159458074123284,0.12701008623220442,0.11861072657568683,Intellectual Property,-0.32990374731322175,0.12775935965588445,0.08186560468563281,-0.2572255777514034,0.11282755606573572,0.07007009284758413,-0.005415821310389892,0.008495411148370595,0.003961848177134408,corporate,-0.005415821310389892,0.008495411148370595,0.003961848177134408,-0.0054158213103898956,0.008495411148370546,0.003961848177134408,-0.03173208217255363,-0.056752489685929386,-0.04894743231861742
57,Financial and real estate services,0.0,RD50,0.0,0.08825599999999997,0.09939999999999999,0.09583391999999993,Intellectual Property,-0.6977332995749105,0.0,-0.07255982983425244,-0.5440218626227058,0.0,-0.06210512990180418,-0.009519999999999997,0.0,-0.0030464000000000116,corporate,-0.009519999999999997,0.0,-0.0030464000000000116,-0.00952,0.0,-0.0030464000000000047,0.0,0.0,0.0
58,Computer systems design and related services,0.0,RD60,0.0,0.10936894087350837,0.14091444620525712,0.13060284749374784,Intellectual Property,-0.167684598851913,0.18048625592938225,0.14780420769781502,-0.13074349161224874,0.15939202587439677,0.1265080078064466,-0.0030237105004589614,0.012773675755463738,0.007651731536537809,corporate,-0.0030237105004589614,0.012773675755463738,0.007651731536537809,-0.003023710500458965,0.012773675755463731,0.007651731536537809,-0.03173208217255352,-0.056752489685929386,-0.04894743231861742
59,Scientific research and development services,0.0,RD70,0.0,0.08825599999999997,0.09939999999999999,0.09583391999999993,Intellectual Property,-0.6977332995749106,0.0,-0.07255982983425244,-0.5440218626227059,0.0,-0.06210512990180418,-0.00952,0.0,-0.0030464000000000116,corporate,-0.00952,0.0,-0.0030464000000000116,-0.00952,0.0,-0.0030464000000000047,0.0,0.0,0.0
60,"All other nonmanufacturing, n.e.c.",0.0,RD80,0.0,0.08825599999999997,0.09939999999999999,0.09583392000000002,Intellectual Property,-0.6977332995749106,0.0,-0.07255982983425213,-0.5440218626227059,0.0,-0.062105129901803904,-0.00952,0.0,-0.0030463999999999977,corporate,-0.00952,0.0,-0.0030463999999999977,-0.00952,0.0,-0.0030464000000000047,0.0,0.0,0.0
61,Private universities and colleges,0.0,RD91,0.0,0.09826271211311471,0.12105107481518201,0.11347124618223195,Intellectual Property,-0.4096319791046053,0.10302623878665927,0.05070419320656973,-0.3193895896871797,0.09098510484283158,0.04339853763237031,-0.006441011657503163,0.006661869173902164,0.002380469594532919,corporate,-0.006441011657503163,0.006661869173902164,0.002380469594532919,-0.0064410116575031595,0.006661869173902157,0.002380469594532919,-0.031732082172553744,-0.0567524896859295,-0.048947432318617534
62,Other nonprofit institutions,0.0,RD92,0.0,0.09826271211311473,0.12105107481518199,0.11347124618223192,Intellectual Property,-0.40963197910460475,0.10302623878665916,0.050704193206569576,-0.31938958968717923,0.09098510484283148,0.04339853763237017,-0.006441011657503153,0.006661869173902157,0.002380469594532912,corporate,-0.006441011657503153,0.006661869173902157,0.002380469594532912,-0.0064410116575031595,0.006661869173902157,0.002380469594532919,-0.031732082172553744,-0.05675248968592961,-0.048947432318617534
63,Other manufacturing,0.0,RDOM,0.0,0.08825599999999997,0.09939999999999999,0.09583391999999988,Intellectual Property,-0.6977332995749105,0.0,-0.07255982983425278,-0.5440218626227058,0.0,-0.06210512990180445,-0.009519999999999997,0.0,-0.0030464000000000255,corporate,-0.009519999999999997,0.0,-0.0030464000000000255,-0.00952,0.0,-0.0030464000000000324,0.0,0.0,0.0
64,Inventories,0.0,INV,0.0,0.10068907200273952,0.14727818179190993,0.1324667141999137,Inventories,-0.09625647849034182,0.14939854783580073,0.125536806262657,-0.0750510671480372,0.13193767624920089,0.10744897938996467,-0.003328373152729429,0.018679375553530483,0.011668798055339269,corporate,-0.003328373152729429,0.018679375553530483,0.011668798055339269,-0.003328373152729429,0.018679375553530483,0.011668798055339269,0.0,0.0,0.0
65,Land,0.0,LAND,0.0,0.09240000000000004,0.13999999999999996,0.12476799999999996,Land,-0.24625881161467458,0.14000000000000004,0.10590533986837544,-0.19200771621977875,0.12363757842672829,0.09064609033461829,-0.006543330087633893,0.015813047711781894,0.008659006815968838,corporate,-0.006543330087633893,0.015813047711781894,0.008659006815968838,-0.006543330087633893,0.015813047711781894,0.008659006815968838,0.0,0.0,0.0
66,Residential,0.0,RES,0.0,0.09209035132378926,0.13077034204509874,0.11739675542684172,Structures,-0.30759345371371904,0.12341640494834885,0.08056449992350673,-0.23983026712618966,0.10899218175675957,0.06895645627412086,-0.007081435449585154,0.012218244223991731,0.005712889151418356,corporate,-0.007081435449585154,0.012218244223991731,0.005712889151418356,-0.007081435449585158,0.012218244223991731,0.005712889151418363,0.05631979471596282,0.0,0.012686956742610833
67,Religious,0.0,SB10,0.0,0.09323746983687498,0.13201852274888415,0.118830329421662,Structures,-0.2733517084854731,0.12598993321601254,0.08615734662664325,-0.21313201719334043,0.11126493034980722,0.07374346406910334,-0.0066130933106034635,0.012704390554580003,0.006265671586123386,corporate,-0.0066130933106034635,0.012704390554580003,0.006265671586123386,-0.00661309331060346,0.012704390554580003,0.006265671586123386,0.05242637473993206,0.0,0.011224669898493023
68,Educational and vocational,0.0,SB20,0.0,0.09435458807170746,0.13703609856901944,0.12266356031858325,Structures,-0.2284843593599161,0.13525612907469078,0.09951862489038191,-0.17814899594854722,0.1194481447583412,0.085179597865436,-0.006028318413654497,0.014658655723084502,0.00780371039456583,corporate,-0.006028318413654497,0.014658655723084502,0.00780371039456583,-0.006028318413654504,0.014658655723084502,0.00780371039456583,0.058058027994771555,0.0,0.011737300086383629
69,Hospitals,0.0,SB31,0.0,0.09435458807170746,0.13703609856901944,0.12266356031858316,Structures,-0.22848435935991632,0.13525612907469078,0.09951862489038184,-0.1781489959485474,0.1194481447583412,0.08517959786543597,-0.006028318413654501,0.014658655723084502,0.007803710394565823,corporate,-0.006028318413654501,0.014658655723084502,0.007803710394565823,-0.006028318413654497,0.014658655723084502,0.007803710394565816,0.058058027994771555,0.0,0.011737300086383684
70,Special care,0.0,SB32,0.0,0.09435458807170752,0.13703609856901944,0.12266356031858325,Structures,-0.22848435935991593,0.13525612907469078,0.09951862489038203,-0.1781489959485471,0.1194481447583412,0.08517959786543614,-0.00602831841365449,0.014658655723084502,0.007803710394565837,corporate,-0.00602831841365449,0.014658655723084502,0.007803710394565837,-0.00602831841365449,0.014658655723084502,0.00780371039456583,0.0580580279947715,0.0,0.011737300086383684
71,Lodging,0.0,SB41,0.0,0.09719479685726812,0.14159359488011158,0.12682737605112893,Structures,-0.1630951627876617,0.14235009221219994,0.111870173000271,-0.12716511351622992,0.12571300492812765,0.09575148732004629,-0.004844818273152154,0.016433727314551755,0.009441073934942062,corporate,-0.004844818273152154,0.016433727314551755,0.009441073934942062,-0.004844818273152161,0.016433727314551755,0.009441073934942062,0.058058027994771444,0.0,0.011737300086383684
72,Amusement and recreation,0.0,SB42,0.0,0.09330382013318936,0.11460876315979254,0.10728939932487355,Structures,-0.5422086772520477,0.07465934662743279,0.010581264754098804,-0.4227594909237714,0.06593357731383936,0.009056675347500265,-0.007966824574403269,0.0046796194337823255,0.00047836286919187426,corporate,-0.007966824574403269,0.0046796194337823255,0.00047836286919187426,-0.007966824574403272,0.0046796194337823255,0.0004783628691918812,-0.05745953481148991,-0.0987582023363156,-0.08624035868520863
73,Air transportation,0.0,SB43,0.0,0.09585104216302442,0.13943736006626165,0.12485739871530088,Structures,-0.19225343352730284,0.13913768336030657,0.1062851457302535,-0.1498997841537084,0.12287604456123707,0.09097117230412238,-0.005404753823497345,0.015593908497083392,0.008666407313688784,corporate,-0.005404753823497345,0.015593908497083392,0.008666407313688784,-0.005404753823497345,0.015593908497083392,0.008666407313688784,0.058058027994771555,0.0,0.011737300086383629
74,Local transit structures,0.0,SB44,0.0,0.09585104216302442,0.13943736006626156,0.12485739871530088,Structures,-0.19225343352730284,0.1391376833603064,0.1062851457302535,-0.1498997841537084,0.12287604456123696,0.09097117230412238,-0.005404753823497345,0.015593908497083378,0.008666407313688784,corporate,-0.005404753823497345,0.015593908497083378,0.008666407313688784,-0.005404753823497345,0.015593908497083378,0.008666407313688784,0.058058027994771444,0.0,0.01173730008638374
75,Other transportation,0.0,SB45,0.0,0.09585104216302445,0.13943736006626156,0.12485739871530083,Structures,-0.19225343352730256,0.1391376833603064,0.10628514573025338,-0.14989978415370817,0.12287604456123696,0.09097117230412227,-0.005404753823497338,0.015593908497083378,0.008666407313688777,corporate,-0.005404753823497338,0.015593908497083378,0.008666407313688777,-0.005404753823497338,0.015593908497083378,0.00866640731368877,0.0580580279947715,0.0,0.011737300086383684
76,Other land transportation,0.0,SB46,0.0,0.09149322346688399,0.10997029807665848,0.10364758158353893,Structures,-0.5953721142377195,0.05309831842713175,-0.014534726463842407,-0.46421096246739807,0.04689248220615637,-0.012440507057225839,-0.008523931240958772,0.0032523994082025998,-0.0006421964358341789,corporate,-0.008523931240958772,0.0032523994082025998,-0.0006421964358341789,-0.008523931240958772,0.0032523994082025998,-0.000642196435834172,-0.042137630548440774,-0.07393109338456716,-0.06414788627532819
77,Warehouses,0.0,SC01,0.0,0.09548456361004887,0.13884929602612067,0.12432013216916604,Structures,-0.20073988520483196,0.138217654650317,0.1046832087222147,-0.15651666090515448,0.12206354369133576,0.08960004855416298,-0.00555746351904602,0.015364867001410182,0.008455134598801553,corporate,-0.00555746351904602,0.015364867001410182,0.008455134598801553,-0.005557463519046027,0.015364867001410182,0.008455134598801553,0.058058027994771444,0.0,0.01173730008638374
78,Other commercial,0.0,SC02,0.0,0.09661453914839013,0.14066249348322177,0.12597670401974864,Structures,-0.175321950719392,0.14099332637949175,0.10951283717612478,-0.1366983262044665,0.1245148103420694,0.09373380552675648,-0.0050866086244375705,0.016071078279735848,0.009106558803037235,corporate,-0.0050866086244375705,0.016071078279735848,0.009106558803037235,-0.0050866086244375774,0.016071078279735848,0.009106558803037235,0.0580580279947715,0.0,0.01173730008638374
79,Multimerchandise shopping,0.0,SC03,0.0,0.09661453914839022,0.14066249348322182,0.1259767040197487,Structures,-0.17532195071939152,0.14099332637949188,0.10951283717612498,-0.13669832620446615,0.12451481034206952,0.09373380552675664,-0.005086608624437557,0.016071078279735862,0.009106558803037249,corporate,-0.005086608624437557,0.016071078279735862,0.009106558803037249,-0.0050866086244375636,0.016071078279735862,0.009106558803037235,0.0580580279947715,0.0,0.011737300086383684
80,Food and beverage establishments,0.0,SC04,0.0,0.09661453914839013,0.14066249348322182,0.12597670401974867,Structures,-0.17532195071939208,0.14099332637949188,0.1095128371761249,-0.13669832620446656,0.12451481034206952,0.09373380552675653,-0.0050866086244375705,0.016071078279735862,0.009106558803037242,corporate,-0.0050866086244375705,0.016071078279735862,0.009106558803037242,-0.0050866086244375636,0.016071078279735862,0.009106558803037249,0.05805802799477161,0.0,0.011737300086383629
81,Manufacturing,0.0,SI00,0.0,0.09820261287795107,0.14321077099049923,0.12830485905300018,Structures,-0.1430827133545991,0.14460127040544388,0.11577721222712506,-0.11156142938240629,0.12770107793112578,0.09909558527713203,-0.004424866610393215,0.017063591427653055,0.010022073900882056,corporate,-0.004424866610393215,0.017063591427653055,0.010022073900882056,-0.004424866610393208,0.017063591427653055,0.010022073900882056,0.0580580279947715,0.0,0.011737300086383629
82,Petroleum and natural gas,0.0,SM01,0.0,0.09528350333471622,0.11662039992660025,0.10941768395400467,Structures,-0.48711196141729346,0.08370778946932049,0.02473877884239356,-0.3798006440533722,0.07392448846743693,0.021174320242046435,-0.007357691281625764,0.005298584592800082,0.0011332196781552936,corporate,-0.007357691281625764,0.005298584592800082,0.0011332196781552936,-0.007357691281625764,0.005298584592800082,0.0011332196781553006,-0.042137630548440996,-0.07393109338456727,-0.0641478862753283
83,Mining,0.0,SM02,0.0,0.09481213292199095,0.11720116597112076,0.1095532087403602,Structures,-0.4999566704334222,0.08628727756978716,0.025627772395085166,-0.38981564911054567,0.07620250034116736,0.02193522417743185,-0.007502728331695088,0.00547728183726795,0.001174919612418536,corporate,-0.007502728331695088,0.00547728183726795,0.001174919612418536,-0.007502728331695088,0.00547728183726795,0.001174919612418529,-0.05745953481148958,-0.09875820233631527,-0.08624035868520852
84,Farm,0.0,SN00,0.0,0.10036097282371585,0.1335469177192552,0.12221052209350325,Structures,-0.35862614566224554,0.15336802354619838,0.10260522328821094,-0.2796203991800884,0.13544322170961007,0.08782146727017077,-0.005795392977318188,0.010506743913616994,0.005069477567231771,corporate,-0.005795392977318188,0.010506743913616994,0.005069477567231771,-0.005795392977318188,0.010506743913617,0.005069477567231764,-0.1568509598149127,-0.2382481613065076,-0.21592378736792195
85,Water supply,0.0,SO01,0.0,0.09997668797216937,0.13296320972405418,0.12168150881445178,Structures,-0.3677606433448058,0.1511425947853378,0.0996108721800687,-0.28674255666693427,0.1334778886885101,0.08525855381009816,-0.005913634470101729,0.010327141453555143,0.004906704250600545,corporate,-0.005913634470101729,0.010327141453555143,0.004906704250600545,-0.005913634470101736,0.010327141453555136,0.004906704250600552,-0.15685095981491293,-0.23824816130650783,-0.21592378736792217
86,Sewage and waste disposal,0.0,SO02,0.0,0.09997668797216933,0.1329632097240542,0.12168150881445178,Structures,-0.3677606433448065,0.15114259478533792,0.09961087218006885,-0.2867425566669349,0.1334778886885102,0.0852585538100983,-0.00591363447010174,0.01032714145355515,0.004906704250600552,corporate,-0.00591363447010174,0.01032714145355515,0.004906704250600552,-0.005913634470101736,0.01032714145355515,0.004906704250600552,-0.15685095981491282,-0.23824816130650794,-0.21592378736792206
87,Public safety,0.0,SO03,0.0,0.09585104216302434,0.1394373600662617,0.12485739871530088,Structures,-0.19225343352730326,0.13913768336030669,0.10628514573025352,-0.14989978415370872,0.12287604456123719,0.09097117230412244,-0.005404753823497359,0.015593908497083406,0.008666407313688791,corporate,-0.005404753823497359,0.015593908497083406,0.008666407313688791,-0.005404753823497352,0.015593908497083406,0.008666407313688784,0.058058027994771444,0.0,0.011737300086383629
88,Highway and conservation and development,0.0,SO04,0.0,0.09762301686552413,0.1273660757914981,0.11710921806387009,Structures,-0.4257496360550156,0.12919380410644696,0.0729560335039257,-0.33195650853800424,0.11409435062470148,0.06244424701975823,-0.006637840964454102,0.008604946397384038,0.003499845558113883,corporate,-0.006637840964454102,0.008604946397384038,0.003499845558113883,-0.006637840964454106,0.008604946397384045,0.003499845558113876,-0.12535318655770056,-0.19851695326706686,-0.17772810331785227
89,Mobile structures,0.0,SOMO,0.0,0.0958780072927441,0.11903313062445944,0.11115296739397093,Structures,-0.47114755781302164,0.09432967526868212,0.036010917190694804,-0.36735321666278076,0.08330494731428212,0.030822325453628258,-0.007174766986847977,0.006040963269064455,0.0016671530442987498,corporate,-0.007174766986847977,0.006040963269064455,0.0016671530442987498,-0.0071747669868479635,0.006040963269064462,0.0016671530442987498,-0.057459534811489354,-0.09875820233631494,-0.08624035868520807
90,Office,0.0,SOO1,0.0,0.09615644095717063,0.13992741343304566,0.12530512083707984,Structures,-0.1853620177927845,0.1398897253857523,0.10759376253987862,-0.14452655511865417,0.123540192096246,0.09209123856032919,-0.005277495743873442,0.015784776410144377,0.00884246790942815,corporate,-0.005277495743873442,0.015784776410144377,0.00884246790942815,-0.005277495743873442,0.015784776410144377,0.00884246790942815,0.05805802799477139,0.0,0.011737300086383629
91,Medical buildings,0.0,SOO2,0.0,0.09615644095717074,0.13992741343304566,0.12530512083707995,Structures,-0.18536201779278375,0.1398897253857523,0.10759376253987893,-0.1445265551186536,0.123540192096246,0.09209123856032947,-0.005277495743873421,0.015784776410144377,0.008842467909428178,corporate,-0.005277495743873421,0.015784776410144377,0.008842467909428178,-0.005277495743873414,0.015784776410144377,0.008842467909428178,0.058058027994771444,0.0,0.011737300086383629
92,Other railroad,0.0,SU11,0.0,0.0986316909917565,0.13092023174085096,0.11982996233777188,Structures,-0.40045859234470055,0.14326060604270632,0.08898658377528926,-0.3122371104308187,0.1265171029647552,0.07616505382532306,-0.006327479694844151,0.00969853284333877,0.004336997642391344,corporate,-0.006327479694844151,0.00969853284333877,0.004336997642391344,-0.006327479694844151,0.00969853284333877,0.004336997642391344,-0.15685095981491282,-0.23824816130650772,-0.21592378736792195
93,Track replacement,0.0,SU12,0.0,0.0927909937849968,0.11372734620394101,0.10651970412360803,Structures,-0.5569880526007184,0.07063813865382322,0.005368382826007406,-0.43428295312699794,0.062382345769501246,0.004594885538367399,-0.008124617296924048,0.004408414216597226,0.00024153357649477764,corporate,-0.008124617296924048,0.004408414216597226,0.00024153357649477764,-0.008124617296924042,0.004408414216597212,0.0002415335764947707,-0.05745953481148969,-0.09875820233631538,-0.08624035868520841
94,Communication,0.0,SU20,0.0,0.09788625855729535,0.12778296139335887,0.11748244708083769,Structures,-0.41908387381734913,0.1308676403670134,0.07518530645118963,-0.3267592212786106,0.11557255820998207,0.06435231772902897,-0.006556843520832193,0.008733218890264287,0.003614685255642361,corporate,-0.006556843520832193,0.008733218890264287,0.003614685255642361,-0.0065568435208321965,0.008733218890264294,0.003614685255642361,-0.1253531865577009,-0.1985169532670671,-0.17772810331785271
95,Electric,0.0,SU30,0.0,0.09731590155845783,0.12687970925599376,0.11667378421074145,Structures,-0.4335857284155041,0.12723282826269108,0.07034284541467248,-0.3380663008672993,0.11236256273416372,0.06020757714178801,-0.006732337982012979,0.008455295155690407,0.0033658659109973635,corporate,-0.006732337982012979,0.008455295155690407,0.0033658659109973635,-0.006732337982012976,0.008455295155690407,0.0033658659109973704,-0.1253531865577009,-0.19851695326706698,-0.1777281033178526
96,Gas,0.0,SU40,0.0,0.09528350333471622,0.11662039992660031,0.1094176839540047,Structures,-0.48711196141729346,0.0837077894693207,0.02473877884239338,-0.3798006440533722,0.07392448846743713,0.021174320242046282,-0.007357691281625764,0.005298584592800096,0.0011332196781552867,corporate,-0.007357691281625764,0.005298584592800096,0.0011332196781552867,-0.007357691281625764,0.005298584592800082,0.0011332196781552867,-0.042137630548440996,-0.07393109338456716,-0.06414788627532819
97,Petroleum pipelines,0.0,SU50,0.0,0.09149322346688399,0.10997029807665848,0.10364758158353882,Structures,-0.5953721142377197,0.05309831842713199,-0.014534726463842879,-0.4642109624673981,0.04689248220615658,-0.012440507057226241,-0.008523931240958772,0.0032523994082026136,-0.0006421964358341997,corporate,-0.008523931240958772,0.0032523994082026136,-0.0006421964358341997,-0.008523931240958772,0.0032523994082026275,-0.0006421964358341997,-0.042137630548440996,-0.07393109338456705,-0.06414788627532841
98,Wind and solar,0.0,SU60,0.0,0.09197991309971845,0.11082420220525019,0.10438848967001896,Structures,-0.580809033404204,0.05714266746715177,-0.009331045759672515,-0.452856144852414,0.05046415021773165,-0.007986592724209776,-0.008374180584702004,0.003515139140076992,-0.0004142247169172525,corporate,-0.008374180584702004,0.003515139140076992,-0.0004142247169172525,-0.008374180584702004,0.003515139140076992,-0.0004142247169172525,-0.042137630548440996,-0.07393109338456694,-0.06414788627532819
99,Nuclear fuel,0.0,EI11,0.0,0.019422057787232133,0.034041617276271086,0.029659584651283044,Equipment,0.30295217450824174,0.1655455669852165,0.18284378201867318,0.3029521745082417,0.16554556698521647,0.1828437820186732,0.005797629190218537,0.010161676798886903,0.008853607358591968,non-corporate,0.005797629190218537,0.010161676798886903,0.008853607358591968,0.005797629190218534,0.01016167679888691,0.008853607358591975,-0.04334564778860639,-0.06849211658326793,-0.06142962174439337
100,Other fabricated metals,0.0,EI12,0.0,0.011037306818282994,0.021652969089441365,0.018335698764522484,Equipment,0.18950102278332728,0.11204973684860274,0.12097970647728945,0.18950102278332726,0.11204973684860273,0.12097970647728948,0.0032947184532187944,0.006463572862519806,0.005473342914782832,non-corporate,0.0032947184532187944,0.006463572862519806,0.005473342914782832,0.003294718453218798,0.006463572862519806,0.005473342914782825,-0.05906124721495165,-0.09181985594187514,-0.08273217091638052
101,Steam engines,0.0,EI21,0.0,0.015504717633441356,0.03174900282645626,0.02669138021511072,Equipment,0.25264707666843156,0.15613728786575023,0.16742756806025305,0.2526470766684316,0.15613728786575023,0.16742756806025308,0.0046282739204302654,0.009477314276554114,0.007967576183615155,non-corporate,0.0046282739204302654,0.009477314276554114,0.007967576183615155,0.004628273920430262,0.009477314276554127,0.007967576183615155,-0.12844175185513962,-0.187138493399871,-0.17169049140809867
102,Internal combustion engines,0.0,EI22,0.0,0.02220519805415827,0.03901518564949061,0.03397952496310075,Equipment,0.33615629573995176,0.1852515899795222,0.2043554811989593,0.3361562957399517,0.18525158997952218,0.2043554811989593,0.006628417329599481,0.011646324074474794,0.010143141780030077,non-corporate,0.006628417329599481,0.011646324074474794,0.010143141780030077,0.006628417329599484,0.011646324074474801,0.010143141780030063,-0.05906124721495176,-0.09181985594187503,-0.08273217091638063
103,Metalworking machinery,0.0,EI30,0.0,0.014038799401746904,0.02631925416840747,0.022540147690492784,Equipment,0.23264753195857638,0.13298560435570006,0.14493843746317822,0.2326475319585764,0.13298560435570003,0.14493843746317825,0.00419068638858117,0.007856493781614161,0.006728402295669504,non-corporate,0.00419068638858117,0.007856493781614161,0.006728402295669504,0.004190686388581166,0.007856493781614154,0.006728402295669511,-0.05906124721495143,-0.09181985594187492,-0.08273217091638063
104,Special industrial machinery,0.0,EI40,0.0,0.012148248878396217,0.023380100579708074,0.01989189089945942,Equipment,0.2058286657901295,0.11991554119461614,0.12999191878337746,0.20582866579012948,0.11991554119461612,0.1299919187833775,0.0036263429487749937,0.006979134501405401,0.00593787788043567,non-corporate,0.0036263429487749937,0.006979134501405401,0.00593787788043567,0.0036263429487749937,0.006979134501405415,0.005937877880435677,-0.05906124721495176,-0.09181985594187503,-0.08273217091638063
105,General industrial equipment,0.0,EI50,0.0,0.012547798215805372,0.02400126190515489,0.020451574035708714,Equipment,0.21159625757858525,0.12271050657482889,0.13319113761875828,0.21159625757858522,0.12271050657482888,0.13319113761875828,0.0037456114077031068,0.00716455579258355,0.0061049474733459175,non-corporate,0.0037456114077031068,0.00716455579258355,0.0061049474733459175,0.0037456114077031033,0.0071645557925835435,0.0061049474733459175,-0.05906124721495165,-0.09181985594187525,-0.08273217091638052
106,Electric transmission and distribution,0.0,EI60,0.0,0.015165631408543795,0.03125495720388058,0.02623811731779338,Equipment,0.2480805680658572,0.15408200376909767,0.16502576145576658,0.24808056806585718,0.15408200376909764,0.16502576145576658,0.004527054151804117,0.009329837971307646,0.007832273826206985,non-corporate,0.004527054151804117,0.009329837971307646,0.007832273826206985,0.004527054151804127,0.009329837971307653,0.007832273826206979,-0.12844175185513962,-0.187138493399871,-0.17169049140809844
107,Prepackaged software,0.0,ENS1,0.0,0.0308055013568862,0.051982862424714144,0.045758063889760725,Equipment,0.4274254237053149,0.23250836639951497,0.2579999956550867,0.42742542370531483,0.23250836639951494,0.2579999956550867,0.00919567204683169,0.015517272365586324,0.013659123549182313,non-corporate,0.00919567204683169,0.015517272365586324,0.013659123549182313,0.009195672046831693,0.01551727236558631,0.013659123549182306,-0.03266498849176813,-0.05240128056570381,-0.04679589422659547
108,Custom software,0.0,ENS2,0.0,0.01894811053437412,0.03296119757936322,0.028771154285505945,Equipment,0.29709577263572706,0.16113808708455937,0.1782854086876719,0.29709577263572706,0.16113808708455934,0.17828540868767195,0.005656152398320621,0.009839163456526342,0.008588404264330149,non-corporate,0.005656152398320621,0.009839163456526342,0.008588404264330149,0.005656152398320624,0.009839163456526356,0.008588404264330163,-0.032664988491768576,-0.052401280565704256,-0.04679589422659569
109,Household furniture,0.0,EO11,0.0,0.011376021916471912,0.02132776813550208,0.018256711114979923,Equipment,0.19452514020738088,0.11055293157741351,0.12051762864190611,0.1945251402073809,0.1105529315774135,0.12051762864190613,0.003395827437752817,0.006366497950896138,0.005449764511934317,non-corporate,0.003395827437752817,0.006366497950896138,0.005449764511934317,0.003395827437752824,0.006366497950896138,0.005449764511934324,-0.04334564778860639,-0.06849211658326804,-0.06142962174439304
110,Other furniture,0.0,EO12,0.0,0.013590524535385368,0.025622341461808695,0.021912210513237496,Equipment,0.2263952938053797,0.1299217526066635,0.1414378941533676,0.22639529380537968,0.12992175260666347,0.14143789415336763,0.004056872995637423,0.007648460137853343,0.006540958362160454,non-corporate,0.004056872995637423,0.007648460137853343,0.006540958362160454,0.0040568729956374505,0.007648460137853336,0.006540958362160454,-0.05906124721495154,-0.09181985594187492,-0.08273217091638063
111,Farm tractors,0.0,EO21,0.0,0.01625093841618286,0.029758366872710384,0.025638881152165977,Equipment,0.2625732358063887,0.14779447056000247,0.16183060930725873,0.26257323580638864,0.14779447056000247,0.16183060930725873,0.004851026392890399,0.008883094588868774,0.007653397358855514,non-corporate,0.004851026392890399,0.008883094588868774,0.007653397358855514,0.004851026392890395,0.008883094588868767,0.007653397358855507,-0.05906124721495176,-0.09181985594187525,-0.08273217091638074
112,Construction tractors,0.0,EO22,0.0,0.013221246142832904,0.024243477538451824,0.020871770112638743,Equipment,0.2211955665310897,0.12379557040706275,0.1355786490170245,0.22119556653108968,0.12379557040706274,0.13557864901702454,0.003946640639651611,0.007236858966702044,0.006230379138101143,non-corporate,0.003946640639651611,0.007236858966702044,0.006230379138101143,0.003946640639651611,0.007236858966702037,0.00623037913810115,-0.04334564778860639,-0.06849211658326793,-0.061429621744392926
113,Other agricultural machinery,0.0,EO30,0.0,0.013590524535385368,0.02562234146180864,0.021912210513237523,Equipment,0.22639529380537987,0.1299217526066634,0.14143789415336777,0.22639529380537984,0.1299217526066634,0.14143789415336783,0.004056872995637426,0.007648460137853336,0.006540958362160461,non-corporate,0.004056872995637426,0.007648460137853336,0.006540958362160461,0.004056872995637423,0.007648460137853363,0.006540958362160454,-0.05906124721495165,-0.09181985594187514,-0.08273217091638052
114,Other construction machinery,0.0,EO40,0.0,0.012627627496367977,0.023305478001843905,0.020030491442849352,Equipment,0.21274210244105607,0.11957857219513224,0.1307862259350458,0.21274210244105604,0.11957857219513222,0.1307862259350458,0.0037694410436919304,0.006956859105028017,0.0059792511769699574,non-corporate,0.0037694410436919304,0.006956859105028017,0.0059792511769699574,0.0037694410436919235,0.006956859105028024,0.0059792511769699574,-0.04334564778860628,-0.06849211658326804,-0.06142962174439304
115,Mining and oilfield machinery,0.0,EO50,0.0,0.016718703494125298,0.03048558013177005,0.026294119945823702,Equipment,0.26871047823774696,0.15086129924054031,0.16532321252241966,0.26871047823774696,0.15086129924054031,0.16532321252241966,0.004990657759440385,0.009100173173662705,0.007848991028604105,non-corporate,0.004990657759440385,0.009100173173662705,0.007848991028604105,0.004990657759440381,0.009100173173662712,0.007848991028604091,-0.05906124721495165,-0.09181985594187525,-0.08273217091638074
116,Service industry machinery,0.0,EO60,0.0,0.016991566456258322,0.030909787866221616,0.026676342575457285,Equipment,0.27226081693550197,0.15264011047943912,0.16734809079076368,0.27226081693550197,0.1526401104794391,0.1673480907907637,0.005072109389927859,0.009226802348125847,0.007963087335957408,non-corporate,0.005072109389927859,0.009226802348125847,0.007963087335957408,0.005072109389927859,0.00922680234812584,0.007963087335957408,-0.05906124721495165,-0.09181985594187503,-0.08273217091638063
117,Household appliances,0.0,EO71,0.0,0.013342830684879958,0.02443559792546776,0.021044080201631843,Equipment,0.2229125272405781,0.12465431346242178,0.13655415638193766,0.22291252724057808,0.12465431346242177,0.13655415638193769,0.003982934532799996,0.007294208335960527,0.006281814985561733,non-corporate,0.003982934532799996,0.007294208335960527,0.006281814985561733,0.003982934532799992,0.007294208335960534,0.00628181498556174,-0.04334564778860617,-0.06849211658326781,-0.061429621744392815
118,Other electrical,0.0,EO72,0.0,0.019973568828141386,0.03554577239272677,0.030853489885025398,Equipment,0.30969120958325247,0.17160507585302273,0.18889602509871967,0.3096912095832525,0.1716050758530227,0.18889602509871972,0.005962259351683985,0.01061067832618709,0.009209996980604616,non-corporate,0.005962259351683985,0.01061067832618709,0.009209996980604616,0.005962259351683985,0.01061067832618709,0.009209996980604623,-0.05906124721495154,-0.09181985594187492,-0.08273217091638052
119,Other,0.0,EO80,0.0,0.016455585637782655,0.030076522673549072,0.02592554812439113,Equipment,0.26526624588200076,0.1491389296512821,0.163361961565022,0.2652662458820007,0.14913892965128206,0.16336196156502203,0.004912115115756014,0.00897806646971614,0.007738969589370502,non-corporate,0.004912115115756014,0.00897806646971614,0.007738969589370502,0.0049121151157560106,0.008978066469716162,0.007738969589370509,-0.05906124721495154,-0.09181985594187514,-0.08273217091638041
120,Office and accounting equipment,0.0,EP12,0.0,0.023849165524121252,0.04103705960350329,0.035933699068146696,Equipment,0.35486579827078535,0.1929989978073471,0.2137449049120369,0.3548657982707853,0.19299899780734708,0.21374490491203696,0.00711915388779738,0.012249868538359195,0.01072647733377513,non-corporate,0.00711915388779738,0.012249868538359195,0.01072647733377513,0.00711915388779738,0.012249868538359188,0.01072647733377513,-0.04334564778860628,-0.06849211658326793,-0.061429621744392926
121,Mainframes,0.0,EP1A,0.0,0.034677341798192984,0.0581470752471695,0.0512794328761135,Equipment,0.4637208417906327,0.25310127709257035,0.28090485980680935,0.46372084179063267,0.25310127709257035,0.28090485980680935,0.010351445312893441,0.017357335894677473,0.015307293395854793,non-corporate,0.010351445312893441,0.017357335894677473,0.015307293395854793,0.010351445312893448,0.017357335894677473,0.015307293395854793,-0.0433456477886065,-0.06849211658326793,-0.06142962174439326
122,PCs,0.0,EP1B,0.0,0.03467734179819304,0.05814707524716947,0.051279432876113584,Equipment,0.46372084179063294,0.25310127709257024,0.2809048598068093,0.4637208417906329,0.2531012770925702,0.28090485980680935,0.010351445312893448,0.017357335894677466,0.0153072933958548,non-corporate,0.010351445312893448,0.017357335894677466,0.0153072933958548,0.010351445312893448,0.017357335894677473,0.015307293395854793,-0.04334564778860628,-0.06849211658326781,-0.06142962174439326
123,DASDs,0.0,EP1C,0.0,0.03467734179819304,0.05814707524716964,0.05127943287611347,Equipment,0.46372084179063294,0.2531012770925706,0.28090485980680896,0.4637208417906329,0.25310127709257046,0.280904859806809,0.010351445312893448,0.017357335894677493,0.015307293395854772,non-corporate,0.010351445312893448,0.017357335894677493,0.015307293395854772,0.010351445312893448,0.017357335894677584,0.015307293395854682,-0.043345647788606056,-0.06849211658326837,-0.06142962174439315
124,Printers,0.0,EP1D,0.0,0.03467734179819301,0.05814707524716947,0.05127943287611347,Equipment,0.46372084179063294,0.25310127709257024,0.280904859806809,0.4637208417906329,0.2531012770925702,0.28090485980680907,0.010351445312893445,0.017357335894677466,0.015307293395854779,non-corporate,0.010351445312893445,0.017357335894677466,0.015307293395854779,0.010351445312893448,0.017357335894677473,0.015307293395854793,-0.04334564778860639,-0.06849211658326793,-0.06142962174439304
125,Terminals,0.0,EP1E,0.0,0.03467734179819304,0.058147075247169555,0.05127943287611353,Equipment,0.46372084179063294,0.25310127709257024,0.2809048598068091,0.4637208417906329,0.25310127709257024,0.2809048598068092,0.010351445312893448,0.017357335894677473,0.015307293395854793,non-corporate,0.010351445312893448,0.017357335894677473,0.015307293395854793,0.010351445312893448,0.017357335894677473,0.015307293395854793,-0.04334564778860628,-0.06849211658326815,-0.06142962174439315
126,Tape drives,0.0,EP1F,0.0,0.03467734179819304,0.05814707524716964,0.05127943287611347,Equipment,0.46372084179063294,0.2531012770925706,0.28090485980680896,0.4637208417906329,0.25310127709257046,0.280904859806809,0.010351445312893448,0.017357335894677493,0.015307293395854772,non-corporate,0.010351445312893448,0.017357335894677493,0.015307293395854772,0.010351445312893448,0.017357335894677584,0.015307293395854682,-0.043345647788606056,-0.06849211658326837,-0.06142962174439315
127,Storage devices,0.0,EP1G,0.0,0.034677341798193095,0.05814707524716953,0.05127943287611353,Equipment,0.46372084179063294,0.25310127709257013,0.28090485980680924,0.4637208417906329,0.2531012770925701,0.2809048598068093,0.010351445312893452,0.017357335894677473,0.015307293395854793,non-corporate,0.010351445312893452,0.017357335894677473,0.015307293395854793,0.010351445312893448,0.017357335894677473,0.015307293395854682,-0.04334564778860628,-0.06849211658326781,-0.06142962174439304
128,System integrators,0.0,EP1H,0.0,0.034677341798193095,0.058147075247169555,0.05127943287611347,Equipment,0.4637208417906334,0.25310127709257024,0.280904859806809,0.46372084179063333,0.25310127709257024,0.28090485980680907,0.010351445312893455,0.017357335894677473,0.015307293395854779,non-corporate,0.010351445312893455,0.017357335894677473,0.015307293395854779,0.010351445312893448,0.017357335894677473,0.015307293395854682,-0.04334564778860639,-0.06849211658326815,-0.06142962174439304
129,Communications,0.0,EP20,0.0,0.013103269245862026,0.02486482765028819,0.021229670103177445,Equipment,0.21952487398975226,0.12656682390248367,0.1376025525199403,0.21952487398975223,0.12656682390248364,0.13760255251994036,0.003911423655481194,0.00742233661202632,0.006337214956172378,non-corporate,0.003911423655481194,0.00742233661202632,0.006337214956172378,0.003911423655481194,0.007422336612026348,0.006337214956172399,-0.05906124721495165,-0.09181985594187503,-0.08273217091638052
130,Photocopy and related equipment,0.0,EP31,0.0,0.014415635467647958,0.026130777810903782,0.022564463339805607,Equipment,0.23785333657711177,0.1321591325725579,0.1450734544724107,0.23785333657711175,0.13215913257255787,0.14507345447241077,0.004303174766462085,0.007800232182359333,0.006735660698449442,non-corporate,0.004303174766462085,0.007800232182359333,0.006735660698449442,0.004303174766462081,0.00780023218235934,0.006735660698449442,-0.04334564778860661,-0.06849211658326804,-0.06142962174439359
131,Nonelectro medical instruments,0.0,EP34,0.0,0.015256937625555161,0.028213038697208648,0.02424649871564316,Equipment,0.2493136808670765,0.14120333621007383,0.1543178393964434,0.24931368086707645,0.1412033362100738,0.1543178393964434,0.004554309738971696,0.0084218025961817,0.0072377608106397595,non-corporate,0.004554309738971696,0.0084218025961817,0.0072377608106397595,0.004554309738971696,0.008421802596181693,0.0072377608106397595,-0.05906124721495154,-0.09181985594187492,-0.08273217091638052
132,Electro medical instruments,0.0,EP35,0.0,0.01525693762555519,0.028213038697208676,0.024246498715643217,Equipment,0.24931368086707614,0.14120333621007378,0.15431783939644345,0.24931368086707612,0.14120333621007375,0.15431783939644345,0.004554309738971692,0.008421802596181693,0.0072377608106397595,non-corporate,0.004554309738971692,0.008421802596181693,0.0072377608106397595,0.004554309738971696,0.008421802596181693,0.0072377608106397595,-0.05906124721495165,-0.09181985594187514,-0.08273217091638063
133,Nonmedical instruments,0.0,EP36,0.0,0.015256937625555217,0.02821303869720873,0.024246498715643244,Equipment,0.24931368086707664,0.14120333621007386,0.1543178393964435,0.24931368086707661,0.14120333621007386,0.1543178393964435,0.004554309738971699,0.0084218025961817,0.0072377608106397595,non-corporate,0.004554309738971699,0.0084218025961817,0.0072377608106397595,0.004554309738971696,0.008421802596181693,0.0072377608106397595,-0.05906124721495165,-0.09181985594187492,-0.08273217091638052
134,Light trucks (including utility vehicles),0.0,ET11,0.0,0.01387923307626393,0.025283187868185814,0.021804271770718503,Equipment,0.2304294696486011,0.1284228780038131,0.14083348070076973,0.23042946964860112,0.12842287800381308,0.14083348070076973,0.004143054649631019,0.007547220259159944,0.006508737842005542,non-corporate,0.004143054649631019,0.007547220259159944,0.006508737842005542,0.004143054649631023,0.007547220259159965,0.006508737842005535,-0.04334564778860628,-0.06849211658326793,-0.061429621744392815
135,"Other trucks, buses and truck trailers",0.0,ET12,0.0,0.013879233076264014,0.025283187868185814,0.021804271770718586,Equipment,0.2304294696486017,0.128422878003813,0.14083348070077015,0.23042946964860164,0.12842287800381297,0.14083348070077017,0.00414305464963103,0.007547220259159937,0.006508737842005563,non-corporate,0.00414305464963103,0.007547220259159937,0.006508737842005563,0.004143054649631023,0.007547220259159937,0.006508737842005563,-0.043345647788606056,-0.06849211658326793,-0.061429621744392926
136,Autos,0.0,ET20,0.0,0.02537970034753692,0.04345551624005842,0.038102779011941146,Equipment,0.37171784106995814,0.20207468186886535,0.2239293316052713,0.3717178410699581,0.20207468186886532,0.2239293316052713,0.007576029954488632,0.012971795892554754,0.011373963884161557,non-corporate,0.007576029954488632,0.012971795892554754,0.011373963884161557,0.007576029954488639,0.01297179589255476,0.011373963884161564,-0.0433456477886065,-0.06849211658326804,-0.06142962174439315
137,Aircraft,0.0,ET30,0.0,0.007685573463749984,0.01549634932960256,0.013026593119662283,Equipment,0.13748923454222672,0.08282935665643683,0.08887883706968569,0.13748923454222672,0.08282935665643681,0.08887883706968572,0.0022942010339552232,0.0046257759192843625,0.0038885352596007006,non-corporate,0.0022942010339552232,0.0046257759192843625,0.0038885352596007006,0.0022942010339552232,0.0046257759192843695,0.0038885352596007006,-0.0433456477886065,-0.06849211658326804,-0.06142962174439304
138,Ships and boats,0.0,ET40,0.0,0.011058078001757177,0.022827569080042937,0.019116397638986427,Equipment,0.18981029525570045,0.11741437246907924,0.12552254332979385,0.18981029525570042,0.11741437246907921,0.12552254332979387,0.003300918806494673,0.006814199725385946,0.005706387354921336,non-corporate,0.003300918806494673,0.006814199725385946,0.005706387354921336,0.0033009188064946765,0.006814199725385939,0.0057063873549213495,-0.08107749159944799,-0.1231724749282549,-0.11170218096150775
139,Railroad equipment,0.0,ET50,0.0,0.007840912119009835,0.016683678485867104,0.013858233674527876,Equipment,0.13999599272306906,0.08861336192367632,0.09405099201086382,0.13999599272306906,0.0886133619236763,0.09405099201086384,0.002340570781793984,0.004980202533094655,0.0041367861715008725,non-corporate,0.002340570781793984,0.004980202533094655,0.0041367861715008725,0.002340570781793991,0.004980202533094655,0.0041367861715008725,-0.05906124721495154,-0.09181985594187525,-0.08273217091638096
140,Theatrical movies,0.0,AE10,0.0,0.01778700000000011,0.0422575580551354,0.03516109621914601,Intellectual Property,0.2824877156199429,0.19760479041916187,0.2100573501610275,0.2824877156199429,0.19760479041916185,0.21005735016102756,0.005309552238805998,0.012614196434368778,0.01049584961765554,non-corporate,0.005309552238805998,0.012614196434368778,0.01049584961765554,0.005309552238805998,0.012614196434368785,0.01049584961765554,-0.09409916201117308,-0.17757879283261657,-0.15712897941437554
141,Long-lived television programs,0.0,AE20,0.0,0.01778700000000011,0.042257558055135425,0.03516109621914609,Intellectual Property,0.2824877156199429,0.19760479041916212,0.21005735016102733,0.2824877156199429,0.1976047904191621,0.2100573501610274,0.005309552238805998,0.012614196434368785,0.01049584961765554,non-corporate,0.005309552238805998,0.012614196434368785,0.01049584961765554,0.005309552238805998,0.012614196434368785,0.01049584961765554,-0.05686853766617428,-0.11682552421241066,-0.10117654925128117
142,Books,0.0,AE30,0.0,0.017786999999999997,0.04225755805513537,0.03516109621914615,Intellectual Property,0.2824877156199417,0.19760479041916174,0.2100573501610281,0.2824877156199417,0.1976047904191617,0.2100573501610281,0.00530955223880597,0.012614196434368771,0.010495849617655567,non-corporate,0.00530955223880597,0.012614196434368771,0.010495849617655567,0.00530955223880597,0.012614196434368785,0.010495849617655595,-0.07561728395061718,-0.14870776059203983,-0.13023969580564443
143,Music,0.0,AE40,0.0,0.017787000000000053,0.04225755805513534,0.035161096219146204,Intellectual Property,0.2824877156199411,0.19760479041916154,0.21005735016102856,0.28248771561994107,0.1976047904191615,0.21005735016102856,0.00530955223880597,0.01261419643436875,0.010495849617655595,non-corporate,0.00530955223880597,0.01261419643436875,0.010495849617655595,0.00530955223880597,0.01261419643436873,0.010495849617655595,-0.03735791516495701,-0.08048060470705631,-0.06882562163215267
144,Other entertainment originals,0.0,AE50,0.0,0.017787000000000136,0.042257558055135425,0.035161096219146204,Intellectual Property,0.2824877156199429,0.197604790419162,0.21005735016102792,0.28248771561994285,0.19760479041916199,0.21005735016102794,0.005309552238806001,0.012614196434368785,0.010495849617655567,non-corporate,0.005309552238806001,0.012614196434368785,0.010495849617655567,0.005309552238805998,0.012614196434368785,0.010495849617655567,-0.08256740196078438,-0.15984543905372572,-0.14054757995463052
145,Own account software,0.0,ENS3,0.0,0.0,0.0,0.0,Intellectual Property,0.0,0.0,0.0,0.0,0.0,0.0,0.0,0.0,0.0,non-corporate,0.0,0.0,0.0,0.0,0.0,0.0,0.0,0.0,0.0
146,Pharmaceutical and medicine manufacturing,0.0,RD11,0.0,0.0,0.0,0.0,Intellectual Property,0.0,0.0,0.0,0.0,0.0,0.0,0.0,0.0,0.0,non-corporate,0.0,0.0,0.0,0.0,0.0,0.0,0.0,0.0,0.0
147,"Chemical manufacturing, ex. pharma and med",0.0,RD12,0.0,0.0,0.0,0.0,Intellectual Property,0.0,0.0,0.0,0.0,0.0,0.0,0.0,0.0,0.0,non-corporate,0.0,0.0,0.0,0.0,0.0,0.0,0.0,0.0,0.0
148,Computers and peripheral equipment manufacturing,0.0,RD21,0.0,0.0,0.0,0.0,Intellectual Property,0.0,0.0,0.0,0.0,0.0,0.0,0.0,0.0,0.0,non-corporate,0.0,0.0,0.0,0.0,0.0,0.0,0.0,0.0,0.0
149,Communications equipment manufacturing,0.0,RD22,0.0,0.0,0.0,0.0,Intellectual Property,0.0,0.0,0.0,0.0,0.0,0.0,0.0,0.0,0.0,non-corporate,0.0,0.0,0.0,0.0,0.0,0.0,0.0,0.0,0.0
150,Semiconductor and other component manufacturing,0.0,RD23,0.0,0.0,0.0,0.0,Intellectual Property,0.0,0.0,0.0,0.0,0.0,0.0,0.0,0.0,0.0,non-corporate,0.0,0.0,0.0,0.0,0.0,0.0,0.0,0.0,0.0
151,Navigational and other instruments manufacturing,0.0,RD24,0.0,0.0,0.0,0.0,Intellectual Property,0.0,0.0,0.0,0.0,0.0,0.0,0.0,0.0,0.0,non-corporate,0.0,0.0,0.0,0.0,0.0,0.0,0.0,0.0,0.0
152,"Other computer and electronic manufacturing, n.e.c.",0.0,RD25,0.0,0.0,0.0,0.0,Intellectual Property,0.0,0.0,0.0,0.0,0.0,0.0,0.0,0.0,0.0,non-corporate,0.0,0.0,0.0,0.0,0.0,0.0,0.0,0.0,0.0
153,Motor vehicles and parts manufacturing,0.0,RD31,0.0,0.0,0.0,0.0,Intellectual Property,0.0,0.0,0.0,0.0,0.0,0.0,0.0,0.0,0.0,non-corporate,0.0,0.0,0.0,0.0,0.0,0.0,0.0,0.0,0.0
154,Aerospace products and parts manufacturing,0.0,RD32,0.0,0.0,0.0,0.0,Intellectual Property,0.0,0.0,0.0,0.0,0.0,0.0,0.0,0.0,0.0,non-corporate,0.0,0.0,0.0,0.0,0.0,0.0,0.0,0.0,0.0
155,Software publishers,0.0,RD40,0.0,0.013019415123118216,0.023450365156688024,0.020277699483379125,Intellectual Property,0.2183345888135546,0.12023259531386662,0.13219960061545183,0.21833458881355464,0.12023259531386661,0.13219960061545183,0.0038863925740651416,0.007000109001996428,0.006053044621904202,non-corporate,0.0038863925740651416,0.007000109001996428,0.006053044621904202,0.003886392574065145,0.007000109001996435,0.006053044621904147,-0.032664988491768465,-0.05240128056570381,-0.04679589422659558
156,Financial and real estate services,0.0,RD50,0.0,0.0,0.0,0.0,Intellectual Property,0.0,0.0,0.0,0.0,0.0,0.0,0.0,0.0,0.0,non-corporate,0.0,0.0,0.0,0.0,0.0,0.0,0.0,0.0,0.0
157,Computer systems design and related services,0.0,RD60,0.0,0.02056502746471689,0.03555506096736563,0.031087551049722495,Intellectual Property,0.316829351293711,0.17164222160920836,0.19007280218490968,0.3168293512937109,0.17164222160920833,0.19007280218490974,0.006138814168572204,0.01061345103503452,0.009279865984991802,non-corporate,0.006138814168572204,0.01061345103503452,0.009279865984991802,0.006138814168572204,0.010613451035034527,0.009279865984991809,-0.032664988491768576,-0.052401280565704145,-0.04679589422659569
158,Scientific research and development services,0.0,RD70,0.0,0.0,0.0,0.0,Intellectual Property,0.0,0.0,0.0,0.0,0.0,0.0,0.0,0.0,0.0,non-corporate,0.0,0.0,0.0,0.0,0.0,0.0,0.0,0.0,0.0
159,"All other nonmanufacturing, n.e.c.",0.0,RD80,0.0,0.0,0.0,0.0,Intellectual Property,0.0,0.0,0.0,0.0,0.0,0.0,0.0,0.0,0.0,non-corporate,0.0,0.0,0.0,0.0,0.0,0.0,0.0,0.0,0.0
160,Private universities and colleges,0.0,RD91,0.0,0.009785581262433146,0.01826263838068337,0.015644905954945942,Intellectual Property,0.1705742773878111,0.09619309922157566,0.10497904837009744,0.1705742773878111,0.09619309922157566,0.10497904837009747,0.0029210690335621237,0.005451533844980101,0.004670121180580876,non-corporate,0.0029210690335621237,0.005451533844980101,0.004670121180580876,0.0029210690335621237,0.005451533844980094,0.004670121180580883,-0.032664988491768354,-0.05240128056570381,-0.04679589422659558
161,Other nonprofit institutions,0.0,RD92,0.0,0.009785581262433118,0.018262638380683316,0.015644905954945998,Intellectual Property,0.1705742773878106,0.09619309922157554,0.10497904837009772,0.1705742773878106,0.09619309922157553,0.10497904837009775,0.0029210690335621167,0.005451533844980094,0.00467012118058089,non-corporate,0.0029210690335621167,0.005451533844980094,0.00467012118058089,0.0029210690335621237,0.005451533844980094,0.004670121180580883,-0.032664988491768354,-0.05240128056570381,-0.04679589422659558
162,Other manufacturing,0.0,RDOM,0.0,0.0,0.0,0.0,Intellectual Property,0.0,0.0,0.0,0.0,0.0,0.0,0.0,0.0,0.0,non-corporate,0.0,0.0,0.0,0.0,0.0,0.0,0.0,0.0,0.0
163,Inventories,0.0,INV,0.0,0.0,0.0,0.0,Inventories,0.0,0.0,0.0,0.0,0.0,0.0,0.0,0.0,0.0,non-corporate,0.0,0.0,0.0,0.0,0.0,0.0,0.0,0.0,0.0
164,Land,0.0,LAND,0.0,0.0,0.0,0.0,Land,0.0,0.0,0.0,0.0,0.0,0.0,0.0,0.0,0.0,non-corporate,0.0,0.0,0.0,0.0,0.0,0.0,0.0,0.0,0.0
165,Residential,0.0,RES,0.0,0.0,0.0,0.0,Structures,0.0,0.0,0.0,0.0,0.0,0.0,0.0,0.0,0.0,non-corporate,0.0,0.0,0.0,0.0,0.0,0.0,0.0,0.0,0.0
166,Religious,0.0,SB10,0.0,0.0,0.0,0.0,Structures,0.0,0.0,0.0,0.0,0.0,0.0,0.0,0.0,0.0,non-corporate,0.0,0.0,0.0,0.0,0.0,0.0,0.0,0.0,0.0
167,Educational and vocational,0.0,SB20,0.0,0.0,0.0,0.0,Structures,0.0,0.0,0.0,0.0,0.0,0.0,0.0,0.0,0.0,non-corporate,0.0,0.0,0.0,0.0,0.0,0.0,0.0,0.0,0.0
168,Hospitals,0.0,SB31,0.0,0.0,0.0,0.0,Structures,0.0,0.0,0.0,0.0,0.0,0.0,0.0,0.0,0.0,non-corporate,0.0,0.0,0.0,0.0,0.0,0.0,0.0,0.0,0.0
169,Special care,0.0,SB32,0.0,0.0,0.0,0.0,Structures,0.0,0.0,0.0,0.0,0.0,0.0,0.0,0.0,0.0,non-corporate,0.0,0.0,0.0,0.0,0.0,0.0,0.0,0.0,0.0
170,Lodging,0.0,SB41,0.0,0.0,0.0,0.0,Structures,0.0,0.0,0.0,0.0,0.0,0.0,0.0,0.0,0.0,non-corporate,0.0,0.0,0.0,0.0,0.0,0.0,0.0,0.0,0.0
171,Amusement and recreation,0.0,SB42,0.0,0.005024576545564818,0.012305248655278683,0.00991315010438018,Structures,0.09298220379433708,0.06691397413286754,0.06901535681358781,0.09298220379433714,0.06691397413286752,0.06901535681358781,0.0014998735956909884,0.003673208553814547,0.002959149284889634,non-corporate,0.0014998735956909884,0.003673208553814547,0.002959149284889634,0.0014998735956909814,0.003673208553814533,0.002959149284889634,-0.05906124721495165,-0.0918198559418747,-0.08273217091638041
172,Air transportation,0.0,SB43,0.0,0.0,0.0,0.0,Structures,0.0,0.0,0.0,0.0,0.0,0.0,0.0,0.0,0.0,non-corporate,0.0,0.0,0.0,0.0,0.0,0.0,0.0,0.0,0.0
173,Local transit structures,0.0,SB44,0.0,0.0,0.0,0.0,Structures,0.0,0.0,0.0,0.0,0.0,0.0,0.0,0.0,0.0,non-corporate,0.0,0.0,0.0,0.0,0.0,0.0,0.0,0.0,0.0
174,Other transportation,0.0,SB45,0.0,0.0,0.0,0.0,Structures,0.0,0.0,0.0,0.0,0.0,0.0,0.0,0.0,0.0,non-corporate,0.0,0.0,0.0,0.0,0.0,0.0,0.0,0.0,0.0
175,Other land transportation,0.0,SB46,0.0,0.003237009631205351,0.00846700340466175,0.0067220710400351935,Structures,0.06132138675577392,0.04702367742241876,0.04779800614647925,0.06132138675577392,0.04702367742241875,0.04779800614647926,0.000966271531703089,0.0025274637028841057,0.0020065883701597675,non-corporate,0.000966271531703089,0.0025274637028841057,0.0020065883701597675,0.000966271531703089,0.0025274637028841057,0.0020065883701597675,-0.04334564778860617,-0.06849211658326781,-0.06142962174439337
176,Warehouses,0.0,SC01,0.0,0.0,0.0,0.0,Structures,0.0,0.0,0.0,0.0,0.0,0.0,0.0,0.0,0.0,non-corporate,0.0,0.0,0.0,0.0,0.0,0.0,0.0,0.0,0.0
177,Other commercial,0.0,SC02,0.0,0.0,0.0,0.0,Structures,0.0,0.0,0.0,0.0,0.0,0.0,0.0,0.0,0.0,non-corporate,0.0,0.0,0.0,0.0,0.0,0.0,0.0,0.0,0.0
178,Multimerchandise shopping,0.0,SC03,0.0,0.0,0.0,0.0,Structures,0.0,0.0,0.0,0.0,0.0,0.0,0.0,0.0,0.0,non-corporate,0.0,0.0,0.0,0.0,0.0,0.0,0.0,0.0,0.0
179,Food and beverage establishments,0.0,SC04,0.0,0.0,0.0,0.0,Structures,0.0,0.0,0.0,0.0,0.0,0.0,0.0,0.0,0.0,non-corporate,0.0,0.0,0.0,0.0,0.0,0.0,0.0,0.0,0.0
180,Manufacturing,0.0,SI00,0.0,0.0,0.0,0.0,Structures,0.0,0.0,0.0,0.0,0.0,0.0,0.0,0.0,0.0,non-corporate,0.0,0.0,0.0,0.0,0.0,0.0,0.0,0.0,0.0
181,Petroleum and natural gas,0.0,SM01,0.0,0.00691315402015702,0.014275819812088725,0.011931917260177116,Structures,0.12487828542374502,0.07680659229691808,0.08198603866079557,0.12487828542374502,0.07680659229691808,0.08198603866079558,0.002063628065718505,0.004261438749877236,0.0035617663463215626,non-corporate,0.002063628065718505,0.004261438749877236,0.0035617663463215626,0.002063628065718512,0.004261438749877222,0.0035617663463215488,-0.04334564778860628,-0.06849211658326781,-0.061429621744392926
182,Mining,0.0,SM02,0.0,0.006486342414134844,0.014577790089840115,0.011960771334560694,Structures,0.11780375462506232,0.07830403193676828,0.08216897431014586,0.11780375462506226,0.07830403193676827,0.08216897431014589,0.0019362216161596564,0.004351579131295566,0.0035703795028539237,non-corporate,0.0019362216161596564,0.004351579131295566,0.0035703795028539237,0.0019362216161596668,0.00435157913129558,0.0035703795028539237,-0.05906124721495154,-0.0918198559418748,-0.08273217091638041
183,Farm,0.0,SN00,0.0,0.012034789842253563,0.028026318036451087,0.022974274608050405,Structures,0.2041808854920279,0.14040002493408213,0.14734304507005383,0.20418088549202787,0.1404000249340821,0.14734304507005386,0.0035924745797771933,0.008366065085507787,0.006857992420313562,non-corporate,0.0035924745797771933,0.008366065085507787,0.006857992420313562,0.0035924745797771968,0.008366065085507787,0.006857992420313555,-0.16044461121003617,-0.22610965536746952,-0.20931908057840531
184,Water supply,0.0,SO01,0.0,0.011664162790358396,0.027504004732552323,0.022490747531914296,Structures,0.1987671602127677,0.13814492147067647,0.14466401186068495,0.19876716021276766,0.13814492147067645,0.14466401186068498,0.0034818396389129647,0.008210150666433519,0.00671365597967593,non-corporate,0.0034818396389129647,0.008210150666433519,0.00671365597967593,0.0034818396389129647,0.008210150666433519,0.006713655979675923,-0.16044461121003628,-0.2261096553674694,-0.20931908057840531
185,Sewage and waste disposal,0.0,SO02,0.0,0.011664162790358423,0.02750400473255224,0.022490747531914296,Structures,0.19876716021276755,0.1381449214706761,0.14466401186068495,0.19876716021276752,0.1381449214706761,0.14466401186068498,0.0034818396389129647,0.008210150666433498,0.00671365597967593,non-corporate,0.0034818396389129647,0.008210150666433498,0.00671365597967593,0.0034818396389129647,0.008210150666433491,0.0067136559796759365,-0.16044461121003573,-0.2261096553674694,-0.2093190805784051
186,Public safety,0.0,SO03,0.0,0.0,0.0,0.0,Structures,0.0,0.0,0.0,0.0,0.0,0.0,0.0,0.0,0.0,non-corporate,0.0,0.0,0.0,0.0,0.0,0.0,0.0,0.0,0.0
187,Highway and conservation and development,0.0,SO04,0.0,0.009337586918116814,0.022763548065861477,0.01844766127015096,Structures,0.16365920563702702,0.1171236463637033,0.12163391150697545,0.16365920563702696,0.11712364636370329,0.12163391150697547,0.002787339378542329,0.0067950889748840185,0.00550676455825401,non-corporate,0.002787339378542329,0.0067950889748840185,0.00550676455825401,0.002787339378542329,0.0067950889748840115,0.005506764558254024,-0.1284417518551395,-0.18713849339987076,-0.17169049140809833
188,Mobile structures,0.0,SOMO,0.0,0.007519323627924346,0.016183719370263527,0.013407757003888188,Structures,0.13479557948873883,0.0861867555095608,0.09125621615156192,0.13479557948873877,0.08618675550956079,0.09125621615156193,0.0022445742172908616,0.004830961006048823,0.004002315523548711,non-corporate,0.0022445742172908616,0.004830961006048823,0.004002315523548711,0.002244574217290865,0.004830961006048823,0.004002315523548711,-0.05906124721495165,-0.0918198559418748,-0.08273217091638052
189,Office,0.0,SOO1,0.0,0.0,0.0,0.0,Structures,0.0,0.0,0.0,0.0,0.0,0.0,0.0,0.0,0.0,non-corporate,0.0,0.0,0.0,0.0,0.0,0.0,0.0,0.0,0.0
190,Medical buildings,0.0,SOO2,0.0,0.0,0.0,0.0,Structures,0.0,0.0,0.0,0.0,0.0,0.0,0.0,0.0,0.0,non-corporate,0.0,0.0,0.0,0.0,0.0,0.0,0.0,0.0,0.0
191,Other railroad,0.0,SU11,0.0,0.01036696810872531,0.02567590816890633,0.02079840276543793,Structures,0.17943649896365893,0.13015801705186092,0.13516266709659047,0.17943649896365887,0.1301580170518609,0.1351626670965905,0.003094617345888142,0.007664450199673531,0.006208478437444168,non-corporate,0.003094617345888142,0.007664450199673531,0.006208478437444168,0.0030946173458881385,0.007664450199673517,0.006208478437444168,-0.16044461121003595,-0.22610965536746952,-0.20931908057840531
192,Track replacement,0.0,SU12,0.0,0.004527576150250956,0.011532584567527843,0.009216958886118842,Structures,0.08432750323028088,0.062976955873006,0.06446239278383131,0.08432750323028093,0.06297695587300599,0.06446239278383133,0.0013515152687316352,0.003442562557471003,0.002751331010781774,non-corporate,0.0013515152687316352,0.003442562557471003,0.002751331010781774,0.0013515152687316317,0.00344256255747101,0.002751331010781774,-0.05906124721495165,-0.09181985594187503,-0.08273217091638052
193,Communication,0.0,SU20,0.0,0.00959190158679002,0.023134082282793206,0.018787608443138842,Structures,0.16759400342771497,0.11880363230414578,0.12361469145704057,0.16759400342771497,0.11880363230414576,0.12361469145704058,0.0028632542050119475,0.006905696203818867,0.005608241326310118,non-corporate,0.0028632542050119475,0.006905696203818867,0.005608241326310118,0.0028632542050119475,0.006905696203818867,0.005608241326310118,-0.12844175185513973,-0.18713849339987088,-0.17169049140809844
194,Electric,0.0,SU30,0.0,0.009040886471331472,0.022331258146107785,0.018051056234998197,Structures,0.15903748251652183,0.1151555485884485,0.11931241806871529,0.15903748251652178,0.11515554858844847,0.11931241806871531,0.0026987720809944667,0.00666604720779336,0.005388374995521868,non-corporate,0.0026987720809944667,0.00666604720779336,0.005388374995521868,0.00269877208099447,0.00666604720779336,0.005388374995521861,-0.12844175185513973,-0.187138493399871,-0.17169049140809856
195,Gas,0.0,SU40,0.0,0.006913154020156992,0.014275819812088836,0.011931917260177172,Structures,0.12487828542374568,0.0768065922969186,0.08198603866079522,0.12487828542374563,0.07680659229691858,0.08198603866079524,0.0020636280657185153,0.004261438749877264,0.0035617663463215488,non-corporate,0.0020636280657185153,0.004261438749877264,0.0035617663463215488,0.002063628065718512,0.004261438749877278,0.0035617663463215488,-0.04334564778860628,-0.06849211658326781,-0.061429621744392815
196,Petroleum pipelines,0.0,SU50,0.0,0.003237009631205351,0.00846700340466186,0.006722071040035221,Structures,0.0613213867557737,0.047023677422419405,0.04779800614647943,0.0613213867557737,0.04702367742241939,0.047798006146479444,0.0009662715317030855,0.0025274637028841404,0.0020065883701597745,non-corporate,0.0009662715317030855,0.0025274637028841404,0.0020065883701597745,0.000966271531703089,0.0025274637028841335,0.0020065883701597675,-0.04334564778860639,-0.06849211658326793,-0.06142962174439315
197,Wind and solar,0.0,SU60,0.0,0.003709043735623252,0.009212882554253538,0.007391039620831513,Structures,0.0698267461551223,0.05095503107470893,0.05232065531043785,0.06982674615512235,0.050955031074708924,0.05232065531043785,0.0011071772345143983,0.002750114195299566,0.002206280483830335,non-corporate,0.0011071772345143983,0.002750114195299566,0.002206280483830335,0.0011071772345144018,0.0027501141952995523,0.002206280483830342,-0.043345647788606056,-0.06849211658326781,-0.06142962174439315
198,Equipment,0.0,,0.0,0.10346465685533134,0.1323047682197677,0.12269063697232299,Equipment,-0.2880336001732346,0.1486181552653203,0.10530721913800233,-0.2245794714966782,0.13124849162322658,0.09013414914427045,-0.004840413275282653,0.010124544067620825,0.005217205222253246,corporate,-0.004840413275282653,0.010124544067620825,0.005217205222253246,-0.004840413275282646,0.010124544067620811,0.005217205222253246,-0.06052942294898378,-0.10253389296293203,-0.08991808477483298
199,Intellectual Property,0.0,,0.0,0.09298273497496896,0.11257745755623383,0.10629529105235341,Intellectual Property,-0.5514369650691879,0.0653392685325755,0.003839045992027862,-0.4299547764722148,0.05770277812529545,0.0032859014495833644,-0.008065620007701842,0.004054602324995035,0.00017248340072412854,corporate,-0.008065620007701842,0.004054602324995035,0.00017248340072412854,-0.008065620007701835,0.004054602324995049,0.0001724834007241216,-0.01826923265203617,-0.040424924574449905,-0.03440086849288704
202,Structures,0.0,,0.0,0.0961255514869559,0.13150454107217818,0.11958145110086116,Structures,-0.27834304820970723,0.13078330304374403,0.08939735500427809,-0.21702375911738916,0.11549807776412482,0.07651663955250226,-0.006113479428539171,0.011681425260517811,0.005794549631858749,corporate,-0.006113479428539171,0.011681425260517811,0.005794549631858749,-0.006113479428539181,0.011681425260517811,0.005794549631858756,-0.007637339996640846,-0.06361246800643827,-0.0501057544069361
203,Equipment,0.0,,0.0,0.015097587785365935,0.027828253690713733,0.023935481884586746,Equipment,0.24715994537541813,0.13954626658076785,0.1526225634040507,0.2471599453754181,0.13954626658076782,0.15262256340405073,0.004506742622497298,0.008306941400213062,0.007144919965548294,non-corporate,0.004506742622497298,0.008306941400213062,0.007144919965548294,0.004506742622497312,0.00830694140021307,0.0071449199655483075,-0.055694207991441425,-0.08656687014995035,-0.07799904737901087
204,Intellectual Property,0.0,,0.0,0.004684044997567749,0.010277045986807981,0.008632118515213422,Intellectual Property,0.08706429565879986,0.05650816329569177,0.06060528253386742,0.08706429565879986,0.056508163295691756,0.06060528253386742,0.0013982223873336454,0.003067774921435208,0.0025767517955860852,non-corporate,0.0013982223873336454,0.003067774921435208,0.0025767517955860852,0.001398222387333642,0.0030677749214352013,0.0025767517955860852,-0.0175253406534841,-0.03262624416184179,-0.028721859876406963
207,Structures,0.0,,0.0,0.0015050733696950203,0.0034905787194222104,0.002855232335374658,Structures,0.014852546972785301,0.010684800935852945,0.011139987234345589,0.014852546972785301,0.010684800935852945,0.011139987234345616,0.00044927563274479304,0.0010419637968424461,0.0008523081598133392,non-corporate,0.00044927563274479304,0.0010419637968424461,0.0008523081598133392,0.0004492756327447861,0.0010419637968424461,0.0008523081598133392,-0.01761170684440827,-0.02579184278486235,-0.02362047248424376
208,Overall,0.0,,0.0,0.09720559038740434,0.13281413284722743,0.12107448716194963,Overall,-0.2698292610002664,0.13559775528433626,0.09590142438046007,-0.21038556888270324,0.11974984359611027,0.08208357754589107,-0.005853210439094189,0.011959863581647204,0.006150484427704356,corporate,-0.005853210439094189,0.011959863581647204,0.006150484427704356,-0.005853210439094203,0.01195986358164719,0.006150484427704356,-0.01849613449761678,-0.05439344997311513,-0.0451170243918918
209,Overall,0.0,,0.0,0.0019794693261494523,0.003898311938504484,0.0033046884896034134,Overall,0.018976260732054773,0.011342061701738904,0.012248696011135735,0.01897626073205477,0.011342061701738959,0.012248696011135735,0.0005908863660147416,0.001163675205523712,0.0009864741760010204,non-corporate,0.0005908863660147416,0.001163675205523712,0.0009864741760010204,0.0005908863660147451,0.001163675205523712,0.0009864741760010204,-0.010882565818952361,-0.01656835417598479,-0.015026220963381298
