,ADS Life,Asset,Asset Type,GDS Class Life,GDS Life,Method,System,asset_category,assets_c,assets_nc,b,bea_asset_code,bonus,delta,eatr_c,eatr_c_d,eatr_c_e,eatr_nc,eatr_nc_d,eatr_nc_e,major_asset_group,metr_c,metr_c_d,metr_c_e,metr_nc,metr_nc_d,metr_nc_e,mettr_c,mettr_c_d,mettr_c_e,mettr_nc,mettr_nc_d,mettr_nc_e,rho_c,rho_c_d,rho_c_e,rho_nc,rho_nc_d,rho_nc_e,tax_wedge_c,tax_wedge_c_d,tax_wedge_c_e,tax_wedge_nc,tax_wedge_nc_d,tax_wedge_nc_e,ucc_c,ucc_c_d,ucc_c_e,ucc_nc,ucc_nc_d,ucc_nc_e,z_c,z_c_d,z_c_e,z_nc,z_nc_d,z_nc_e
0,10.0,Aerospace products and parts manufacturing,Aerospace products and parts manufacturing,7.0,7.0,Expensing,GDS,Intellectual Property,33211530576.08377,4929469423.916241,1.0,RD32,0.5,0.22,0.23158799999999985,0.19564999999999985,0.24850000000000005,0.1977756759356662,0.22558777762092994,0.18641580341633288,Intellectual Property,-0.1659114674102483,-1.178217821782182,3.5890830537451167e-16,0.012033381267900923,0.0677057020247678,-4.0821553797172287e-16,0.03332986664433451,-0.5002900643841758,0.12078725087781113,0.012033381267900923,0.06770570202476793,-2.721436919811486e-16,0.04590399999999997,0.020199999999999968,0.058000000000000024,0.0440317796774681,0.02698551265040114,0.05099433944908696,0.0015299741984415305,-0.010105859300560335,0.007005660550913048,0.0005298511927631852,0.001827073078493665,-1.3877787807814457e-17,0.265904,0.24019999999999997,0.278,0.2640317796774681,0.24698551265040114,0.27099433944908696,1.0,1.0,1.0,1.0,1.0,1.0
1,40.0,Air transportation,Air transportation,39.0,39.0,SL,GDS,Nonresidential Buildings,26676130901.78949,6522869098.210503,1.0,SB43,0.0,0.0237,0.31249197199364365,0.2364382521037134,0.3495252743954287,0.25342249011659035,0.2619513363509613,0.2502630742301155,Structures,0.24404142181542476,-0.3435019569906205,0.3489342151782234,0.2611155812853419,0.3142076937104925,0.2503601272032761,0.37322635550688016,0.0746367891230645,0.42757466146745005,0.2611155812853419,0.3142076937104926,0.25036012720327616,0.07079752984419807,0.032750231416527206,0.08908469981397805,0.05887514661681405,0.036685216998172086,0.06802511619191161,0.02642350404263963,0.002444372115966903,0.03809036036489108,0.01537321813210913,0.011526777426264612,0.017030776742824633,0.09449752984419807,0.056450231416527205,0.11278469981397805,0.08257514661681405,0.060385216998172085,0.09172511619191161,0.33580194903705246,0.4690757942894444,0.2934060192661048,0.3432987259553685,0.42654073245948454,0.3167577928036475
2,6.0,Aircraft,Aircraft,5.0,5.0,DB 200%,GDS,Transportation Equipment,265994401126.7079,86223598873.29208,2.0,ET30,0.5,0.0859,0.2463841590046084,0.20347390455208175,0.26711769759156856,0.20795178048664545,0.2323829821317353,0.19811450715084247,Equipment,-0.0607122118125558,-0.9462692349313612,0.08988945806206414,0.06940139784702137,0.12638489236696374,0.057665114571625944,0.12055173664053681,-0.34053094533724937,0.19981920841766196,0.06940139784702137,0.12638489236696387,0.057665114571626076,0.05045666430911028,0.022607355246794386,0.06372852233586726,0.04674617862530783,0.028798082075379275,0.054114880216819705,0.006082638507551835,-0.007698504053765917,0.012734182886780285,0.0032442501406029153,0.003639642503471801,0.0031205407677327296,0.13635666430911028,0.10850735524679439,0.14962852233586726,0.13264617862530784,0.11469808207537928,0.1400148802168197,0.9358521137246717,0.957862369451559,0.9260689066154328,0.937398287537728,0.9518845709851909,0.9316918863424698
3,,All Investments,All Investments,,,,,,20161607101926.688,16787450898073.32,,,,0.06160866190012606,0.28331808560569216,0.22151822202913118,0.3129731387792109,0.24609827203283435,0.25607082331459424,0.2421365740424078,All Investments,0.1342740526536644,-0.5625303554791694,0.2548615994976509,0.23575531492492371,0.28357486835774937,0.2256859009589166,0.2822170118717317,-0.07622329786377675,0.34486481841781885,0.23575531492492371,0.2835748683577494,0.2256859009589167,0.061820949417136055,0.028159452932040387,0.07783788885514183,0.056921466821102544,0.03511663460805341,0.06585743371099502,0.017446923615577613,-0.002146406368519916,0.02684354940605485,0.013419538336397627,0.009958195036145933,0.014863094261908044,0.12342961131726211,0.08976811483216644,0.13944655075526788,0.08299529477460407,0.06119046256155492,0.09193126166449656,0.54095304734122,0.5882793827030132,0.5243413137299326,0.2424758905499059,0.26539685086007636,0.23487082307896145
4,6.0,"All other nonmanufacturing, n.e.c.","All other nonmanufacturing, n.e.c.",5.0,5.0,Expensing,GDS,Intellectual Property,86239268420.53496,33402731579.465027,1.0,RD80,0.5,0.16,0.231588,0.19564999999999994,0.2484999999999999,0.1977756759356662,0.22558777762092994,0.186415803416333,Intellectual Property,-0.16591146741024757,-1.1782178217821788,-5.9818050895752e-16,0.012033381267900923,0.0677057020247678,1.3607184599057421e-16,0.0333298666443351,-0.5002900643841738,0.12078725087781028,0.012033381267900923,0.06770570202476793,2.7214369198114843e-16,0.045904,0.020199999999999996,0.05799999999999997,0.0440317796774681,0.02698551265040114,0.05099433944908699,0.0015299741984415582,-0.010105859300560308,0.007005660550912993,0.0005298511927631852,0.001827073078493665,1.3877787807814457e-17,0.205904,0.1802,0.21799999999999997,0.2040317796774681,0.18698551265040114,0.210994339449087,1.0,1.0,1.0,1.0,1.0,1.0
5,10.0,Amusement and recreation,Amusement and recreation,7.0,7.0,DB 200%,GDS,Other Structures,163173271952.40323,164426728047.5968,2.0,SB42,0.5,0.03,0.24304347932487352,0.20069782013318935,0.2637087631597925,0.2055784651206214,0.23024749722348872,0.19569595851493146,Structures,-0.08277037282189695,-1.0226931994593154,0.07465934662743266,0.05662567424642675,0.10875613863073227,0.04629554421602328,0.1022630706135668,-0.39316944343214,0.18642870027378233,0.05662567424642675,0.1087561386307324,0.04629554421602341,0.04942876286919186,0.02175317542559673,0.06267961943378232,0.04611311469596685,0.02822845762242352,0.053469750654743395,0.005054737067633416,-0.008552683874963572,0.011685279984695346,0.002611186211261933,0.003070018050516047,0.0024754112056564193,0.07942876286919186,0.05175317542559673,0.09267961943378232,0.07611311469596685,0.05822845762242352,0.0834697506547434,0.9137596413147916,0.9425404651885104,0.9012417976636847,0.9157535278283842,0.9346395002100526,0.9084157893019689
6,5.0,Autos,Autos,5.0,5.0,DB 200%,GDS,Transportation Equipment,136239832218.22221,47539167781.77765,2.0,ET20,0.5,0.3333,0.2741569863675116,0.22171739169802918,0.2991261644724169,0.2273278582419234,0.2472753589877415,0.21925679335175619,Equipment,0.0929144053889359,-0.5591372296195901,0.21171319576890812,0.16204829161575435,0.23228418467093084,0.14660145630682456,0.24792526944145488,-0.0738862161617426,0.3069281917552368,0.16204829161575435,0.23228418467093095,0.14660145630682467,0.059002149651542046,0.028220735907085903,0.07357728137612829,0.05191460086475169,0.032770511001031954,0.05975442520490298,0.014628123849983604,-0.0020851233934744,0.022582941927041314,0.008412672380046775,0.0076120714291244805,0.008760085755816008,0.39230214965154203,0.3615207359070859,0.4068772813761283,0.3852146008647517,0.36607051100103194,0.39305442520490297,0.9358521137246717,0.957862369451559,0.9260689066154328,0.937398287537728,0.9518845709851909,0.9316918863424698
7,15.0,Books,Books,15.0,15.0,Economic,GDS,Intellectual Property,67646468506.0987,14215531493.901308,1.0,AE30,0.5,0.121,0.27175399999999994,0.21332500000000004,0.29924999999999996,0.22531899057914417,0.24246809613610246,0.21831442633756964,Intellectual Property,0.08140308628283521,-0.7161716171617153,0.21212121212121202,0.1533089463497858,0.20102033155962093,0.1429962940075752,0.23838110705311247,-0.18204671739359046,0.3072869249340327,0.1533089463497858,0.20102033155962104,0.1429962940075753,0.05826276923076923,0.025638461538461554,0.07361538461538461,0.051378750604676254,0.031488209982886234,0.059503055929069376,0.013888743429210787,-0.004667397762098749,0.022621045166297635,0.007876822119971337,0.00632977041097876,0.0085087164799824,0.17926276923076923,0.14663846153846155,0.1946153846153846,0.17237875060467625,0.15248820998288623,0.18050305592906937,0.8624838230359968,0.928470254957507,0.8379888268156424,0.8665960587605546,0.908823802522645,0.8517557623918719
8,9.5,"Chemical manufacturing, ex. pharma and med","Chemical manufacturing, ex. pharma and med",5.0,5.0,Expensing,GDS,Intellectual Property,54399224281.0093,9431775718.990715,1.0,RD12,0.5,0.16,0.231588,0.19564999999999994,0.2484999999999999,0.1977756759356662,0.22558777762092994,0.186415803416333,Intellectual Property,-0.16591146741024757,-1.1782178217821788,-5.9818050895752e-16,0.012033381267900923,0.0677057020247678,1.3607184599057421e-16,0.0333298666443351,-0.5002900643841738,0.12078725087781028,0.012033381267900923,0.06770570202476793,2.7214369198114843e-16,0.045904,0.020199999999999996,0.05799999999999997,0.0440317796774681,0.02698551265040114,0.05099433944908699,0.0015299741984415582,-0.010105859300560308,0.007005660550912993,0.0005298511927631852,0.001827073078493665,1.3877787807814457e-17,0.205904,0.1802,0.21799999999999997,0.2040317796774681,0.18698551265040114,0.210994339449087,1.0,1.0,1.0,1.0,1.0,1.0
9,6.0,Communication,Communication,15.0,15.0,DB 150%,GDS,Mining and Drilling Structures,578746934520.2732,54922065479.7266,1.5,SU20,0.5,0.0237,0.2532365270808377,0.20528025855729537,0.2768829613933589,0.21254600191755257,0.2344897900112627,0.2038667282991077,Structures,-0.018166331124805663,-0.8995683960246169,0.13086764036701332,0.09317427567736865,0.14310658711250449,0.08364718230093786,0.15582699836303776,-0.3083648304934784,0.23584774873602657,0.09317427567736865,0.1431065871125046,0.08364718230093798,0.052565085255642366,0.023163156479167807,0.06673321889026429,0.04797165245527128,0.029360057147750085,0.05564924171579723,0.008191059454083924,-0.0071427028213924965,0.015738879441177314,0.004469723970566365,0.004201617575842611,0.0046549022667102535,0.07626508525564236,0.046863156479167806,0.09043321889026429,0.07167165245527128,0.053060057147750084,0.07934924171579723,0.8222718966821474,0.8746468134422991,0.8014830467329329,0.825691874132762,0.8596138088987213,0.8132542192868342
10,10.0,Communications,Communications,7.0,7.0,DB 200%,GDS,Instruments and Communications Equipment,498336136105.8777,102468863894.12277,2.0,EP20,0.5,0.1129,0.2555547993611301,0.20903376214596622,0.2780361093637335,0.21431594551418892,0.23702625092922375,0.20519446005104694,Equipment,-0.004534674417151154,-0.8093533208743814,0.13546430199073406,0.10201193851554763,0.16240829610443638,0.08944214644035761,0.16712915618186155,-0.246227435623194,0.23988919223900257,0.10201193851554763,0.16240829610443652,0.08944214644035774,0.053278399803424664,0.02431808066029731,0.06708803365037955,0.04844377152719875,0.030036638919533037,0.056003404121698463,0.008904374001866222,-0.0059877786402629946,0.01609369420129257,0.004941843042493836,0.0048781993476255635,0.005009064672611488,0.16617839980342466,0.1372180806602973,0.17998803365037955,0.16134377152719875,0.14293663891953304,0.16890340412169846,0.9137596413147916,0.9425404651885104,0.9012417976636847,0.9157535278283842,0.9346395002100526,0.9084157893019689
11,6.0,Communications equipment manufacturing,Communications equipment manufacturing,5.0,5.0,Expensing,GDS,Intellectual Property,38393784818.88548,5016215181.114516,1.0,RD22,0.5,0.27,0.231588,0.19564999999999994,0.24849999999999997,0.19777567593566608,0.22558777762093005,0.186415803416333,Intellectual Property,-0.16591146741024757,-1.1782178217821788,-1.1963610179150395e-16,0.0120333812679003,0.06770570202476876,1.3607184599057421e-16,0.0333298666443351,-0.5002900643841738,0.12078725087781071,0.0120333812679003,0.06770570202476889,2.7214369198114843e-16,0.045904,0.020199999999999996,0.057999999999999996,0.044031779677468075,0.026985512650401167,0.05099433944908699,0.0015299741984415582,-0.010105859300560308,0.00700566055091302,0.0005298511927631575,0.0018270730784936927,1.3877787807814457e-17,0.315904,0.2902,0.328,0.3140317796774681,0.2969855126504012,0.320994339449087,1.0,1.0,1.0,1.0,1.0,1.0
12,3.0,Computer systems design and related services,Computer systems design and related services,3.0,3.0,SL,GDS,Intellectual Property,6318822870.452646,5115177129.547355,1.0,RD60,0.5,0.36,0.2663569274937479,0.2167629408735084,0.29001444620525707,0.2218980837240712,0.24319213988149713,0.21328411440929496,Intellectual Property,0.05445257012182008,-0.64816912105918,0.180486255929382,0.13799957677770444,0.20589100560066512,0.12322496146042378,0.21603613508946892,-0.1352086701442647,0.27947306813225375,0.13799957677770444,0.20589100560066523,0.1232249614604239,0.056602131536537814,0.02669628949954106,0.07077367575546373,0.05046624956643031,0.03168134317750343,0.05816125825619656,0.012228105734979372,-0.003609569801019244,0.019779336306376752,0.006964321081725393,0.006522903605595955,0.007166918807109582,0.4166021315365378,0.38669628949954105,0.4307736757554637,0.4104662495664303,0.3916813431775034,0.41816125825619654,0.9510525676813826,0.9682679178274464,0.9432475103140706,0.9522772822138272,0.96363817853774,0.9477453953644253
13,6.0,Computers and peripheral equipment manufacturing,Computers and peripheral equipment manufacturing,5.0,5.0,Expensing,GDS,Intellectual Property,9567048384.839535,1249951615.1604643,1.0,RD21,0.5,0.4,0.231588,0.19565000000000016,0.24849999999999997,0.1977756759356659,0.22558777762093005,0.186415803416333,Intellectual Property,-0.16591146741024757,-1.1782178217821728,-1.1963610179150395e-16,0.012033381267899055,0.06770570202476876,1.3607184599057421e-16,0.0333298666443351,-0.5002900643841697,0.12078725087781071,0.012033381267899055,0.06770570202476889,2.7214369198114843e-16,0.045904,0.02020000000000005,0.057999999999999996,0.04403177967746802,0.026985512650401167,0.05099433944908699,0.0015299741984415582,-0.010105859300560252,0.00700566055091302,0.0005298511927631019,0.0018270730784936927,1.3877787807814457e-17,0.445904,0.4202000000000001,0.458,0.44403177967746804,0.4269855126504012,0.450994339449087,1.0,1.0,1.0,1.0,1.0,1.0
14,4.0,Construction tractors,Construction tractors,5.0,5.0,DB 200%,GDS,Other Industrial Equipment,9895536359.508791,3719463640.4912267,2.0,EO22,0.5,0.1633,0.2550729902006015,0.2091814466098681,0.27713166419050816,0.21401365768251654,0.2370421170090793,0.2047289491554937,Equipment,-0.007337625866828024,-0.8059786240654315,0.13186314532820603,0.10051477626076422,0.16252629599360816,0.08741875886206575,0.16480519803633695,-0.24390304728969212,0.23672300938972157,0.10051477626076422,0.16252629599360827,0.08741875886206588,0.05313015083095432,0.024363522033805568,0.06680974282784868,0.04836313853368679,0.030040871076371684,0.055879232610019564,0.008756125029395878,-0.005942337266754735,0.015815403378761708,0.004861210048981872,0.0048824315044642096,0.004884893160932588,0.21643015083095432,0.18766352203380557,0.23010974282784868,0.2116631385336868,0.19334087107637168,0.21917923261001956,0.9358521137246717,0.957862369451559,0.9260689066154328,0.937398287537728,0.9518845709851909,0.9316918863424698
15,3.0,Custom software,Custom software,3.0,3.0,SL,GDS,Computers and Software,197240164684.60306,60800835315.39701,1.0,ENS2,0.5,0.33,0.26378718729702055,0.2150970065594494,0.28703494049674594,0.22010695671364175,0.24182740954779577,0.21132289681474262,Equipment,0.04105685416922982,-0.6804351384569456,0.16973132158615153,0.1297609268586542,0.19666030631084488,0.11526710169211839,0.20492959836841906,-0.15743251976803999,0.2700171927417135,0.1297609268586542,0.196660306310845,0.1152671016921185,0.0558114422452371,0.02618369432598444,0.06985690476822953,0.04998847997904049,0.03131731167966201,0.05763811829154031,0.011437416443678655,-0.004122164974575862,0.018862565319142557,0.006486551494335573,0.006158872107754534,0.006643778842453332,0.3858114422452371,0.35618369432598446,0.39985690476822955,0.3799884799790405,0.361317311679662,0.3876381182915403,0.9510525676813826,0.9682679178274464,0.9432475103140706,0.9522772822138272,0.96363817853774,0.9477453953644253
16,5.0,DASDs,DASDs,5.0,5.0,DB 200%,GDS,Computers and Software,0.0,0.0,2.0,EP1C,0.5,0.4633,0.2887506304951489,0.2313037026477997,0.3159454882174061,0.23750930572852888,0.2551007793243654,0.2303663212665451,Equipment,0.15706581762012517,-0.4115969728881956,0.26351505036149064,0.20370510600112784,0.2782568068586889,0.1869240769698428,0.30111391707884655,0.027735017058034373,0.3524730427412091,0.20370510600112784,0.278256806858689,0.18692407696984292,0.06349250169081505,0.031170370045476847,0.07875245791304802,0.05463042500027199,0.034857882708125065,0.06271780777746089,0.01911847588925661,0.000864510744916544,0.02775811846396105,0.01112849651556707,0.009699443136217591,0.011723468328373912,0.526792501690815,0.49447037004547684,0.542052457913048,0.517930425000272,0.49815788270812505,0.5260178077774609,0.9358521137246717,0.957862369451559,0.9260689066154328,0.937398287537728,0.9518845709851909,0.9316918863424698
17,40.0,Educational and vocational,Educational and vocational,39.0,39.0,SL,GDS,Nonresidential Buildings,282731632260.7114,212838367739.2884,1.0,SB20,0.0,0.0188,0.30679647370663643,0.23188557703974538,0.3434662310106355,0.24939676702493457,0.25843590504801395,0.246074649387015,Structures,0.22485412927032206,-0.40353526136693435,0.33501779267341525,0.2473886075382879,0.2962182539034581,0.23784260939572838,0.3573179583757434,0.03328767830996728,0.41533916537905186,0.2473886075382879,0.2962182539034582,0.23784260939572846,0.06904506883281122,0.03134940831992167,0.08722037877250324,0.057801315420451874,0.035747502278151363,0.06690788553353323,0.024671043031252782,0.0010435490193613645,0.03622603932341627,0.014299386935746956,0.01058906270624389,0.015913546084446256,0.08784506883281122,0.050149408319921665,0.10602037877250324,0.07660131542045187,0.05454750227815136,0.08570788553353323,0.33580194903705246,0.4690757942894444,0.2934060192661048,0.3432987259553685,0.42654073245948454,0.3167577928036475
18,19.0,Electric,Electric,15.0,15.0,DB 150%,GDS,Other Structures,1052404377889.3204,70225622110.68066,1.5,SU30,0.5,0.0211,0.25242786421074137,0.20470990155845786,0.2759797092559938,0.21197901773766276,0.23403314607092204,0.20325928729313766,Structures,-0.023008792161323094,-0.9140702506227719,0.12723282826269103,0.09030631256169411,0.13953677602803605,0.08097130593163372,0.1518120601908131,-0.3183532660627708,0.23265197559324274,0.09030631256169411,0.13953677602803616,0.08097130593163385,0.052316265910997355,0.022987662017987028,0.0664552951556904,0.04782041371223119,0.029238250829331437,0.05548721142029275,0.007942240109438913,-0.007318197282573276,0.015460955706603427,0.0043184852275262725,0.004079811257423963,0.004492871971205771,0.07341626591099736,0.04408766201798703,0.08755529515569041,0.06892041371223119,0.05033825082933144,0.07658721142029275,0.8222718966821474,0.8746468134422991,0.8014830467329329,0.825691874132762,0.8596138088987213,0.8132542192868342
19,30.0,Electric transmission and distribution,Electric transmission and distribution,15.0,15.0,DB 150%,GDS,Other Industrial Equipment,423453244425.7164,41257755574.28382,1.5,EI60,0.5,0.05,0.26141646303604166,0.2110496389686136,0.2860197041674757,0.21828126496797606,0.239108919100093,0.21001122770564978,Equipment,0.028357520587476242,-0.7643508573230866,0.1660019169818682,0.12119962375613727,0.17761847111966095,0.10986375167029619,0.19440043999735535,-0.2152311099740092,0.2667382526669926,0.12119962375613727,0.17761847111966106,0.1098637516702963,0.055081988626474385,0.0249383504518811,0.0695445243592233,0.049501490509869045,0.03059217490713871,0.05728824047416933,0.010707962824915943,-0.005367508848679203,0.018550184910136325,0.005999562025164128,0.005433735335231237,0.006293901025082357,0.10508198862647439,0.0749383504518811,0.1195445243592233,0.09950149050986905,0.08059217490713871,0.10728824047416934,0.8222718966821474,0.8746468134422991,0.8014830467329329,0.825691874132762,0.8596138088987213,0.8132542192868342
20,5.0,Electro medical instruments,Electro medical instruments,7.0,7.0,DB 200%,GDS,Instruments and Communications Equipment,75049828223.01001,65668171776.99004,2.0,EP35,0.5,0.135,0.2588901452332806,0.21125600965480057,0.28185558283909046,0.21664523763358393,0.23883337344908798,0.20772662994185692,Equipment,0.014449221682660246,-0.7598698312593253,0.15034817881181264,0.11338334058243325,0.17563788674226916,0.10029319081906649,0.18286891506353448,-0.21214471576013433,0.25297528649645906,0.11338334058243325,0.17563788674226927,0.10029319081906661,0.05430466007177864,0.025001849124554026,0.06826325625818169,0.049065092588359505,0.03051867518812315,0.05667884129443315,0.009930634270220201,-0.005304010176006277,0.017268916809094717,0.005563164103654587,0.005360235616215677,0.0056845018453461765,0.18930466007177865,0.16000184912455404,0.2032632562581817,0.1840650925883595,0.16551867518812316,0.19167884129443316,0.9137596413147916,0.9425404651885104,0.9012417976636847,0.9157535278283842,0.9346395002100526,0.9084157893019689
21,,Equipment,Equipment,,,,,,4571425640406.572,1610127359593.4287,,,,0.14538219860044455,0.2584447155320414,0.21085865600831732,0.2814047664917315,0.21640056704910485,0.2386861202355532,0.2074364141612837,Equipment,0.011955573478480122,-0.7685181409061588,0.1486181486203929,0.11220243492218215,0.17457553444983773,0.09906267625727393,0.1808014036705543,-0.21810140792705734,0.2514542218957966,0.11220243492218215,0.17457553444983784,0.09906267625727405,0.05416760477908968,0.024879586464097648,0.0681245435359174,0.04899982855989457,0.030479396506788617,0.05660142842927557,0.00979357897753124,-0.005426272836462655,0.017130204086830428,0.005497900075189653,0.005320956934881143,0.005607088980188593,0.19954980337953424,0.17026178506454218,0.21350674213636195,0.20533071341785195,0.186810281364746,0.21293231328723292,0.9100819200717687,0.9394705806027577,0.897466112352646,0.9205735361794997,0.9383709663896042,0.9136553465633898
22,25.0,Farm,Farm,20.0,20.0,DB 150%,GDS,Other Structures,109520310583.65521,210718689416.34488,1.5,SN00,0.5,0.0239,0.2579646020935031,0.20775497282371583,0.2826469177192551,0.2158090212702059,0.23667843128192428,0.2075621791487865,Structures,0.00925358571221495,-0.8391106678695137,0.1533680235461982,0.10933429292796049,0.159813096285106,0.09959633267143739,0.17856115563513306,-0.26672338951393104,0.25563037248730036,0.10933429292796049,0.15981309628510612,0.09959633267143751,0.05401987756723174,0.023924607022681812,0.06850674391361698,0.04884203819602809,0.029943860658466836,0.05663497528878772,0.0096458517656733,-0.0063812522778784915,0.017512404464530007,0.00534010971132317,0.004785421086559362,0.0056406358397007444,0.07791987756723175,0.04782460702268181,0.09240674391361699,0.07274203819602809,0.05384386065846684,0.08053497528878772,0.784076212632078,0.8431490401850873,0.7617518386934923,0.7878107649522588,0.8257860092702984,0.7743127680577281
23,10.0,Farm tractors,Farm tractors,7.0,7.0,DB 200%,GDS,Other Industrial Equipment,24563500688.931572,30621499311.068447,2.0,EO21,0.5,0.1452,0.2604295356358116,0.21228166235118567,0.2836184167507937,0.21772029553484315,0.2396674299967175,0.2088953237376155,Equipment,0.02297110769404815,-0.7379328019609388,0.1570461738396557,0.11853510943874951,0.18160391737457093,0.10521461473365964,0.18993450530544903,-0.1970351584103805,0.2588642491184957,0.11853510943874951,0.18160391737457104,0.10521461473365977,0.05477831865717281,0.025317434569595593,0.06880566669255192,0.049351856155049084,0.03074115346593395,0.05699058152800304,0.010404292855614367,-0.004988424730964711,0.017811327243464944,0.005849927670344167,0.005582713894026477,0.005996242078916067,0.1999783186571728,0.1705174345695956,0.21400566669255192,0.19455185615504908,0.17594115346593395,0.20219058152800304,0.9137596413147916,0.9425404651885104,0.9012417976636847,0.9157535278283842,0.9346395002100526,0.9084157893019689
24,6.0,Financial and real estate services,Financial and real estate services,5.0,5.0,Expensing,GDS,Intellectual Property,6097212063.694516,1540787936.3054852,1.0,RD50,0.5,0.16,0.231588,0.19564999999999994,0.2484999999999999,0.1977756759356662,0.22558777762092994,0.186415803416333,Intellectual Property,-0.16591146741024757,-1.1782178217821788,-5.9818050895752e-16,0.012033381267900923,0.0677057020247678,1.3607184599057421e-16,0.0333298666443351,-0.5002900643841738,0.12078725087781028,0.012033381267900923,0.06770570202476793,2.7214369198114843e-16,0.045904,0.020199999999999996,0.05799999999999997,0.0440317796774681,0.02698551265040114,0.05099433944908699,0.0015299741984415582,-0.010105859300560308,0.007005660550912993,0.0005298511927631852,0.001827073078493665,1.3877787807814457e-17,0.205904,0.1802,0.21799999999999997,0.2040317796774681,0.18698551265040114,0.210994339449087,1.0,1.0,1.0,1.0,1.0,1.0
25,40.0,Food and beverage establishments,Food and beverage establishments,39.0,39.0,SL,GDS,Nonresidential Buildings,177715537882.64352,142536462117.35663,1.0,SC04,0.0,0.0262,0.3153978384666065,0.23876104550369712,0.3526166230611394,0.2554764304694761,0.26374492375042424,0.252400025680677,Structures,0.25346946931042363,-0.31480898641360516,0.35581240044378903,0.26792800632208486,0.32303623581705176,0.2565895263159973,0.38104325428867014,0.09439963296902232,0.43362204964375983,0.26792800632208486,0.3230362358170518,0.2565895263159974,0.07169164260510973,0.033464937078060655,0.09003588401881213,0.05942301967618252,0.03716364287573368,0.06859513183394139,0.027317616803551284,0.003159077777500352,0.03904154456972515,0.015921091191477603,0.012005203303826203,0.017600792384854416,0.09789164260510973,0.059664937078060656,0.11623588401881213,0.08562301967618252,0.06336364287573368,0.09479513183394139,0.33580194903705246,0.4690757942894444,0.2934060192661048,0.3432987259553685,0.42654073245948454,0.3167577928036475
26,14.0,Gas,Gas,5.0,5.0,DB 200%,GDS,Mining and Drilling Structures,365538291966.4428,31446708033.55747,2.0,SU40,0.5,0.0751,0.2451717639540046,0.20267750333471615,0.26572039992660024,0.20710593715698902,0.23173287028838502,0.19719156175484462,Structures,-0.06861285873360219,-0.9675964836245623,0.08370778946932037,0.06488804234256448,0.12109240477907449,0.05335849045319774,0.11400122262103912,-0.355220504386436,0.1943842065800734,0.06488804234256448,0.12109240477907461,0.05335849045319786,0.05008361967815528,0.02236230871837422,0.06329858459280008,0.04652055631251077,0.028624669656636154,0.05386869151079182,0.005709593876596836,-0.007943550582186085,0.012304245143713102,0.0030186278278058545,0.0034662300847286796,0.0028743520617048463,0.12518361967815528,0.09746230871837422,0.13839858459280008,0.12162055631251077,0.10372466965663615,0.12896869151079182,0.9358521137246717,0.957862369451559,0.9260689066154328,0.937398287537728,0.9518845709851909,0.9316918863424698
27,9.0,General industrial equipment,General industrial equipment,7.0,7.0,DB 200%,GDS,Industrial Machinery,476419502162.8554,114662497837.14458,2.0,EI50,0.5,0.1072,0.2546945517832451,0.20846060328622168,0.2770509962954288,0.2137151778634851,0.23656016050554832,0.2045413664592995,Equipment,-0.009550204575388587,-0.8225707426482659,0.13154049869721848,0.09903156781924642,0.15892697028526548,0.0866008685711256,0.16297072448062608,-0.2553311930003646,0.236439334358296,0.09903156781924642,0.1589269702852656,0.08660086857112573,0.053013708240998506,0.02414172408806821,0.06678492193705503,0.04828352129875456,0.02991231282310934,0.055829196344115276,0.008639682439440063,-0.0061641352124920945,0.015790582487968052,0.004781592814049641,0.004753873251201867,0.0048348568950283,0.1602137082409985,0.1313417240880682,0.17398492193705503,0.15548352129875456,0.13711231282310934,0.16302919634411528,0.9137596413147916,0.9425404651885104,0.9012417976636847,0.9157535278283842,0.9346395002100526,0.9084157893019689
28,20.0,Highway and conservation and development,Highway and conservation and development,15.0,15.0,DB 150%,GDS,Other Structures,22901934534.26336,14651065465.73664,1.5,SO04,0.5,0.0225,0.2528632980638701,0.20501701686552418,0.276466075791498,0.21228431691144958,0.234279031269567,0.20358637091173687,Structures,-0.02039560407206958,-0.9062341582622833,0.12919380410644665,0.09185285072689328,0.14146266967567186,0.08241410131230466,0.15397868342879625,-0.31295600441406257,0.23437609055579334,0.09185285072689328,0.14146266967567198,0.08241410131230478,0.05245024555811389,0.023082159035545904,0.06660494639738401,0.047901849958483546,0.02930383884694148,0.055574458502487455,0.008076219756555446,-0.007223700265014399,0.015610606948297037,0.0043999214737786285,0.004145399275034007,0.004580119053400479,0.07495024555811389,0.045582159035545904,0.089104946397384,0.07040184995848354,0.05180383884694148,0.07807445850248745,0.8222718966821474,0.8746468134422991,0.8014830467329329,0.825691874132762,0.8596138088987213,0.8132542192868342
29,40.0,Hospitals,Hospitals,39.0,39.0,SL,GDS,Nonresidential Buildings,321465584009.551,335377415990.44916,1.0,SB31,0.0,0.0188,0.30679647370663643,0.23188557703974538,0.3434662310106355,0.24939676702493457,0.25843590504801395,0.246074649387015,Structures,0.22485412927032206,-0.40353526136693435,0.33501779267341525,0.2473886075382879,0.2962182539034581,0.23784260939572838,0.3573179583757434,0.03328767830996728,0.41533916537905186,0.2473886075382879,0.2962182539034582,0.23784260939572846,0.06904506883281122,0.03134940831992167,0.08722037877250324,0.057801315420451874,0.035747502278151363,0.06690788553353323,0.024671043031252782,0.0010435490193613645,0.03622603932341627,0.014299386935746956,0.01058906270624389,0.015913546084446256,0.08784506883281122,0.050149408319921665,0.10602037877250324,0.07660131542045187,0.05454750227815136,0.08570788553353323,0.33580194903705246,0.4690757942894444,0.2934060192661048,0.3432987259553685,0.42654073245948454,0.3167577928036475
30,9.0,Household appliances,Household appliances,5.0,5.0,DB 200%,GDS,Office and Residential Equipment,2759304252.2440333,2193695747.755965,2.0,EO71,0.5,0.165,0.2552638301622706,0.20930680606074975,0.2773516091933272,0.21414679968811057,0.23714444942886584,0.20487422759745627,Equipment,-0.006225535074162759,-0.8031239322695795,0.13274164060899432,0.10117481278680061,0.1632865690166188,0.08805119010886994,0.165727244851124,-0.24193682256442947,0.23749539364063432,0.10117481278680061,0.16328656901661892,0.08805119010887007,0.05318887081916021,0.024402094172538386,0.06687741821333146,0.04839865315699743,0.030068167475618274,0.055917984535968385,0.008814845017601769,-0.005903765128021918,0.015883078764244482,0.0048967246722925115,0.0049097279037108,0.004923645086881409,0.21818887081916022,0.1894020941725384,0.23187741821333147,0.21339865315699744,0.19506816747561828,0.2209179845359684,0.9358521137246717,0.957862369451559,0.9260689066154328,0.937398287537728,0.9518845709851909,0.9316918863424698
31,9.0,Household furniture,Household furniture,5.0,5.0,DB 200%,GDS,Office and Residential Equipment,8900871527.049185,8579128472.950817,2.0,EO11,0.5,0.1375,0.2521767131352704,0.20727893259060595,0.2737936753241951,0.21199303195055955,0.23548907204996467,0.20252413515394338,Equipment,-0.02452213137977546,-0.8504396373790375,0.11830881005174712,0.09037741896842795,0.15081606684994883,0.07771186537323897,0.15055733385437595,-0.2745264385133848,0.22480586500878227,0.09037741896842795,0.15081606684994894,0.0777118653732391,0.0522389886570063,0.02377813310480184,0.06578266933052157,0.04782415189756048,0.029626608076040895,0.05529111514561963,0.007864962855447855,-0.006527726195758463,0.014788329881434595,0.004322223412855562,0.0044681685041334206,0.004296775696532654,0.1897389886570063,0.16127813310480185,0.20328266933052158,0.1853241518975605,0.1671266080760409,0.19279111514561964,0.9358521137246717,0.957862369451559,0.9260689066154328,0.937398287537728,0.9518845709851909,0.9316918863424698
32,,Intellectual Property,Intellectual Property,,,,,,1636420413281.8438,336147586718.15643,,,,0.1768978797341333,0.24185014299402607,0.20023014474421072,0.2614422023472094,0.20369995480770514,0.22926592733698134,0.193259077402357,Intellectual Property,-0.09087390411758198,-1.036162683714072,0.0642477206682938,0.046262082578165116,0.10041222616721915,0.03455889604115563,0.09554434290806488,-0.4024468137656802,0.1772746659914159,0.046262082578165116,0.10041222616721927,0.034558896041155765,0.049061582459700354,0.02160927530591102,0.061982216106833674,0.045612036273340456,0.02796663127680972,0.05281973104312825,0.0046875566581419115,-0.008696583994649284,0.010987876657746698,0.0021101077886355388,0.0028081917049022458,0.001825391594041277,0.22595946219383367,0.19850715504004426,0.238880095840967,0.23510470572449743,0.21745930072796668,0.24231240049428523,0.9660029864555437,0.9821045392596951,0.9600283757449726,0.9733974080577705,0.9817124873375941,0.9704669366434495
33,20.0,Internal combustion engines,Internal combustion engines,7.0,7.0,DB 200%,GDS,Transportation Equipment,12363020746.352562,1555979253.647436,2.0,EI22,0.5,0.2063,0.2696507859882273,0.21842552311090419,0.29417813753560423,0.22416010315905271,0.2446635922575186,0.2158960287298548,Equipment,0.0710853410733569,-0.6171801417634577,0.19505722445443655,0.14818392523733598,0.21560879445252132,0.13360344658092457,0.22982655002509872,-0.11386440545326156,0.29228404942653985,0.14818392523733598,0.21560879445252143,0.13360344658092468,0.0576156264579161,0.02720785326489361,0.0720548115494167,0.05106962614766994,0.0320738419732125,0.05885796665262247,0.013241600656357655,-0.003098006035666692,0.021060472100329727,0.007567697662965021,0.0069154024013050285,0.007863627203535492,0.2639156264579161,0.23350785326489362,0.2783548115494167,0.25736962614766995,0.2383738419732125,0.2651579666526225,0.9137596413147916,0.9425404651885104,0.9012417976636847,0.9157535278283842,0.9346395002100526,0.9084157893019689
34,100.0,Inventories,Inventories,100.0,100.0,SL,GDS,Inventories,1540550422356.8794,903249577643.1193,1.0,INV,0.0,0.0,0.33137323878982644,0.251474984611214,0.368774628112202,0.26697214453695434,0.2739023725750029,0.2640963346040443,Inventories,0.3013706981301979,-0.17719710323633972,0.38952238027956365,0.3038512387546042,0.36903673632506157,0.2889309710357076,0.42075869456473547,0.18918250500664388,0.4632602936880248,0.3038512387546042,0.3690367363250616,0.2889309710357077,0.07660715039686969,0.03737691834191199,0.09500757788067754,0.06248941448503171,0.039873065549611265,0.071715033803909,0.03223312459531125,0.0070710590413516836,0.044013238431590565,0.018987486000326792,0.014714625977703791,0.02072069435482203,0.07660715039686969,0.03737691834191199,0.09500757788067754,0.06248941448503171,0.039873065549611265,0.071715033803909,0.0,0.0,0.0,0.0,0.0,0.0
35,100.0,Land,Land,100.0,100.0,SL,GDS,Land,3586505862665.655,9085894137334.352,1.0,LAND,0.0,0.0,0.31191999999999986,0.23099999999999993,0.35,0.2528623052226223,0.2593484146512749,0.25021304925880644,Land,0.24215754618333887,-0.41584158415841593,0.35000000000000003,0.2592355215067719,0.30097790112774964,0.25021304925880644,0.37166441331881767,0.024811458150287315,0.42851171307057706,0.2592355215067719,0.3009779011277497,0.25021304925880655,0.07062153846153844,0.03107692307692308,0.08923076923076924,0.05872572153188445,0.0359909073153713,0.06801177240905179,0.026247512659980002,0.0007710637763627751,0.03823642978168226,0.01522379304717953,0.010832467743463827,0.017017432959964815,0.07062153846153844,0.03107692307692308,0.08923076923076924,0.05872572153188445,0.0359909073153713,0.06801177240905179,0.0,0.0,0.0,0.0,0.0,0.0
36,5.0,Light trucks (including utility vehicles),Light trucks (including utility vehicles),5.0,5.0,DB 200%,GDS,Transportation Equipment,167619978536.6496,77738021463.35046,2.0,ET11,0.5,0.1725,0.25610577116963446,0.2098598624616979,0.27832195479399974,0.21473419088926093,0.23759591598674804,0.20551516190023258,Equipment,-0.0013484228462210229,-0.7906366927264002,0.13659622470007016,0.10407521234880439,0.16662430188204053,0.09083089565065734,0.16977091271061173,-0.2333359924587935,0.24088439311607177,0.10407521234880439,0.16662430188204064,0.09083089565065747,0.05344792959065675,0.024572265372830138,0.06717598609046146,0.048555335318662074,0.030188592766412115,0.056088948915154424,0.009073903789098309,-0.005733593927730166,0.01618164664137449,0.005053406833957157,0.005030153194504641,0.0050946094660674485,0.22594792959065674,0.19707226537283012,0.23967598609046145,0.22105533531866206,0.2026885927664121,0.2285889489151544,0.9358521137246717,0.957862369451559,0.9260689066154328,0.937398287537728,0.9518845709851909,0.9316918863424698
37,40.0,Local transit structures,Local transit structures,39.0,39.0,SL,GDS,Other Structures,9253082151.78652,2713917848.213483,1.0,SB44,0.0,0.0237,0.31249197199364365,0.2364382521037134,0.3495252743954287,0.25342249011659035,0.2619513363509613,0.2502630742301155,Structures,0.24404142181542476,-0.3435019569906205,0.3489342151782234,0.2611155812853419,0.3142076937104925,0.2503601272032761,0.37322635550688016,0.0746367891230645,0.42757466146745005,0.2611155812853419,0.3142076937104926,0.25036012720327616,0.07079752984419807,0.032750231416527206,0.08908469981397805,0.05887514661681405,0.036685216998172086,0.06802511619191161,0.02642350404263963,0.002444372115966903,0.03809036036489108,0.01537321813210913,0.011526777426264612,0.017030776742824633,0.09449752984419807,0.056450231416527205,0.11278469981397805,0.08257514661681405,0.060385216998172085,0.09172511619191161,0.33580194903705246,0.4690757942894444,0.2934060192661048,0.3432987259553685,0.42654073245948454,0.3167577928036475
38,40.0,Lodging,Lodging,39.0,39.0,SL,GDS,Nonresidential Buildings,171809464722.00067,333097535277.9994,1.0,SB41,0.0,0.0281,0.3176062969860583,0.24052636848768466,0.3549660480470797,0.257037425137669,0.26510805017401606,0.25402410878310355,Structures,0.26047898279564274,-0.2938089069300567,0.360943399255519,0.27302201964878525,0.3295953769671248,0.2612550627819816,0.38685491968944524,0.1088638478355906,0.4381332892147636,0.27302201964878525,0.32959537696712493,0.2612550627819817,0.07237116830340257,0.034008113380826065,0.09075878401448606,0.059839403201302516,0.037527246542680484,0.06902834372188399,0.027997142501844124,0.0037022540802657614,0.039764444565399085,0.0163374747165976,0.01236880697077301,0.018034004272797013,0.10047116830340257,0.062108113380826065,0.11885878401448606,0.08793940320130252,0.06562724654268048,0.09712834372188399,0.33580194903705246,0.4690757942894444,0.2934060192661048,0.3432987259553685,0.42654073245948454,0.3167577928036475
39,15.0,Long-lived television programs,Long-lived television programs,15.0,15.0,Economic,GDS,Intellectual Property,144610873939.53964,14909126060.460344,1.0,AE20,0.5,0.168,0.2717539999999999,0.2133249999999999,0.2992499999999999,0.22531899057914417,0.24246809613610246,0.21831442633756964,Intellectual Property,0.08140308628283477,-0.7161716171617172,0.21212121212121174,0.1533089463497858,0.20102033155962093,0.1429962940075752,0.2383811070531121,-0.18204671739359174,0.3072869249340324,0.1533089463497858,0.20102033155962104,0.1429962940075753,0.0582627692307692,0.025638461538461527,0.07361538461538458,0.051378750604676254,0.031488209982886234,0.059503055929069376,0.01388874342921076,-0.004667397762098777,0.022621045166297607,0.007876822119971337,0.00632977041097876,0.0085087164799824,0.2262627692307692,0.19363846153846154,0.2416153846153846,0.21937875060467626,0.19948820998288624,0.2275030559290694,0.8926995287605655,0.9463336875664188,0.8716814159292036,0.8961670280171044,0.930801236759613,0.8835715581111118
40,5.0,Mainframes,Mainframes,5.0,5.0,DB 200%,GDS,Computers and Software,17413293618.873543,6190706381.126447,2.0,EP1A,0.5,0.4633,0.2887506304951489,0.2313037026477997,0.3159454882174061,0.23750930572852888,0.2551007793243654,0.2303663212665451,Equipment,0.15706581762012517,-0.4115969728881956,0.26351505036149064,0.20370510600112784,0.2782568068586889,0.1869240769698428,0.30111391707884655,0.027735017058034373,0.3524730427412091,0.20370510600112784,0.278256806858689,0.18692407696984292,0.06349250169081505,0.031170370045476847,0.07875245791304802,0.05463042500027199,0.034857882708125065,0.06271780777746089,0.01911847588925661,0.000864510744916544,0.02775811846396105,0.01112849651556707,0.009699443136217591,0.011723468328373912,0.526792501690815,0.49447037004547684,0.542052457913048,0.517930425000272,0.49815788270812505,0.5260178077774609,0.9358521137246717,0.957862369451559,0.9260689066154328,0.937398287537728,0.9518845709851909,0.9316918863424698
41,40.0,Manufacturing,Manufacturing,39.0,39.0,SL,GDS,Nonresidential Buildings,1098167248469.7018,312763751530.2992,1.0,SI00,0.0,0.0314,0.3214420407303694,0.2435924557756631,0.3590466282858179,0.25974862640347807,0.2674755855413071,0.25684488469784467,Structures,0.27234556955528216,-0.25888642008422297,0.36966351675485687,0.2817030375724042,0.3406904774889282,0.26922068123008913,0.39669363843101235,0.1329173926713975,0.44580012769402494,0.2817030375724042,0.34069047748892833,0.2692206812300892,0.07355139714780598,0.0349515248540502,0.09201434716486705,0.060562595639668884,0.03815876870106179,0.0697807643693633,0.029177371346247538,0.0046456655534899,0.04102000771578007,0.017060667154963967,0.013000329129154314,0.018786424920276323,0.10495139714780598,0.0663515248540502,0.12341434716486704,0.09196259563966888,0.06955876870106179,0.1011807643693633,0.33580194903705246,0.4690757942894444,0.2934060192661048,0.3432987259553685,0.42654073245948454,0.3167577928036475
42,40.0,Medical buildings,Medical buildings,39.0,39.0,SL,GDS,Nonresidential Buildings,108684928850.83847,100075071149.16151,1.0,SOO2,0.0,0.0247,0.3136543185828289,0.23736736946370687,0.3507618138617129,0.25424406625774465,0.26266877131074645,0.2511178548103401,Structures,0.24784107355945656,-0.3318757897699816,0.35170304003657415,0.2638557094905622,0.3177665998842623,0.2528643727999775,0.3763766889247913,0.08264453885018881,0.4300090475829985,0.2638557094905622,0.3177665998842624,0.2528643727999776,0.07115517494856274,0.03303611368114058,0.08946517349591168,0.05909429584056143,0.03687658734919672,0.06825312244872352,0.0267811491470043,0.002730254380580277,0.038470834046824706,0.015592367355856514,0.011718147777289249,0.01725878299963654,0.09585517494856274,0.05773611368114058,0.11416517349591168,0.08379429584056143,0.06157658734919672,0.09295312244872352,0.33580194903705246,0.4690757942894444,0.2934060192661048,0.3432987259553685,0.42654073245948454,0.3167577928036475
43,14.0,Metalworking machinery,Metalworking machinery,7.0,7.0,DB 200%,GDS,Other Industrial Equipment,218890188220.55255,40483811779.44742,2.0,EI30,0.5,0.1225,0.25700363738704163,0.2099990823307992,0.27969524716298355,0.2153277647153741,0.23781124532699274,0.20629440715293726,Equipment,0.003800822233562991,-0.7875205044064073,0.1419932727986647,0.10698718701794961,0.16820688955138136,0.09418770897895286,0.17404020893686142,-0.2311896568956172,0.24562954661198177,0.10698718701794961,0.16820688955138147,0.09418770897895298,0.05372419611908974,0.024615102255630544,0.06759853758861034,0.048713666648788956,0.030246030239825555,0.0562968066944701,0.009350170317531298,-0.005690757044929759,0.016604198139523366,0.0052117381640840385,0.005087590667918081,0.005302467245383122,0.17622419611908974,0.14711510225563054,0.19009853758861034,0.17121366664878895,0.15274603023982555,0.1787968066944701,0.9137596413147916,0.9425404651885104,0.9012417976636847,0.9157535278283842,0.9346395002100526,0.9084157893019689
44,10.0,Mining,Mining,7.0,7.0,DB 200%,GDS,Mining and Drilling Structures,82930242550.87567,17079757449.12428,2.0,SM02,0.5,0.045,0.24530728874036017,0.20220613292199097,0.26630116597112086,0.20715943262247313,0.2314740509700029,0.19741462586163505,Structures,-0.06772386518091028,-0.9804411926406896,0.08628727756978748,0.0651747865190921,0.11896749617635999,0.054402949687390484,0.11473829703891225,-0.36406754857278584,0.19665212540421306,0.0651747865190921,0.1189674961763601,0.05440294968739061,0.050125319612418534,0.022217271668304922,0.06347728183726797,0.0465348258234515,0.0285556315603806,0.05392819217469906,0.005751293810860092,-0.008088587632255381,0.012482942388180998,0.003032897338746586,0.003397191988473127,0.002933852725612085,0.09512531961241853,0.06721727166830492,0.10847728183726797,0.0915348258234515,0.0735556315603806,0.09892819217469906,0.9137596413147916,0.9425404651885104,0.9012417976636847,0.9157535278283842,0.9346395002100526,0.9084157893019689
45,10.0,Mining and oilfield machinery,Mining and oilfield machinery,7.0,7.0,DB 200%,GDS,Other Industrial Equipment,84858812350.85167,18092187649.148483,2.0,EO50,0.5,0.15,0.26115395464876723,0.21276432244360216,0.2844479856504187,0.21822620513543567,0.240059927195602,0.2094452972885605,Equipment,0.026930619007708892,-0.7277976279869146,0.16016176552552483,0.12093881159722318,0.1843816823108306,0.1075119967685069,0.19321738006617295,-0.1900543594003014,0.261603517049771,0.12093881159722318,0.1843816823108307,0.10751199676850702,0.055001216815005305,0.02546594536726221,0.0690609186616673,0.04948680371584416,0.03084584912608021,0.05713728281438882,0.010627191013446863,-0.004839913933298093,0.018066579212580328,0.00598487523113924,0.005687409554172736,0.006142943365301842,0.2050012168150053,0.1754659453672622,0.2190609186616673,0.19948680371584415,0.1808458491260802,0.2071372828143888,0.9137596413147916,0.9425404651885104,0.9012417976636847,0.9157535278283842,0.9346395002100526,0.9084157893019689
46,14.0,Mobile structures,Mobile structures,7.0,7.0,DB 200%,GDS,Other Structures,4708544169.485828,3986455830.5141735,2.0,SOMO,0.5,0.0556,0.24690704739397085,0.20327200729274417,0.2681331306244595,0.20827664965711504,0.23234081561753953,0.19862915078663892,Structures,-0.05734072038530107,-0.9516320800202884,0.0943296752686824,0.07112331623881399,0.1260435532634488,0.06004955776094103,0.12334707758939209,-0.34422470962624324,0.20372310399459245,0.07112331623881399,0.1260435532634489,0.06004955776094116,0.05061755304429873,0.022545233013152047,0.06404096326906447,0.046832835020207325,0.028786834476536946,0.05425215751546773,0.006243527242740285,-0.0077606262874082566,0.013046623819977496,0.003330906535502408,0.003628394904629472,0.0032578180663807577,0.10621755304429872,0.07814523301315204,0.11964096326906447,0.10243283502020732,0.08438683447653694,0.10985215751546773,0.9137596413147916,0.9425404651885104,0.9012417976636847,0.9157535278283842,0.9346395002100526,0.9084157893019689
47,12.0,Motor vehicles and parts manufacturing,Motor vehicles and parts manufacturing,7.0,7.0,Expensing,GDS,Intellectual Property,39313793397.64573,5835206602.35427,1.0,RD31,0.5,0.31,0.231588,0.19564999999999994,0.24849999999999997,0.19777567593566608,0.22558777762093005,0.186415803416333,Intellectual Property,-0.16591146741024757,-1.1782178217821788,-1.1963610179150395e-16,0.0120333812679003,0.06770570202476876,1.3607184599057421e-16,0.0333298666443351,-0.5002900643841738,0.12078725087781071,0.0120333812679003,0.06770570202476889,2.7214369198114843e-16,0.045904,0.020199999999999996,0.057999999999999996,0.044031779677468075,0.026985512650401167,0.05099433944908699,0.0015299741984415582,-0.010105859300560308,0.00700566055091302,0.0005298511927631575,0.0018270730784936927,1.3877787807814457e-17,0.355904,0.3302,0.368,0.3540317796774681,0.33698551265040116,0.360994339449087,1.0,1.0,1.0,1.0,1.0,1.0
48,40.0,Multimerchandise shopping,Multimerchandise shopping,39.0,39.0,SL,GDS,Nonresidential Buildings,424453104850.85,242344895149.15036,1.0,SC03,0.0,0.0262,0.3153978384666065,0.23876104550369712,0.3526166230611394,0.2554764304694761,0.26374492375042424,0.252400025680677,Structures,0.25346946931042363,-0.31480898641360516,0.35581240044378903,0.26792800632208486,0.32303623581705176,0.2565895263159973,0.38104325428867014,0.09439963296902232,0.43362204964375983,0.26792800632208486,0.3230362358170518,0.2565895263159974,0.07169164260510973,0.033464937078060655,0.09003588401881213,0.05942301967618252,0.03716364287573368,0.06859513183394139,0.027317616803551284,0.003159077777500352,0.03904154456972515,0.015921091191477603,0.012005203303826203,0.017600792384854416,0.09789164260510973,0.059664937078060656,0.11623588401881213,0.08562301967618252,0.06336364287573368,0.09479513183394139,0.33580194903705246,0.4690757942894444,0.2934060192661048,0.3432987259553685,0.42654073245948454,0.3167577928036475
49,15.0,Music,Music,15.0,15.0,Economic,GDS,Intellectual Property,15406510045.767447,8069489954.232558,1.0,AE40,0.5,0.267,0.2717539999999998,0.2133250000000002,0.29925,0.22531899057914387,0.24246809613610257,0.21831442633756976,Intellectual Property,0.08140308628283434,-0.7161716171617115,0.21212121212121232,0.15330894634978443,0.20102033155962162,0.14299629400757558,0.23838110705311175,-0.18204671739358788,0.3072869249340329,0.15330894634978443,0.20102033155962173,0.14299629400757569,0.058262769230769174,0.02563846153846161,0.07361538461538464,0.05137875060467617,0.03148820998288626,0.059503055929069404,0.013888743429210731,-0.004667397762098693,0.022621045166297662,0.007876822119971254,0.006329770410978788,0.008508716479982428,0.3252627692307692,0.2926384615384616,0.34061538461538465,0.3183787506046762,0.2984882099828863,0.3265030559290694,0.9266484289111039,0.9648328690807799,0.9107692307692308,0.9292165904668521,0.9541040093997906,0.9198187937284785
50,6.0,Navigational and other instruments manufacturing,Navigational and other instruments manufacturing,5.0,5.0,Expensing,GDS,Intellectual Property,30814085765.7215,4025914234.2785034,1.0,RD24,0.5,0.29,0.231588,0.19564999999999994,0.24849999999999997,0.19777567593566608,0.22558777762093005,0.186415803416333,Intellectual Property,-0.16591146741024757,-1.1782178217821788,-1.1963610179150395e-16,0.0120333812679003,0.06770570202476876,1.3607184599057421e-16,0.0333298666443351,-0.5002900643841738,0.12078725087781071,0.0120333812679003,0.06770570202476889,2.7214369198114843e-16,0.045904,0.020199999999999996,0.057999999999999996,0.044031779677468075,0.026985512650401167,0.05099433944908699,0.0015299741984415582,-0.010105859300560308,0.00700566055091302,0.0005298511927631575,0.0018270730784936927,1.3877787807814457e-17,0.335904,0.3102,0.348,0.33403177967746805,0.31698551265040115,0.34099433944908697,1.0,1.0,1.0,1.0,1.0,1.0
51,9.0,Nonelectro medical instruments,Nonelectro medical instruments,7.0,7.0,DB 200%,GDS,Instruments and Communications Equipment,133227504586.31781,111916495413.68217,2.0,EP34,0.5,0.135,0.2588901452332806,0.21125600965480057,0.28185558283909046,0.21664523763358393,0.23883337344908798,0.20772662994185692,Equipment,0.014449221682660246,-0.7598698312593253,0.15034817881181264,0.11338334058243325,0.17563788674226916,0.10029319081906649,0.18286891506353448,-0.21214471576013433,0.25297528649645906,0.11338334058243325,0.17563788674226927,0.10029319081906661,0.05430466007177864,0.025001849124554026,0.06826325625818169,0.049065092588359505,0.03051867518812315,0.05667884129443315,0.009930634270220201,-0.005304010176006277,0.017268916809094717,0.005563164103654587,0.005360235616215677,0.0056845018453461765,0.18930466007177865,0.16000184912455404,0.2032632562581817,0.1840650925883595,0.16551867518812316,0.19167884129443316,0.9137596413147916,0.9425404651885104,0.9012417976636847,0.9157535278283842,0.9346395002100526,0.9084157893019689
52,7.0,Nonmedical instruments,Nonmedical instruments,7.0,7.0,DB 200%,GDS,Instruments and Communications Equipment,108363933017.88861,59590066982.11157,2.0,EP36,0.5,0.135,0.2588901452332806,0.21125600965480057,0.28185558283909046,0.21664523763358393,0.23883337344908798,0.20772662994185692,Equipment,0.014449221682660246,-0.7598698312593253,0.15034817881181264,0.11338334058243325,0.17563788674226916,0.10029319081906649,0.18286891506353448,-0.21214471576013433,0.25297528649645906,0.11338334058243325,0.17563788674226927,0.10029319081906661,0.05430466007177864,0.025001849124554026,0.06826325625818169,0.049065092588359505,0.03051867518812315,0.05667884129443315,0.009930634270220201,-0.005304010176006277,0.017268916809094717,0.005563164103654587,0.005360235616215677,0.0056845018453461765,0.18930466007177865,0.16000184912455404,0.2032632562581817,0.1840650925883595,0.16551867518812316,0.19167884129443316,0.9137596413147916,0.9425404651885104,0.9012417976636847,0.9157535278283842,0.9346395002100526,0.9084157893019689
53,5.0,Nuclear fuel,Nuclear fuel,5.0,5.0,DB 200%,GDS,Other Industrial Equipment,6455272412.799915,357727587.20008516,2.0,EI11,0.5,0.25,0.2648058282457257,0.21557477860483032,0.28834885933428167,0.22080389996781388,0.242261070418197,0.21213814969558767,Equipment,0.04641204904001777,-0.6710531108745195,0.17450868574712966,0.1329853057076536,0.1996166568140389,0.11859255901482472,0.20936964985139211,-0.1509704650437904,0.2742175122192449,0.1329853057076536,0.19961665681403898,0.11859255901482485,0.05612487022945406,0.026330701109178567,0.07026118748747129,0.05017438432252985,0.03143298743794842,0.057855580833410136,0.011750844427895618,-0.003975158191381736,0.019266848038384313,0.006672455837824935,0.006274547866040949,0.006861241384323161,0.30612487022945406,0.27633070110917857,0.3202611874874713,0.30017438432252985,0.2814329874379484,0.30785558083341014,0.9358521137246717,0.957862369451559,0.9260689066154328,0.937398287537728,0.9518845709851909,0.9316918863424698
54,40.0,Office,Office,39.0,39.0,SL,GDS,Nonresidential Buildings,1125362772925.669,595428227074.3301,1.0,SOO1,0.0,0.0247,0.3136543185828289,0.23736736946370687,0.3507618138617129,0.25424406625774465,0.26266877131074645,0.2511178548103401,Structures,0.24784107355945656,-0.3318757897699816,0.35170304003657415,0.2638557094905622,0.3177665998842623,0.2528643727999775,0.3763766889247913,0.08264453885018881,0.4300090475829985,0.2638557094905622,0.3177665998842624,0.2528643727999776,0.07115517494856274,0.03303611368114058,0.08946517349591168,0.05909429584056143,0.03687658734919672,0.06825312244872352,0.0267811491470043,0.002730254380580277,0.038470834046824706,0.015592367355856514,0.011718147777289249,0.01725878299963654,0.09585517494856274,0.05773611368114058,0.11416517349591168,0.08379429584056143,0.06157658734919672,0.09295312244872352,0.33580194903705246,0.4690757942894444,0.2934060192661048,0.3432987259553685,0.42654073245948454,0.3167577928036475
55,10.0,Office and accounting equipment,Office and accounting equipment,5.0,5.0,DB 200%,GDS,Instruments and Communications Equipment,7268611167.0458975,2542388832.954103,2.0,EP12,0.5,0.3119,0.2717546480265005,0.22013933743399017,0.2963574450251648,0.22565183534797437,0.24598717440925116,0.21742799414116798,Equipment,0.08140622998778059,-0.5864327836303447,0.20247910963866397,0.1547695267245269,0.22414903959552343,0.1395772060275232,0.23838371353376192,-0.09268656205676021,0.2988094655030337,0.1547695267245269,0.22414903959552354,0.13957720602752333,0.058262968623538636,0.027735180748920063,0.07272536770005072,0.05146753443013524,0.03242689750463357,0.05926660684295887,0.013888942821980194,-0.0025706785516402403,0.02173102825096375,0.007965605945430325,0.007268457932726093,0.008272267393871893,0.37016296862353865,0.3396351807489201,0.38462536770005074,0.36336753443013525,0.3443268975046336,0.3711666068429589,0.9358521137246717,0.957862369451559,0.9260689066154328,0.937398287537728,0.9518845709851909,0.9316918863424698
56,9.0,Other,Other,7.0,7.0,DB 200%,GDS,Other Equipment,219586535061.53323,106207464938.46681,2.0,EO80,0.5,0.1473,0.2607464689539797,0.2124928261416178,0.2839813531443798,0.21794163098510244,0.23983914752122948,0.20913593716615383,Equipment,0.02470735181820018,-0.7334840699300049,0.15841208496275258,0.1195883446947857,0.18282151418634704,0.10622117307734624,0.19137404457231985,-0.1939710073423037,0.2600651755920903,0.1195883446947857,0.18282151418634715,0.10622117307734637,0.054875836601224526,0.025382408043574722,0.06891733942903994,0.049410895712896946,0.03078695781724794,0.05705476334079679,0.010501810799666084,-0.004923451256985581,0.01792299997995296,0.005908967228192029,0.005628518245340466,0.0060604238917098124,0.2021758366012245,0.1726824080435747,0.21621733942903992,0.19671089571289693,0.17808695781724793,0.20435476334079677,0.9137596413147916,0.9425404651885104,0.9012417976636847,0.9157535278283842,0.9346395002100526,0.9084157893019689
57,10.0,Other agricultural machinery,Other agricultural machinery,7.0,7.0,DB 200%,GDS,Other Industrial Equipment,46750113837.50502,80549886162.49501,2.0,EO30,0.5,0.1179,0.2563094024996257,0.2095365330755667,0.2789002436341762,0.2148429346814729,0.23743510217806182,0.2057673491666148,Equipment,-0.00017593931055173023,-0.797915932092959,0.1388771576014359,0.1046101113907528,0.16543844860108406,0.0919199814367616,0.17074303181867773,-0.23834971073283961,0.2428898184028448,0.1046101113907528,0.16543844860108417,0.09191998143676172,0.05351058538450024,0.024472779407866685,0.06735392111820807,0.04858434190302699,0.030145696898852076,0.056156217961683685,0.009136559582941794,-0.005833079892693618,0.01635958166912109,0.005082413418322072,0.004987257326944602,0.00516187851259671,0.17141058538450024,0.1423727794078667,0.18525392111820807,0.166484341903027,0.14804569689885208,0.1740562179616837,0.9137596413147916,0.9425404651885104,0.9012417976636847,0.9157535278283842,0.9346395002100526,0.9084157893019689
58,40.0,Other commercial,Other commercial,39.0,39.0,SL,GDS,Nonresidential Buildings,342925648721.18994,167854351278.81042,1.0,SC02,0.0,0.0262,0.3153978384666065,0.23876104550369712,0.3526166230611394,0.2554764304694761,0.26374492375042424,0.252400025680677,Structures,0.25346946931042363,-0.31480898641360516,0.35581240044378903,0.26792800632208486,0.32303623581705176,0.2565895263159973,0.38104325428867014,0.09439963296902232,0.43362204964375983,0.26792800632208486,0.3230362358170518,0.2565895263159974,0.07169164260510973,0.033464937078060655,0.09003588401881213,0.05942301967618252,0.03716364287573368,0.06859513183394139,0.027317616803551284,0.003159077777500352,0.03904154456972515,0.015921091191477603,0.012005203303826203,0.017600792384854416,0.09789164260510973,0.059664937078060656,0.11623588401881213,0.08562301967618252,0.06336364287573368,0.09479513183394139,0.33580194903705246,0.4690757942894444,0.2934060192661048,0.3432987259553685,0.42654073245948454,0.3167577928036475
59,6.0,"Other computer and electronic manufacturing, n.e.c.","Other computer and electronic manufacturing, n.e.c.",5.0,5.0,Expensing,GDS,Intellectual Property,1636224416.3772895,213775583.6227104,1.0,RD25,0.5,0.4,0.231588,0.19565000000000016,0.24849999999999997,0.1977756759356659,0.22558777762093005,0.186415803416333,Intellectual Property,-0.16591146741024757,-1.1782178217821728,-1.1963610179150395e-16,0.012033381267899055,0.06770570202476876,1.3607184599057421e-16,0.0333298666443351,-0.5002900643841697,0.12078725087781071,0.012033381267899055,0.06770570202476889,2.7214369198114843e-16,0.045904,0.02020000000000005,0.057999999999999996,0.04403177967746802,0.026985512650401167,0.05099433944908699,0.0015299741984415582,-0.010105859300560252,0.00700566055091302,0.0005298511927631019,0.0018270730784936927,1.3877787807814457e-17,0.445904,0.4202000000000001,0.458,0.44403177967746804,0.4269855126504012,0.450994339449087,1.0,1.0,1.0,1.0,1.0,1.0
60,6.0,Other construction machinery,Other construction machinery,5.0,5.0,DB 200%,GDS,Other Industrial Equipment,123582273309.20987,98513726690.78989,2.0,EO40,0.5,0.155,0.2541412421524524,0.208569397526152,0.2760578150590974,0.2133636114199102,0.23654249401835634,0.20401964852708807,Equipment,-0.012802736372407282,-0.8200470476103896,0.12754833724278664,0.09727827484471811,0.15879444630898493,0.08431836740079239,0.1602740142810503,-0.2535929487563782,0.23292937511100537,0.09727827484471811,0.15879444630898504,0.08431836740079252,0.05284345912383151,0.024175199238816003,0.0664793277104915,0.04818974360811126,0.029907600421226505,0.055690032030387054,0.008469433322273068,-0.0061306600617443,0.015484988261404528,0.004687815123406346,0.004749160849319031,0.004695692581300079,0.2078434591238315,0.179175199238816,0.2214793277104915,0.20318974360811126,0.1849076004212265,0.21069003203038705,0.9358521137246717,0.957862369451559,0.9260689066154328,0.937398287537728,0.9518845709851909,0.9316918863424698
61,9.0,Other electrical,Other electrical,7.0,7.0,DB 200%,GDS,Other Equipment,16821590673.302128,3542409326.6978807,2.0,EO72,0.5,0.1834,0.26619470361391767,0.2161228322533337,0.29022040257697657,0.2217464927728923,0.24279105353784033,0.21327219658055405,Equipment,0.05361799562308742,-0.6604191508630344,0.18121939719494193,0.13730835094722893,0.2032002416476245,0.12317703588010336,0.2153441801130099,-0.14364611740933925,0.2801176552798416,0.13730835094722893,0.20320024164762462,0.12317703588010348,0.05655221649659006,0.026499333001025777,0.07083704694676202,0.050425813826376675,0.031574356427931355,0.05815807926549016,0.012178190695031621,-0.0038065262995345267,0.01984270749767504,0.006923885341671758,0.006415916856023881,0.0071637398164031835,0.23995221649659007,0.20989933300102578,0.254237046946762,0.23382581382637668,0.21497435642793136,0.24155807926549017,0.9137596413147916,0.9425404651885104,0.9012417976636847,0.9157535278283842,0.9346395002100526,0.9084157893019689
62,15.0,Other entertainment originals,Other entertainment originals,15.0,15.0,Economic,GDS,Intellectual Property,15413496806.38999,11674503193.610014,1.0,AE50,0.5,0.109,0.271754,0.21332500000000013,0.29924999999999996,0.22531899057914412,0.24246809613610243,0.2183144263375696,Intellectual Property,0.08140308628283544,-0.7161716171617144,0.21212121212121218,0.1533089463497856,0.20102033155962057,0.14299629400757496,0.23838110705311266,-0.18204671739358982,0.3072869249340328,0.1533089463497856,0.20102033155962068,0.1429962940075751,0.05826276923076924,0.02563846153846157,0.07361538461538462,0.05137875060467624,0.03148820998288622,0.05950305592906936,0.0138887434292108,-0.004667397762098735,0.02262104516629765,0.007876822119971323,0.006329770410978746,0.008508716479982387,0.16726276923076924,0.13463846153846157,0.18261538461538462,0.16037875060467624,0.14048820998288622,0.16850305592906936,0.8518308113412177,0.9218266253869969,0.8263473053892215,0.8561351773786134,0.9007779868441685,0.8406370512085701
63,15.0,Other fabricated metals,Other fabricated metals,7.0,7.0,DB 200%,GDS,Other Industrial Equipment,117546642593.84724,36269357406.15295,2.0,EI12,0.5,0.0917,0.2523552820539089,0.20690201340445996,0.27437218005705616,0.2120815114449051,0.23529272163415038,0.20276541020103908,Equipment,-0.023445684640899724,-0.8595091814814126,0.12068814176433801,0.09082609661607127,0.14931219018561898,0.07878415123282191,0.15144982778869723,-0.280773264138085,0.22689780378488292,0.09082609661607127,0.1493121901856191,0.07878415123282204,0.05229393293966428,0.023662157970603073,0.06596067078678652,0.04784775313368711,0.029574233087220347,0.05535547344016109,0.007919907138105836,-0.00664370132995723,0.014966331337699548,0.0043458246489821925,0.004415793515312873,0.004361133991074115,0.14399393293966428,0.11536215797060308,0.15766067078678653,0.1395477531336871,0.12127423308722035,0.1470554734401611,0.9137596413147916,0.9425404651885104,0.9012417976636847,0.9157535278283842,0.9346395002100526,0.9084157893019689
64,10.0,Other furniture,Other furniture,7.0,7.0,DB 200%,GDS,Office and Residential Equipment,201600171016.62634,97670828983.37387,2.0,EO12,0.5,0.1179,0.2563094024996257,0.2095365330755667,0.2789002436341762,0.2148429346814729,0.23743510217806182,0.2057673491666148,Equipment,-0.00017593931055173023,-0.797915932092959,0.1388771576014359,0.1046101113907528,0.16543844860108406,0.0919199814367616,0.17074303181867773,-0.23834971073283961,0.2428898184028448,0.1046101113907528,0.16543844860108417,0.09191998143676172,0.05351058538450024,0.024472779407866685,0.06735392111820807,0.04858434190302699,0.030145696898852076,0.056156217961683685,0.009136559582941794,-0.005833079892693618,0.01635958166912109,0.005082413418322072,0.004987257326944602,0.00516187851259671,0.17141058538450024,0.1423727794078667,0.18525392111820807,0.166484341903027,0.14804569689885208,0.1740562179616837,0.9137596413147916,0.9425404651885104,0.9012417976636847,0.9157535278283842,0.9346395002100526,0.9084157893019689
65,5.0,Other land transportation,Other land transportation,5.0,5.0,DB 200%,GDS,Other Structures,7047759109.2246275,4956240890.775375,2.0,SB46,0.5,0.0237,0.2394016615835389,0.19888722346688398,0.2590702980766585,0.20308034945843892,0.2286388194783659,0.19279902533315108,Structures,-0.10788636403983785,-1.0758566364449873,0.053098318427131884,0.042793648960714616,0.0949991618666688,0.03231067571081299,0.08143912363418294,-0.4297867989144577,0.16747196939589484,0.042793648960714616,0.09499916186666893,0.03231067571081312,0.04830820356416582,0.02119606875904123,0.06125239940820261,0.04544676123123584,0.027799354997062396,0.05269701563210352,0.003934177762607377,-0.009109790541519072,0.010258059959115634,0.001944832746530921,0.0026409154251549223,0.0017026761830165466,0.07200820356416582,0.04489606875904123,0.08495239940820261,0.06914676123123584,0.051499354997062395,0.07639701563210352,0.9358521137246717,0.957862369451559,0.9260689066154328,0.937398287537728,0.9518845709851909,0.9316918863424698
66,12.0,Other manufacturing,Other manufacturing,7.0,7.0,Expensing,GDS,Intellectual Property,207322515562.10355,31261484437.89648,1.0,RDOM,0.5,0.16,0.231588,0.19564999999999994,0.2484999999999999,0.1977756759356662,0.22558777762092994,0.186415803416333,Intellectual Property,-0.16591146741024757,-1.1782178217821788,-5.9818050895752e-16,0.012033381267900923,0.0677057020247678,1.3607184599057421e-16,0.0333298666443351,-0.5002900643841738,0.12078725087781028,0.012033381267900923,0.06770570202476793,2.7214369198114843e-16,0.045904,0.020199999999999996,0.05799999999999997,0.0440317796774681,0.02698551265040114,0.05099433944908699,0.0015299741984415582,-0.010105859300560308,0.007005660550912993,0.0005298511927631852,0.001827073078493665,1.3877787807814457e-17,0.205904,0.1802,0.21799999999999997,0.2040317796774681,0.18698551265040114,0.210994339449087,1.0,1.0,1.0,1.0,1.0,1.0
67,30.0,Other railroad,Other railroad,20.0,20.0,DB 150%,GDS,Other Structures,135810598106.26532,35355401893.7347,1.5,SU11,0.5,0.0176,0.2555840423377718,0.20602569099175644,0.2800202317408509,0.21413660703128845,0.2353053269458375,0.20578337759857027,Structures,-0.004365053800706338,-0.8809431145519695,0.14326060604270605,0.10112431807763796,0.14940889610354208,0.09198911299730014,0.16726979051688767,-0.29553630413567417,0.2467438021575293,0.10112431807763796,0.1494088961035422,0.09198911299730027,0.053287397642391335,0.023392520305155835,0.06769853284333875,0.04839593434285641,0.029577595458804614,0.05616049342471745,0.008913371840832893,-0.006913338995404469,0.016704193394251776,0.004894005858151494,0.00441915588689714,0.005166153975630472,0.07088739764239134,0.040992520305155836,0.08529853284333876,0.06599593434285642,0.047177595458804615,0.07376049342471745,0.784076212632078,0.8431490401850873,0.7617518386934923,0.7878107649522588,0.8257860092702984,0.7743127680577281
68,40.0,Other transportation,Other transportation,39.0,39.0,SL,GDS,Nonresidential Buildings,3546598618.302667,1255401381.697332,1.0,SB45,0.0,0.0237,0.31249197199364365,0.2364382521037134,0.3495252743954287,0.25342249011659035,0.2619513363509613,0.2502630742301155,Structures,0.24404142181542476,-0.3435019569906205,0.3489342151782234,0.2611155812853419,0.3142076937104925,0.2503601272032761,0.37322635550688016,0.0746367891230645,0.42757466146745005,0.2611155812853419,0.3142076937104926,0.25036012720327616,0.07079752984419807,0.032750231416527206,0.08908469981397805,0.05887514661681405,0.036685216998172086,0.06802511619191161,0.02642350404263963,0.002444372115966903,0.03809036036489108,0.01537321813210913,0.011526777426264612,0.017030776742824633,0.09449752984419807,0.056450231416527205,0.11278469981397805,0.08257514661681405,0.060385216998172085,0.09172511619191161,0.33580194903705246,0.4690757942894444,0.2934060192661048,0.3432987259553685,0.42654073245948454,0.3167577928036475
69,6.0,"Other trucks, buses and truck trailers","Other trucks, buses and truck trailers",5.0,5.0,DB 200%,GDS,Transportation Equipment,119548128283.44498,52902871716.554985,2.0,ET12,0.5,0.1725,0.25610577116963446,0.2098598624616979,0.27832195479399974,0.21473419088926093,0.23759591598674804,0.20551516190023258,Equipment,-0.0013484228462210229,-0.7906366927264002,0.13659622470007016,0.10407521234880439,0.16662430188204053,0.09083089565065734,0.16977091271061173,-0.2333359924587935,0.24088439311607177,0.10407521234880439,0.16662430188204064,0.09083089565065747,0.05344792959065675,0.024572265372830138,0.06717598609046146,0.048555335318662074,0.030188592766412115,0.056088948915154424,0.009073903789098309,-0.005733593927730166,0.01618164664137449,0.005053406833957157,0.005030153194504641,0.0050946094660674485,0.22594792959065674,0.19707226537283012,0.23967598609046145,0.22105533531866206,0.2026885927664121,0.2285889489151544,0.9358521137246717,0.957862369451559,0.9260689066154328,0.937398287537728,0.9518845709851909,0.9316918863424698
70,3.0,Own account software,Own account software,3.0,3.0,Expensing,GDS,Intellectual Property,198787829234.10892,63396170765.89111,1.0,ENS3,0.5,0.33,0.231588,0.19564999999999994,0.24850000000000014,0.19777567593566608,0.22558777762093005,0.186415803416333,Intellectual Property,-0.16591146741024757,-1.1782178217821788,8.374527125405268e-16,0.0120333812679003,0.06770570202476876,1.3607184599057421e-16,0.0333298666443351,-0.5002900643841738,0.12078725087781154,0.0120333812679003,0.06770570202476889,2.7214369198114843e-16,0.045904,0.020199999999999996,0.05800000000000005,0.044031779677468075,0.026985512650401167,0.05099433944908699,0.0015299741984415582,-0.010105859300560308,0.007005660550913076,0.0005298511927631575,0.0018270730784936927,1.3877787807814457e-17,0.375904,0.3502,0.38800000000000007,0.3740317796774681,0.3569855126504012,0.380994339449087,1.0,1.0,1.0,1.0,1.0,1.0
71,5.0,PCs,PCs,5.0,5.0,DB 200%,GDS,Computers and Software,53550810953.45984,20612189046.540154,2.0,EP1B,0.5,0.4633,0.2887506304951489,0.2313037026477997,0.3159454882174061,0.23750930572852888,0.2551007793243654,0.2303663212665451,Equipment,0.15706581762012517,-0.4115969728881956,0.26351505036149064,0.20370510600112784,0.2782568068586889,0.1869240769698428,0.30111391707884655,0.027735017058034373,0.3524730427412091,0.20370510600112784,0.278256806858689,0.18692407696984292,0.06349250169081505,0.031170370045476847,0.07875245791304802,0.05463042500027199,0.034857882708125065,0.06271780777746089,0.01911847588925661,0.000864510744916544,0.02775811846396105,0.01112849651556707,0.009699443136217591,0.011723468328373912,0.526792501690815,0.49447037004547684,0.542052457913048,0.517930425000272,0.49815788270812505,0.5260178077774609,0.9358521137246717,0.957862369451559,0.9260689066154328,0.937398287537728,0.9518845709851909,0.9316918863424698
72,14.0,Petroleum and natural gas,Petroleum and natural gas,5.0,5.0,DB 200%,GDS,Mining and Drilling Structures,1033009084262.4521,212937915737.54764,2.0,SM01,0.5,0.0751,0.2451717639540046,0.20267750333471615,0.26572039992660024,0.20710593715698902,0.23173287028838502,0.19719156175484462,Structures,-0.06861285873360219,-0.9675964836245623,0.08370778946932037,0.06488804234256448,0.12109240477907449,0.05335849045319774,0.11400122262103912,-0.355220504386436,0.1943842065800734,0.06488804234256448,0.12109240477907461,0.05335849045319786,0.05008361967815528,0.02236230871837422,0.06329858459280008,0.04652055631251077,0.028624669656636154,0.05386869151079182,0.005709593876596836,-0.007943550582186085,0.012304245143713102,0.0030186278278058545,0.0034662300847286796,0.0028743520617048463,0.12518361967815528,0.09746230871837422,0.13839858459280008,0.12162055631251077,0.10372466965663615,0.12896869151079182,0.9358521137246717,0.957862369451559,0.9260689066154328,0.937398287537728,0.9518845709851909,0.9316918863424698
73,14.0,Petroleum pipelines,Petroleum pipelines,5.0,5.0,DB 200%,GDS,Mining and Drilling Structures,112623061581.1889,20777938418.811108,2.0,SU50,0.5,0.0237,0.2394016615835389,0.19888722346688398,0.2590702980766585,0.20308034945843892,0.2286388194783659,0.19279902533315108,Structures,-0.10788636403983785,-1.0758566364449873,0.053098318427131884,0.042793648960714616,0.0949991618666688,0.03231067571081299,0.08143912363418294,-0.4297867989144577,0.16747196939589484,0.042793648960714616,0.09499916186666893,0.03231067571081312,0.04830820356416582,0.02119606875904123,0.06125239940820261,0.04544676123123584,0.027799354997062396,0.05269701563210352,0.003934177762607377,-0.009109790541519072,0.010258059959115634,0.001944832746530921,0.0026409154251549223,0.0017026761830165466,0.07200820356416582,0.04489606875904123,0.08495239940820261,0.06914676123123584,0.051499354997062395,0.07639701563210352,0.9358521137246717,0.957862369451559,0.9260689066154328,0.937398287537728,0.9518845709851909,0.9316918863424698
74,9.0,Pharmaceutical and medicine manufacturing,Pharmaceutical and medicine manufacturing,5.0,5.0,Expensing,GDS,Intellectual Property,396355589473.9966,68720410526.00346,1.0,RD11,0.5,0.1,0.231588,0.19564999999999994,0.24849999999999997,0.1977756759356662,0.22558777762093005,0.186415803416333,Intellectual Property,-0.16591146741024757,-1.1782178217821788,-1.1963610179150395e-16,0.012033381267900923,0.06770570202476876,1.3607184599057421e-16,0.0333298666443351,-0.5002900643841738,0.12078725087781071,0.012033381267900923,0.06770570202476889,2.7214369198114843e-16,0.045904,0.020199999999999996,0.057999999999999996,0.0440317796774681,0.026985512650401167,0.05099433944908699,0.0015299741984415582,-0.010105859300560308,0.00700566055091302,0.0005298511927631852,0.0018270730784936927,1.3877787807814457e-17,0.145904,0.1202,0.158,0.1440317796774681,0.12698551265040117,0.150994339449087,1.0,1.0,1.0,1.0,1.0,1.0
75,5.0,Photocopy and related equipment,Photocopy and related equipment,5.0,5.0,DB 200%,GDS,Instruments and Communications Equipment,25020946205.026745,10079053794.973253,2.0,EP31,0.5,0.18,0.2569477121769981,0.21041291886264626,0.27929230039467223,0.2153215820904113,0.23804738254463012,0.2061560962030089,Equipment,0.0034816393146525136,-0.7783212203036551,0.14041669652447303,0.10695695364549407,0.16993551145659458,0.09359370708065379,0.17377557083747522,-0.22485347031189248,0.24424340065174888,0.10695695364549407,0.1699355114565947,0.09359370708065391,0.05370698836215326,0.024742436573121945,0.06747455396759147,0.04871201748032672,0.030309018057205928,0.05625991329434046,0.00933296256059482,-0.005563422727438358,0.016480214518504496,0.005210088995621802,0.005150578485298454,0.005265573845253488,0.23370698836215326,0.20474243657312194,0.24747455396759147,0.2287120174803267,0.21030901805720592,0.23625991329434046,0.9358521137246717,0.957862369451559,0.9260689066154328,0.937398287537728,0.9518845709851909,0.9316918863424698
76,3.0,Prepackaged software,Prepackaged software,3.0,3.0,SL,GDS,Computers and Software,72268924053.12717,22158075946.872704,1.0,ENS1,0.5,0.55,0.28263194873968817,0.22731385819588223,0.30888464902582885,0.23324188812345698,0.2518354319949398,0.22570515917479106,Equipment,0.1313074606983377,-0.4694721044987905,0.24262102649634387,0.18676011455783215,0.259760162304846,0.17047950497033748,0.2797573775673901,-0.012127610114513352,0.3341027505785088,0.18676011455783215,0.25976016230484605,0.1704795049703376,0.06160983038144252,0.02994272559873301,0.07657989200794735,0.05349212361989897,0.03398687599716599,0.06147447803235229,0.01723580457988408,-0.0003631337018272923,0.025585552558860372,0.00999019513519405,0.008828436425258514,0.010480138583265311,0.6116098303814426,0.579942725598733,0.6265798920079474,0.603492123619899,0.583986875997166,0.6114744780323523,0.9510525676813826,0.9682679178274464,0.9432475103140706,0.9522772822138272,0.96363817853774,0.9477453953644253
77,5.0,Printers,Printers,5.0,5.0,DB 200%,GDS,Computers and Software,9260043910.945778,3876956089.0542264,2.0,EP1D,0.5,0.4633,0.2887506304951489,0.2313037026477997,0.3159454882174061,0.23750930572852888,0.2551007793243654,0.2303663212665451,Equipment,0.15706581762012517,-0.4115969728881956,0.26351505036149064,0.20370510600112784,0.2782568068586889,0.1869240769698428,0.30111391707884655,0.027735017058034373,0.3524730427412091,0.20370510600112784,0.278256806858689,0.18692407696984292,0.06349250169081505,0.031170370045476847,0.07875245791304802,0.05463042500027199,0.034857882708125065,0.06271780777746089,0.01911847588925661,0.000864510744916544,0.02775811846396105,0.01112849651556707,0.009699443136217591,0.011723468328373912,0.526792501690815,0.49447037004547684,0.542052457913048,0.517930425000272,0.49815788270812505,0.5260178077774609,0.9358521137246717,0.957862369451559,0.9260689066154328,0.937398287537728,0.9518845709851909,0.9316918863424698
78,40.0,Public safety,Public safety,39.0,39.0,SL,GDS,Nonresidential Buildings,15488160357.01914,10144839642.980871,1.0,SO03,0.0,0.0237,0.31249197199364365,0.2364382521037134,0.3495252743954287,0.25342249011659035,0.2619513363509613,0.2502630742301155,Structures,0.24404142181542476,-0.3435019569906205,0.3489342151782234,0.2611155812853419,0.3142076937104925,0.2503601272032761,0.37322635550688016,0.0746367891230645,0.42757466146745005,0.2611155812853419,0.3142076937104926,0.25036012720327616,0.07079752984419807,0.032750231416527206,0.08908469981397805,0.05887514661681405,0.036685216998172086,0.06802511619191161,0.02642350404263963,0.002444372115966903,0.03809036036489108,0.01537321813210913,0.011526777426264612,0.017030776742824633,0.09449752984419807,0.056450231416527205,0.11278469981397805,0.08257514661681405,0.060385216998172085,0.09172511619191161,0.33580194903705246,0.4690757942894444,0.2934060192661048,0.3432987259553685,0.42654073245948454,0.3167577928036475
79,14.0,Railroad equipment,Railroad equipment,7.0,7.0,DB 200%,GDS,Transportation Equipment,109045484546.04855,29964515453.95137,2.0,ET50,0.5,0.0589,0.24740508546537793,0.20360383610628047,0.2687034592429517,0.20862446250752253,0.23261065744177273,0.1990072576029138,Equipment,-0.0541493282429578,-0.9428335201648281,0.09680462085409357,0.07295979479916298,0.1282233335081336,0.06179372427468089,0.12599309622293525,-0.3381645296938083,0.20589910770666964,0.07295979479916298,0.12822333350813372,0.06179372427468102,0.0507707955278086,0.022647334186547845,0.0642164489978313,0.046925611468253976,0.02885881274288752,0.054353014649858,0.006396769726250161,-0.0076585251140124586,0.013222109548744324,0.003423682983549059,0.003700373170980046,0.0033586752007710233,0.1096707955278086,0.08154733418654785,0.12311644899783131,0.10582561146825398,0.08775881274288752,0.113253014649858,0.9137596413147916,0.9425404651885104,0.9012417976636847,0.9157535278283842,0.9346395002100526,0.9084157893019689
80,30.0,Residential,Residential,27.5,27.5,SL,GDS,Residential Buildings,333776430841.0884,1251223569158.9116,1.0,RES,0.0,0.01631376,0.2949259365897759,0.2241557983046495,0.3302001599890835,0.24108649008759356,0.2520146005102356,0.23714010803577773,Structures,0.18155871800370268,-0.5187593602818886,0.3023690289168751,0.2173746112006783,0.2607996150492536,0.2096922921536083,0.32142125253430004,-0.04607517009345197,0.3866339560412233,0.2173746112006783,0.2607996150492537,0.2096922921536084,0.06539259587377722,0.028971014862969078,0.08313851076587184,0.05558461188109953,0.03403466784393491,0.06452466418181323,0.021018570072218773,-0.0013348444375912254,0.03214417131678486,0.012082683396394615,0.008876228272027439,0.013530324732726251,0.08170635587377721,0.04528477486296908,0.09945227076587183,0.07189837188109953,0.05034842784393491,0.08083842418181322,0.4182833547410076,0.553893447219436,0.3717744101758857,0.4263180150439414,0.5121521524253526,0.3976223992191377
81,6.0,Scientific research and development services,Scientific research and development services,5.0,5.0,Expensing,GDS,Intellectual Property,22814623102.502686,22860376897.497326,1.0,RD70,0.5,0.16,0.231588,0.19564999999999994,0.2484999999999999,0.1977756759356662,0.22558777762092994,0.186415803416333,Intellectual Property,-0.16591146741024757,-1.1782178217821788,-5.9818050895752e-16,0.012033381267900923,0.0677057020247678,1.3607184599057421e-16,0.0333298666443351,-0.5002900643841738,0.12078725087781028,0.012033381267900923,0.06770570202476793,2.7214369198114843e-16,0.045904,0.020199999999999996,0.05799999999999997,0.0440317796774681,0.02698551265040114,0.05099433944908699,0.0015299741984415582,-0.010105859300560308,0.007005660550912993,0.0005298511927631852,0.001827073078493665,1.3877787807814457e-17,0.205904,0.1802,0.21799999999999997,0.2040317796774681,0.18698551265040114,0.210994339449087,1.0,1.0,1.0,1.0,1.0,1.0
82,5.0,Semiconductor and other component manufacturing,Semiconductor and other component manufacturing,5.0,5.0,Expensing,GDS,Intellectual Property,83580996525.44337,10920003474.55663,1.0,RD23,0.5,0.25,0.231588,0.19564999999999994,0.24849999999999997,0.19777567593566608,0.22558777762093005,0.186415803416333,Intellectual Property,-0.16591146741024757,-1.1782178217821788,-1.1963610179150395e-16,0.0120333812679003,0.06770570202476876,1.3607184599057421e-16,0.0333298666443351,-0.5002900643841738,0.12078725087781071,0.0120333812679003,0.06770570202476889,2.7214369198114843e-16,0.045904,0.020199999999999996,0.057999999999999996,0.044031779677468075,0.026985512650401167,0.05099433944908699,0.0015299741984415582,-0.010105859300560308,0.00700566055091302,0.0005298511927631575,0.0018270730784936927,1.3877787807814457e-17,0.295904,0.2702,0.308,0.2940317796774681,0.27698551265040117,0.300994339449087,1.0,1.0,1.0,1.0,1.0,1.0
83,9.0,Service industry machinery,Service industry machinery,7.0,7.0,DB 200%,GDS,Other Equipment,100661650545.7703,66122349454.229614,2.0,EO60,0.5,0.1528,0.2615765324063247,0.21304587416417844,0.2849319008418667,0.21852131906911468,0.24028888389495143,0.2097661151932786,Equipment,0.029225548323759783,-0.721939848779176,0.16196858118173,0.12233492676252344,0.18599335443406273,0.10884669644111605,0.19512013142422965,-0.18601969957113157,0.2631920924100201,0.12233492676252344,0.18599335443406284,0.10884669644111618,0.05513124074040762,0.025552576665901078,0.0692098156436513,0.049565523126307964,0.0309069215944989,0.05722285856478057,0.01075721493884918,-0.0047532826346592255,0.01821547619456433,0.006063594641603047,0.0057484820225914245,0.006228519115693595,0.2079312407404076,0.17835257666590107,0.2220098156436513,0.20236552312630796,0.1837069215944989,0.21002285856478056,0.9137596413147916,0.9425404651885104,0.9012417976636847,0.9157535278283842,0.9346395002100526,0.9084157893019689
84,50.0,Sewage and waste disposal,Sewage and waste disposal,20.0,20.0,DB 150%,GDS,Other Structures,37655287429.56381,18704712570.436195,1.5,SO02,0.5,0.0225,0.2574355888144518,0.20737068797216932,0.2820632097240543,0.21543737366155763,0.23637329698501602,0.20716688991540513,Structures,0.006259234604073354,-0.8482451655520743,0.15114259478533815,0.10752284108960003,0.15752310754216103,0.09791687544832255,0.1760785059092063,-0.2730149531854987,0.253673747148489,0.10752284108960003,0.15752310754216114,0.09791687544832267,0.05385710425060055,0.02380636552989826,0.06832714145355517,0.04874290400643439,0.029862468391875223,0.05652953487454989,0.009483078449042108,-0.006499493770662043,0.017332802004468198,0.005240975521729474,0.004704028819967749,0.005535195425462915,0.07635710425060055,0.04630636552989826,0.09082714145355517,0.07124290400643439,0.05236246839187522,0.07902953487454989,0.784076212632078,0.8431490401850873,0.7617518386934923,0.7878107649522588,0.8257860092702984,0.7743127680577281
85,18.0,Ships and boats,Ships and boats,10.0,10.0,DB 200%,GDS,Transportation Equipment,62839620240.347115,16387379759.652912,2.0,ET40,0.5,0.0611,0.253337724784512,0.20688493531944832,0.275975077732123,0.21272034418187813,0.23543228793510357,0.2036477551958077,Equipment,-0.01756356134535409,-0.8599222254119214,0.12721411201990968,0.09405251553889148,0.15038169576618554,0.08268436821679673,0.15632676147487976,-0.2810577562117884,0.23263552003397373,0.09405251553889148,0.15038169576618565,0.08268436821679685,0.05259622301061907,0.023656903175214877,0.06645387007142246,0.04801815693608498,0.0296114613427442,0.05559083229613915,0.00822219720906063,-0.006648956125345426,0.015459530622335488,0.004516228451380062,0.004453021770836726,0.004596492847052172,0.11369622301061907,0.08475690317521488,0.12755387007142246,0.10911815693608498,0.0907114613427442,0.11669083229613915,0.8838509386324034,0.9210336649485269,0.8681776287291689,0.8863754169540674,0.9106674621140369,0.8771229352008416
86,3.0,Software publishers,Software publishers,3.0,3.0,SL,GDS,Intellectual Property,20657269549.42317,949730450.5768251,1.0,RD40,0.5,0.22,0.2543648065756867,0.2089885807412327,0.2761100862322047,0.2135394910087343,0.23682339832422356,0.2041317656347183,Intellectual Property,-0.01148603289036308,-0.8103882695204923,0.12775935965588564,0.09815625407418767,0.16089669637907436,0.08480983838013204,0.16136570774676834,-0.24694027671529264,0.23311490870695253,0.09815625407418767,0.1608966963790745,0.08480983838013216,0.052912248177134386,0.024304178689610073,0.06649541114837068,0.048236658158611306,0.029982529520909962,0.05571993842113429,0.008538222375575943,-0.00600168061095023,0.015501071699283706,0.004734729673906389,0.004824089949002488,0.004725598972047315,0.2729122481771344,0.24430417868961007,0.2864954111483707,0.2682366581586113,0.24998252952090996,0.2757199384211343,0.9510525676813826,0.9682679178274464,0.9432475103140706,0.9522772822138272,0.96363817853774,0.9477453953644253
87,40.0,Special care,Special care,39.0,39.0,SL,GDS,Nonresidential Buildings,70115662530.6762,75652337469.32378,1.0,SB32,0.0,0.0188,0.30679647370663643,0.23188557703974538,0.3434662310106355,0.24939676702493457,0.25843590504801395,0.246074649387015,Structures,0.22485412927032206,-0.40353526136693435,0.33501779267341525,0.2473886075382879,0.2962182539034581,0.23784260939572838,0.3573179583757434,0.03328767830996728,0.41533916537905186,0.2473886075382879,0.2962182539034582,0.23784260939572846,0.06904506883281122,0.03134940831992167,0.08722037877250324,0.057801315420451874,0.035747502278151363,0.06690788553353323,0.024671043031252782,0.0010435490193613645,0.03622603932341627,0.014299386935746956,0.01058906270624389,0.015913546084446256,0.08784506883281122,0.050149408319921665,0.10602037877250324,0.07660131542045187,0.05454750227815136,0.08570788553353323,0.33580194903705246,0.4690757942894444,0.2934060192661048,0.3432987259553685,0.42654073245948454,0.3167577928036475
88,4.0,Special industrial machinery,Special industrial machinery,7.0,7.0,DB 200%,GDS,Industrial Machinery,277678587240.98083,56031412759.01966,2.0,EI40,0.5,0.1031,0.25407577720967883,0.20804833112394916,0.27634240619366573,0.21328304674631243,0.23622490248150116,0.20407159738453387,Equipment,-0.013188947369993426,-0.8321980488333641,0.12869601796303282,0.09687553020987116,0.15640491067032222,0.08454615344065973,0.1599538024579611,-0.2619621881523873,0.23393843063216752,0.09687553020987116,0.15640491067032236,0.08454615344065985,0.05282331606451657,0.024014871115061287,0.06656689421343562,0.048168253590575444,0.02982288528006774,0.05570388899532741,0.008449290262958126,-0.006290988185499016,0.015572554764348642,0.004666325105870527,0.004664445708160266,0.004709549546240435,0.15592331606451657,0.12711487111506128,0.16966689421343562,0.15126825359057544,0.13292288528006774,0.1588038889953274,0.9137596413147916,0.9425404651885104,0.9012417976636847,0.9157535278283842,0.9346395002100526,0.9084157893019689
89,28.0,Steam engines,Steam engines,15.0,15.0,DB 150%,GDS,Transportation Equipment,91645013950.2448,6902986049.755317,1.5,EI21,0.5,0.0516,0.2619141017253318,0.21140062789097508,0.28657555163662346,0.21863017830944678,0.2393899307556873,0.21038503755547744,Equipment,0.03105105209985432,-0.7567432058574382,0.1680479264492233,0.12284879548826487,0.17962856632312327,0.11141035387001146,0.19663367685885713,-0.2099911914529718,0.2685371302755159,0.12284879548826487,0.17962856632312338,0.11141035387001158,0.05523510822317903,0.02504634704337696,0.06971555434973031,0.049594560505586034,0.030667132641550195,0.057387951425249,0.010861082421620587,-0.005259512257183345,0.018721214900643338,0.006092632020881117,0.005508693069642721,0.006393611976162027,0.10683510822317903,0.07664634704337696,0.12131555434973032,0.10119456050558603,0.0822671326415502,0.108987951425249,0.8222718966821474,0.8746468134422991,0.8014830467329329,0.825691874132762,0.8596138088987213,0.8132542192868342
90,5.0,Storage devices,Storage devices,5.0,5.0,DB 200%,GDS,Computers and Software,7998988409.100119,3192011590.899882,2.0,EP1G,0.5,0.4633,0.2887506304951489,0.2313037026477997,0.3159454882174061,0.23750930572852888,0.2551007793243654,0.2303663212665451,Equipment,0.15706581762012517,-0.4115969728881956,0.26351505036149064,0.20370510600112784,0.2782568068586889,0.1869240769698428,0.30111391707884655,0.027735017058034373,0.3524730427412091,0.20370510600112784,0.278256806858689,0.18692407696984292,0.06349250169081505,0.031170370045476847,0.07875245791304802,0.05463042500027199,0.034857882708125065,0.06271780777746089,0.01911847588925661,0.000864510744916544,0.02775811846396105,0.01112849651556707,0.009699443136217591,0.011723468328373912,0.526792501690815,0.49447037004547684,0.542052457913048,0.517930425000272,0.49815788270812505,0.5260178077774609,0.9358521137246717,0.957862369451559,0.9260689066154328,0.937398287537728,0.9518845709851909,0.9316918863424698
91,,Structures,Structures,,,,,,8826704763215.738,4852032236784.262,,,,0.032633517403030915,0.28387927230497917,0.22190447060251065,0.31409209316299747,0.24233852234257536,0.2542397967150016,0.23782592380277454,Structures,0.13668538698756552,-0.5559634810201876,0.25814299196205526,0.22204879103917163,0.27347007610679386,0.21192658711648277,0.28421627592159554,-0.07170023483199617,0.3477498605073966,0.22204879103917163,0.27347007610679397,0.21192658711648288,0.061993622247685905,0.028278298646926363,0.07818218251169153,0.05591858201854834,0.03462822210693356,0.06470760035223305,0.017619596446127463,-0.00202756065363394,0.02718784306260455,0.01241665353384342,0.009469782535026085,0.013713260903146077,0.09462713965071683,0.06091181604995728,0.11081569991472245,0.08112512684959443,0.05983476693797966,0.08991414518327914,0.5851927881394541,0.675087943176519,0.5548904214331986,0.4660122129186652,0.5388339204745126,0.4421983852619945
92,5.0,System integrators,System integrators,5.0,5.0,DB 200%,GDS,Computers and Software,28310184524.936234,11800815475.063751,2.0,EP1H,0.5,0.4633,0.2887506304951489,0.2313037026477997,0.3159454882174061,0.23750930572852888,0.2551007793243654,0.2303663212665451,Equipment,0.15706581762012517,-0.4115969728881956,0.26351505036149064,0.20370510600112784,0.2782568068586889,0.1869240769698428,0.30111391707884655,0.027735017058034373,0.3524730427412091,0.20370510600112784,0.278256806858689,0.18692407696984292,0.06349250169081505,0.031170370045476847,0.07875245791304802,0.05463042500027199,0.034857882708125065,0.06271780777746089,0.01911847588925661,0.000864510744916544,0.02775811846396105,0.01112849651556707,0.009699443136217591,0.011723468328373912,0.526792501690815,0.49447037004547684,0.542052457913048,0.517930425000272,0.49815788270812505,0.5260178077774609,0.9358521137246717,0.957862369451559,0.9260689066154328,0.937398287537728,0.9518845709851909,0.9316918863424698
93,5.0,Tape drives,Tape drives,5.0,5.0,DB 200%,GDS,Computers and Software,0.0,0.0,2.0,EP1F,0.5,0.4633,0.2887506304951489,0.2313037026477997,0.3159454882174061,0.23750930572852888,0.2551007793243654,0.2303663212665451,Equipment,0.15706581762012517,-0.4115969728881956,0.26351505036149064,0.20370510600112784,0.2782568068586889,0.1869240769698428,0.30111391707884655,0.027735017058034373,0.3524730427412091,0.20370510600112784,0.278256806858689,0.18692407696984292,0.06349250169081505,0.031170370045476847,0.07875245791304802,0.05463042500027199,0.034857882708125065,0.06271780777746089,0.01911847588925661,0.000864510744916544,0.02775811846396105,0.01112849651556707,0.009699443136217591,0.011723468328373912,0.526792501690815,0.49447037004547684,0.542052457913048,0.517930425000272,0.49815788270812505,0.5260178077774609,0.9358521137246717,0.957862369451559,0.9260689066154328,0.937398287537728,0.9518845709851909,0.9316918863424698
94,5.0,Terminals,Terminals,5.0,5.0,DB 200%,GDS,Computers and Software,12396994619.057936,5141005380.942083,2.0,EP1E,0.5,0.4633,0.2887506304951489,0.2313037026477997,0.3159454882174061,0.23750930572852888,0.2551007793243654,0.2303663212665451,Equipment,0.15706581762012517,-0.4115969728881956,0.26351505036149064,0.20370510600112784,0.2782568068586889,0.1869240769698428,0.30111391707884655,0.027735017058034373,0.3524730427412091,0.20370510600112784,0.278256806858689,0.18692407696984292,0.06349250169081505,0.031170370045476847,0.07875245791304802,0.05463042500027199,0.034857882708125065,0.06271780777746089,0.01911847588925661,0.000864510744916544,0.02775811846396105,0.01112849651556707,0.009699443136217591,0.011723468328373912,0.526792501690815,0.49447037004547684,0.542052457913048,0.517930425000272,0.49815788270812505,0.5260178077774609,0.9358521137246717,0.957862369451559,0.9260689066154328,0.937398287537728,0.9518845709851909,0.9316918863424698
95,15.0,Theatrical movies,Theatrical movies,15.0,15.0,Economic,GDS,Intellectual Property,157833245541.22498,18409754458.775124,1.0,AE10,0.5,0.09300000000000001,0.2717539999999999,0.213325,0.2992499999999999,0.2253189905791442,0.24246809613610243,0.2183144263375696,Intellectual Property,0.08140308628283499,-0.7161716171617162,0.21212121212121188,0.15330894634978603,0.20102033155962057,0.14299629400757496,0.2383811070531123,-0.1820467173935911,0.30728692493403253,0.15330894634978603,0.20102033155962068,0.1429962940075751,0.058262769230769215,0.02563846153846154,0.0736153846153846,0.05137875060467627,0.03148820998288622,0.05950305592906936,0.013888743429210773,-0.004667397762098763,0.02262104516629762,0.007876822119971351,0.006329770410978746,0.008508716479982387,0.15126276923076923,0.11863846153846155,0.1666153846153846,0.14437875060467628,0.12448820998288623,0.15250305592906938,0.8347635777227438,0.9107773851590106,0.8079470198675497,0.839337342837166,0.8875467877149961,0.8229293608200572
96,10.0,Track replacement,Track replacement,7.0,7.0,DB 200%,GDS,Other Structures,166460438699.67987,41586561300.32018,2.0,SU12,0.5,0.0249,0.24227378412360806,0.20018499378499677,0.26282734620394094,0.2050409361699918,0.22983046894967393,0.19511161161705215,Structures,-0.08798325474998757,-1.0374725748079863,0.07063813865382298,0.05368324485608566,0.10523014263822104,0.043507264252130216,0.09794101237033866,-0.4033490268382081,0.1828932029565129,0.05368324485608566,0.10523014263822117,0.04350726425213035,0.0491919335764948,0.021595382703075948,0.062408414216597215,0.04596973291262207,0.028117218483518114,0.05331388053795844,0.004817907774936354,-0.008710476597484355,0.01141407476751024,0.00246780442791715,0.00295877891161064,0.002319541088871467,0.0740919335764948,0.046495382703075946,0.08730841421659721,0.07086973291262207,0.05301721848351811,0.07821388053795844,0.9137596413147916,0.9425404651885104,0.9012417976636847,0.9157535278283842,0.9346395002100526,0.9084157893019689
97,40.0,Warehouses,Warehouses,39.0,39.0,SL,GDS,Nonresidential Buildings,281416771190.32623,129247228809.67352,1.0,SC01,0.0,0.0225,0.3110971560866215,0.23532331127172124,0.3480414270358875,0.25243659874720525,0.2610904143992191,0.24923733753384603,Structures,0.23943085704958061,-0.3577241189377109,0.34558024538423576,0.25780037994936933,0.3098876853790049,0.24733278358231778,0.3694036851055475,0.06484099732946669,0.42462580846440545,0.25780037994936933,0.309887685379005,0.2473327835823179,0.07036835571896047,0.032407172698991155,0.08862813139565767,0.05861216754831718,0.03645557257694252,0.0677515086837373,0.025994329917402026,0.0021013133984308513,0.0376337919465707,0.015110239063612266,0.011297133005035046,0.01675716923465033,0.09286835571896046,0.054907172698991154,0.11112813139565766,0.08111216754831718,0.05895557257694252,0.0902515086837373,0.33580194903705246,0.4690757942894444,0.2934060192661048,0.3432987259553685,0.42654073245948454,0.3167577928036475
98,50.0,Water supply,Water supply,20.0,20.0,DB 150%,GDS,Other Structures,41285680277.46061,17351319722.539295,1.5,SO01,0.5,0.0225,0.2574355888144518,0.20737068797216932,0.2820632097240543,0.21543737366155763,0.23637329698501602,0.20716688991540513,Structures,0.006259234604073354,-0.8482451655520743,0.15114259478533815,0.10752284108960003,0.15752310754216103,0.09791687544832255,0.1760785059092063,-0.2730149531854987,0.253673747148489,0.10752284108960003,0.15752310754216114,0.09791687544832267,0.05385710425060055,0.02380636552989826,0.06832714145355517,0.04874290400643439,0.029862468391875223,0.05652953487454989,0.009483078449042108,-0.006499493770662043,0.017332802004468198,0.005240975521729474,0.004704028819967749,0.005535195425462915,0.07635710425060055,0.04630636552989826,0.09082714145355517,0.07124290400643439,0.05236246839187522,0.07902953487454989,0.784076212632078,0.8431490401850873,0.7617518386934923,0.7878107649522588,0.8257860092702984,0.7743127680577281
99,5.0,Wind and solar,Wind and solar,5.0,5.0,DB 200%,GDS,Other Structures,119300186299.0401,13828813700.95987,2.0,SU60,0.5,0.0303,0.24014256967001893,0.19937391309971844,0.25992420220525025,0.20359725371545115,0.22903611004930224,0.1933630475195942,Structures,-0.10268268333566795,-1.061293555611472,0.05714266746715198,0.04568892018740952,0.09843602475186805,0.03506553931668254,0.08575355304057133,-0.4197561925798395,0.17102781263378058,0.04568892018740952,0.09843602475186818,0.035065539316682666,0.048536175283082746,0.021345819415298,0.06151513914007701,0.045584641533500704,0.02790532925296097,0.05284746428578723,0.0041621494815243035,-0.008960039885262304,0.010520799690990033,0.0020827130487957868,0.002746889681053497,0.0018531248367002554,0.07883617528308275,0.051645819415298,0.09181513914007701,0.0758846415335007,0.05820532925296097,0.08314746428578723,0.9358521137246717,0.957862369451559,0.9260689066154328,0.937398287537728,0.9518845709851909,0.9316918863424698
