,index,Y,asset_name,assets,bea_asset_code,delta,eatr_d,eatr_e,eatr_mix,major_asset_group,metr_d,metr_e,metr_mix,mettr_d,mettr_e,mettr_mix,minor_asset_group,rho_d,rho_e,rho_mix,tax_treat,tax_wedge_d,tax_wedge_e,tax_wedge_mix,ucc_d,ucc_e,ucc_mix,z_d,z_e,z_mix
0,0,3.00000,Prepackaged software,72268924051.90823,ENS1,0.55000,0.09899,0.14910,0.13307,Equipment,-0.37858,0.00000,-0.08871,-0.05443,0.09137,0.05720,Computers and Software,0.03772,0.05800,0.05151,corporate,-0.00205,0.00530,0.00295,0.58772,0.60800,0.60151,1.00000,1.00000,1.00000
1,1,3.00000,Custom software,197240164682.67053,ENS2,0.33000,0.09899,0.14910,0.13307,Equipment,-0.37858,0.00000,-0.08871,-0.05443,0.09137,0.05720,Computers and Software,0.03772,0.05800,0.05151,corporate,-0.00205,0.00530,0.00295,0.36772,0.38800,0.38151,1.00000,1.00000,1.00000
2,2,5.00000,Mainframes,17413293619.14563,EP1A,0.46330,0.09899,0.14910,0.13307,Equipment,-0.37858,-0.00000,-0.08871,-0.05443,0.09137,0.05720,Computers and Software,0.03772,0.05800,0.05151,corporate,-0.00205,0.00530,0.00295,0.50102,0.52130,0.51481,1.00000,1.00000,1.00000
3,3,5.00000,PCs,53550810952.93879,EP1B,0.46330,0.09899,0.14910,0.13307,Equipment,-0.37858,-0.00000,-0.08871,-0.05443,0.09137,0.05720,Computers and Software,0.03772,0.05800,0.05151,corporate,-0.00205,0.00530,0.00295,0.50102,0.52130,0.51481,1.00000,1.00000,1.00000
4,4,5.00000,DASDs,0.00000,EP1C,0.46330,0.09899,0.14910,0.13307,Equipment,-0.37858,0.00000,-0.08871,-0.05443,0.09137,0.05720,Computers and Software,0.03772,0.05800,0.05151,corporate,-0.00205,0.00530,0.00295,0.50102,0.52130,0.51481,1.00000,1.00000,1.00000
5,5,5.00000,Printers,9260043911.05631,EP1D,0.46330,0.09899,0.14910,0.13307,Equipment,-0.37858,-0.00000,-0.08871,-0.05443,0.09137,0.05720,Computers and Software,0.03772,0.05800,0.05151,corporate,-0.00205,0.00530,0.00295,0.50102,0.52130,0.51481,1.00000,1.00000,1.00000
6,6,5.00000,Terminals,12396994618.63852,EP1E,0.46330,0.09899,0.14910,0.13307,Equipment,-0.37858,-0.00000,-0.08871,-0.05443,0.09137,0.05720,Computers and Software,0.03772,0.05800,0.05151,corporate,-0.00205,0.00530,0.00295,0.50102,0.52130,0.51481,1.00000,1.00000,1.00000
7,7,5.00000,Tape drives,0.00000,EP1F,0.46330,0.09899,0.14910,0.13307,Equipment,-0.37858,0.00000,-0.08871,-0.05443,0.09137,0.05720,Computers and Software,0.03772,0.05800,0.05151,corporate,-0.00205,0.00530,0.00295,0.50102,0.52130,0.51481,1.00000,1.00000,1.00000
8,8,5.00000,Storage devices,7998988409.07232,EP1G,0.46330,0.09899,0.14910,0.13307,Equipment,-0.37858,-0.00000,-0.08871,-0.05443,0.09137,0.05720,Computers and Software,0.03772,0.05800,0.05151,corporate,-0.00205,0.00530,0.00295,0.50102,0.52130,0.51481,1.00000,1.00000,1.00000
9,9,5.00000,System integrators,28310184525.09714,EP1H,0.46330,0.09899,0.14910,0.13307,Equipment,-0.37858,-0.00000,-0.08871,-0.05443,0.09137,0.05720,Computers and Software,0.03772,0.05800,0.05151,corporate,-0.00205,0.00530,0.00295,0.50102,0.52130,0.51481,1.00000,1.00000,1.00000
10,10,7.00000,Special industrial machinery,277678587239.93805,EI40,0.10310,0.09899,0.14910,0.13307,Equipment,-0.37858,0.00000,-0.08871,-0.05443,0.09137,0.05720,Industrial Machinery,0.03772,0.05800,0.05151,corporate,-0.00205,0.00530,0.00295,0.14082,0.16110,0.15461,1.00000,1.00000,1.00000
11,11,7.00000,General industrial equipment,476419502165.16602,EI50,0.10720,0.09899,0.14910,0.13307,Equipment,-0.37858,-0.00000,-0.08871,-0.05443,0.09137,0.05720,Industrial Machinery,0.03772,0.05800,0.05151,corporate,-0.00205,0.00530,0.00295,0.14492,0.16520,0.15871,1.00000,1.00000,1.00000
12,12,5.00000,Office and accounting equipment,7268611167.00189,EP12,0.31190,0.09899,0.14910,0.13307,Equipment,-0.37858,-0.00000,-0.08871,-0.05443,0.09137,0.05720,Instruments and Communications Equipment,0.03772,0.05800,0.05151,corporate,-0.00205,0.00530,0.00295,0.34962,0.36990,0.36341,1.00000,1.00000,1.00000
13,13,7.00000,Communications,498335724804.03143,EP20,0.11290,0.09899,0.14910,0.13307,Equipment,-0.37858,-0.00000,-0.08871,-0.05443,0.09137,0.05720,Instruments and Communications Equipment,0.03772,0.05800,0.05151,corporate,-0.00205,0.00530,0.00295,0.15062,0.17090,0.16441,1.00000,1.00000,1.00000
14,14,5.00000,Photocopy and related equipment,25020946205.42981,EP31,0.18000,0.09899,0.14910,0.13307,Equipment,-0.37858,0.00000,-0.08871,-0.05443,0.09137,0.05720,Instruments and Communications Equipment,0.03772,0.05800,0.05151,corporate,-0.00205,0.00530,0.00295,0.21772,0.23800,0.23151,1.00000,1.00000,1.00000
15,15,7.00000,Nonelectro medical instruments,133227504585.58267,EP34,0.13500,0.09899,0.14910,0.13307,Equipment,-0.37858,-0.00000,-0.08871,-0.05443,0.09137,0.05720,Instruments and Communications Equipment,0.03772,0.05800,0.05151,corporate,-0.00205,0.00530,0.00295,0.17272,0.19300,0.18651,1.00000,1.00000,1.00000
16,16,7.00000,Electro medical instruments,75049828222.78802,EP35,0.13500,0.09899,0.14910,0.13307,Equipment,-0.37858,-0.00000,-0.08871,-0.05443,0.09137,0.05720,Instruments and Communications Equipment,0.03772,0.05800,0.05151,corporate,-0.00205,0.00530,0.00295,0.17272,0.19300,0.18651,1.00000,1.00000,1.00000
17,17,7.00000,Nonmedical instruments,108363933020.24872,EP36,0.13500,0.09899,0.14910,0.13307,Equipment,-0.37858,-0.00000,-0.08871,-0.05443,0.09137,0.05720,Instruments and Communications Equipment,0.03772,0.05800,0.05151,corporate,-0.00205,0.00530,0.00295,0.17272,0.19300,0.18651,1.00000,1.00000,1.00000
18,18,5.00000,Household furniture,8900871527.19684,EO11,0.13750,0.09899,0.14910,0.13307,Equipment,-0.37858,-0.00000,-0.08871,-0.05443,0.09137,0.05720,Office and Residential Equipment,0.03772,0.05800,0.05151,corporate,-0.00205,0.00530,0.00295,0.17522,0.19550,0.18901,1.00000,1.00000,1.00000
19,19,7.00000,Other furniture,201600171017.50803,EO12,0.11790,0.09899,0.14910,0.13307,Equipment,-0.37858,-0.00000,-0.08871,-0.05443,0.09137,0.05720,Office and Residential Equipment,0.03772,0.05800,0.05151,corporate,-0.00205,0.00530,0.00295,0.15562,0.17590,0.16941,1.00000,1.00000,1.00000
20,20,5.00000,Household appliances,2759304252.31458,EO71,0.16500,0.09899,0.14910,0.13307,Equipment,-0.37858,-0.00000,-0.08871,-0.05443,0.09137,0.05720,Office and Residential Equipment,0.03772,0.05800,0.05151,corporate,-0.00205,0.00530,0.00295,0.20272,0.22300,0.21651,1.00000,1.00000,1.00000
21,21,7.00000,Service industry machinery,100661650547.22247,EO60,0.15280,0.09899,0.14910,0.13307,Equipment,-0.37858,-0.00000,-0.08871,-0.05443,0.09137,0.05720,Other Equipment,0.03772,0.05800,0.05151,corporate,-0.00205,0.00530,0.00295,0.19052,0.21080,0.20431,1.00000,1.00000,1.00000
22,22,7.00000,Other electrical,16821590672.86298,EO72,0.18340,0.09899,0.14910,0.13307,Equipment,-0.37858,-0.00000,-0.08871,-0.05443,0.09137,0.05720,Other Equipment,0.03772,0.05800,0.05151,corporate,-0.00205,0.00530,0.00295,0.22112,0.24140,0.23491,1.00000,1.00000,1.00000
23,23,7.00000,Other,219586535058.33942,EO80,0.14730,0.09899,0.14910,0.13307,Equipment,-0.37858,0.00000,-0.08871,-0.05443,0.09137,0.05720,Other Equipment,0.03772,0.05800,0.05151,corporate,-0.00205,0.00530,0.00295,0.18502,0.20530,0.19881,1.00000,1.00000,1.00000
24,24,5.00000,Nuclear fuel,6455272413.33420,EI11,0.25000,0.09899,0.14910,0.13307,Equipment,-0.37858,-0.00000,-0.08871,-0.05443,0.09137,0.05720,Other Industrial Equipment,0.03772,0.05800,0.05151,corporate,-0.00205,0.00530,0.00295,0.28772,0.30800,0.30151,1.00000,1.00000,1.00000
25,25,7.00000,Other fabricated metals,117546642592.42761,EI12,0.09170,0.09899,0.14910,0.13307,Equipment,-0.37858,-0.00000,-0.08871,-0.05443,0.09137,0.05720,Other Industrial Equipment,0.03772,0.05800,0.05151,corporate,-0.00205,0.00530,0.00295,0.12942,0.14970,0.14321,1.00000,1.00000,1.00000
26,26,7.00000,Metalworking machinery,218890188223.75763,EI30,0.12250,0.09899,0.14910,0.13307,Equipment,-0.37858,-0.00000,-0.08871,-0.05443,0.09137,0.05720,Other Industrial Equipment,0.03772,0.05800,0.05151,corporate,-0.00205,0.00530,0.00295,0.16022,0.18050,0.17401,1.00000,1.00000,1.00000
27,27,15.00000,Electric transmission and distribution,423453356310.35504,EI60,0.05000,0.09899,0.14910,0.13307,Equipment,-0.37858,0.00000,-0.08871,-0.05443,0.09137,0.05720,Other Industrial Equipment,0.03772,0.05800,0.05151,corporate,-0.00205,0.00530,0.00295,0.08772,0.10800,0.10151,1.00000,1.00000,1.00000
28,28,7.00000,Farm tractors,24563500689.01743,EO21,0.14520,0.09899,0.14910,0.13307,Equipment,-0.37858,-0.00000,-0.08871,-0.05443,0.09137,0.05720,Other Industrial Equipment,0.03772,0.05800,0.05151,corporate,-0.00205,0.00530,0.00295,0.18292,0.20320,0.19671,1.00000,1.00000,1.00000
29,29,5.00000,Construction tractors,9895536358.92141,EO22,0.16330,0.09899,0.14910,0.13307,Equipment,-0.37858,-0.00000,-0.08871,-0.05443,0.09137,0.05720,Other Industrial Equipment,0.03772,0.05800,0.05151,corporate,-0.00205,0.00530,0.00295,0.20102,0.22130,0.21481,1.00000,1.00000,1.00000
30,30,7.00000,Other agricultural machinery,46750113836.64255,EO30,0.11790,0.09899,0.14910,0.13307,Equipment,-0.37858,-0.00000,-0.08871,-0.05443,0.09137,0.05720,Other Industrial Equipment,0.03772,0.05800,0.05151,corporate,-0.00205,0.00530,0.00295,0.15562,0.17590,0.16941,1.00000,1.00000,1.00000
31,31,5.00000,Other construction machinery,123582273311.10860,EO40,0.15500,0.09899,0.14910,0.13307,Equipment,-0.37858,-0.00000,-0.08871,-0.05443,0.09137,0.05720,Other Industrial Equipment,0.03772,0.05800,0.05151,corporate,-0.00205,0.00530,0.00295,0.19272,0.21300,0.20651,1.00000,1.00000,1.00000
32,32,7.00000,Mining and oilfield machinery,84858812348.82649,EO50,0.15000,0.09899,0.14910,0.13307,Equipment,-0.37858,0.00000,-0.08871,-0.05443,0.09137,0.05720,Other Industrial Equipment,0.03772,0.05800,0.05151,corporate,-0.00205,0.00530,0.00295,0.18772,0.20800,0.20151,1.00000,1.00000,1.00000
33,33,15.00000,Steam engines,91645013950.18124,EI21,0.05160,0.09899,0.14910,0.13307,Equipment,-0.37858,0.00000,-0.08871,-0.05443,0.09137,0.05720,Transportation Equipment,0.03772,0.05800,0.05151,corporate,-0.00205,0.00530,0.00295,0.08932,0.10960,0.10311,1.00000,1.00000,1.00000
34,34,7.00000,Internal combustion engines,12363020746.63129,EI22,0.20630,0.09899,0.14910,0.13307,Equipment,-0.37858,0.00000,-0.08871,-0.05443,0.09137,0.05720,Transportation Equipment,0.03772,0.05800,0.05151,corporate,-0.00205,0.00530,0.00295,0.24402,0.26430,0.25781,1.00000,1.00000,1.00000
35,35,5.00000,Light trucks (including utility vehicles),167619978534.97446,ET11,0.17250,0.09899,0.14910,0.13307,Equipment,-0.37858,-0.00000,-0.08871,-0.05443,0.09137,0.05720,Transportation Equipment,0.03772,0.05800,0.05151,corporate,-0.00205,0.00530,0.00295,0.21022,0.23050,0.22401,1.00000,1.00000,1.00000
36,36,5.00000,"Other trucks, buses and truck trailers",119548128283.18022,ET12,0.17250,0.09899,0.14910,0.13307,Equipment,-0.37858,-0.00000,-0.08871,-0.05443,0.09137,0.05720,Transportation Equipment,0.03772,0.05800,0.05151,corporate,-0.00205,0.00530,0.00295,0.21022,0.23050,0.22401,1.00000,1.00000,1.00000
37,37,5.00000,Autos,136239832216.63460,ET20,0.33330,0.09899,0.14910,0.13307,Equipment,-0.37858,-0.00000,-0.08871,-0.05443,0.09137,0.05720,Transportation Equipment,0.03772,0.05800,0.05151,corporate,-0.00205,0.00530,0.00295,0.37102,0.39130,0.38481,1.00000,1.00000,1.00000
38,38,5.00000,Aircraft,265993981320.40247,ET30,0.08590,0.09899,0.14910,0.13307,Equipment,-0.37858,0.00000,-0.08871,-0.05443,0.09137,0.05720,Transportation Equipment,0.03772,0.05800,0.05151,corporate,-0.00205,0.00530,0.00295,0.12362,0.14390,0.13741,1.00000,1.00000,1.00000
39,39,10.00000,Ships and boats,62839620239.51455,ET40,0.06110,0.09899,0.14910,0.13307,Equipment,-0.37858,0.00000,-0.08871,-0.05443,0.09137,0.05720,Transportation Equipment,0.03772,0.05800,0.05151,corporate,-0.00205,0.00530,0.00295,0.09882,0.11910,0.11261,1.00000,1.00000,1.00000
40,40,7.00000,Railroad equipment,109045484545.80264,ET50,0.05890,0.09899,0.14910,0.13307,Equipment,-0.37858,-0.00000,-0.08871,-0.05443,0.09137,0.05720,Transportation Equipment,0.03772,0.05800,0.05151,corporate,-0.00205,0.00530,0.00295,0.09662,0.11690,0.11041,1.00000,1.00000,1.00000
41,41,15.00000,Theatrical movies,157833135207.60001,AE10,0.09300,0.09899,0.14910,0.13307,Intellectual Property,-0.37858,0.00000,-0.08871,-0.05443,0.09137,0.05720,Intellectual Property,0.03772,0.05800,0.05151,corporate,-0.00205,0.00530,0.00295,0.13072,0.15100,0.14451,1.00000,1.00000,1.00000
42,42,15.00000,Long-lived television programs,144610873940.84000,AE20,0.16800,0.09899,0.14910,0.13307,Intellectual Property,-0.37858,0.00000,-0.08871,-0.05443,0.09137,0.05720,Intellectual Property,0.03772,0.05800,0.05151,corporate,-0.00205,0.00530,0.00295,0.20572,0.22600,0.21951,1.00000,1.00000,1.00000
43,43,15.00000,Books,67646468506.22700,AE30,0.12100,0.09899,0.14910,0.13307,Intellectual Property,-0.37858,-0.00000,-0.08871,-0.05443,0.09137,0.05720,Intellectual Property,0.03772,0.05800,0.05151,corporate,-0.00205,0.00530,0.00295,0.15872,0.17900,0.17251,1.00000,1.00000,1.00000
44,44,15.00000,Music,15406510045.27200,AE40,0.26700,0.09899,0.14910,0.13307,Intellectual Property,-0.37858,-0.00000,-0.08871,-0.05443,0.09137,0.05720,Intellectual Property,0.03772,0.05800,0.05151,corporate,-0.00205,0.00530,0.00295,0.30472,0.32500,0.31851,1.00000,1.00000,1.00000
45,45,15.00000,Other entertainment originals,15413496806.95360,AE50,0.10900,0.09899,0.14910,0.13307,Intellectual Property,-0.37858,-0.00000,-0.08871,-0.05443,0.09137,0.05720,Intellectual Property,0.03772,0.05800,0.05151,corporate,-0.00205,0.00530,0.00295,0.14672,0.16700,0.16051,1.00000,1.00000,1.00000
46,46,3.00000,Own account software,198787829234.93384,ENS3,0.33000,0.09899,0.14910,0.13307,Intellectual Property,-0.37858,-0.00000,-0.08871,-0.05443,0.09137,0.05720,Intellectual Property,0.03772,0.05800,0.05151,corporate,-0.00205,0.00530,0.00295,0.36772,0.38800,0.38151,1.00000,1.00000,1.00000
47,47,5.00000,Pharmaceutical and medicine manufacturing,396355667406.76001,RD11,0.10000,0.09899,0.14910,0.13307,Intellectual Property,-0.37858,0.00000,-0.08871,-0.05443,0.09137,0.05720,Intellectual Property,0.03772,0.05800,0.05151,corporate,-0.00205,0.00530,0.00295,0.13772,0.15800,0.15151,1.00000,1.00000,1.00000
48,48,5.00000,"Chemical manufacturing, ex. pharma and med",54399224281.87000,RD12,0.16000,0.09899,0.14910,0.13307,Intellectual Property,-0.37858,0.00000,-0.08871,-0.05443,0.09137,0.05720,Intellectual Property,0.03772,0.05800,0.05151,corporate,-0.00205,0.00530,0.00295,0.19772,0.21800,0.21151,1.00000,1.00000,1.00000
49,49,5.00000,Computers and peripheral equipment manufacturing,9567048384.52970,RD21,0.40000,0.09899,0.14910,0.13307,Intellectual Property,-0.37858,-0.00000,-0.08871,-0.05443,0.09137,0.05720,Intellectual Property,0.03772,0.05800,0.05151,corporate,-0.00205,0.00530,0.00295,0.43772,0.45800,0.45151,1.00000,1.00000,1.00000
50,50,5.00000,Communications equipment manufacturing,38393784818.37000,RD22,0.27000,0.09899,0.14910,0.13307,Intellectual Property,-0.37858,-0.00000,-0.08871,-0.05443,0.09137,0.05720,Intellectual Property,0.03772,0.05800,0.05151,corporate,-0.00205,0.00530,0.00295,0.30772,0.32800,0.32151,1.00000,1.00000,1.00000
51,51,5.00000,Semiconductor and other component manufacturing,83580996525.54500,RD23,0.25000,0.09899,0.14910,0.13307,Intellectual Property,-0.37858,-0.00000,-0.08871,-0.05443,0.09137,0.05720,Intellectual Property,0.03772,0.05800,0.05151,corporate,-0.00205,0.00530,0.00295,0.28772,0.30800,0.30151,1.00000,1.00000,1.00000
52,52,5.00000,Navigational and other instruments manufacturing,30814085766.70850,RD24,0.29000,0.09899,0.14910,0.13307,Intellectual Property,-0.37858,-0.00000,-0.08871,-0.05443,0.09137,0.05720,Intellectual Property,0.03772,0.05800,0.05151,corporate,-0.00205,0.00530,0.00295,0.32772,0.34800,0.34151,1.00000,1.00000,1.00000
53,53,5.00000,"Other computer and electronic manufacturing, n.e.c.",1636224416.52115,RD25,0.40000,0.09899,0.14910,0.13307,Intellectual Property,-0.37858,-0.00000,-0.08871,-0.05443,0.09137,0.05720,Intellectual Property,0.03772,0.05800,0.05151,corporate,-0.00205,0.00530,0.00295,0.43772,0.45800,0.45151,1.00000,1.00000,1.00000
54,54,7.00000,Motor vehicles and parts manufacturing,39313793397.90000,RD31,0.31000,0.09899,0.14910,0.13307,Intellectual Property,-0.37858,-0.00000,-0.08871,-0.05443,0.09137,0.05720,Intellectual Property,0.03772,0.05800,0.05151,corporate,-0.00205,0.00530,0.00295,0.34772,0.36800,0.36151,1.00000,1.00000,1.00000
55,55,7.00000,Aerospace products and parts manufacturing,33211530575.70000,RD32,0.22000,0.09899,0.14910,0.13307,Intellectual Property,-0.37858,0.00000,-0.08871,-0.05443,0.09137,0.05720,Intellectual Property,0.03772,0.05800,0.05151,corporate,-0.00205,0.00530,0.00295,0.25772,0.27800,0.27151,1.00000,1.00000,1.00000
56,56,3.00000,Software publishers,20657269549.44800,RD40,0.22000,0.09899,0.14910,0.13307,Intellectual Property,-0.37858,0.00000,-0.08871,-0.05443,0.09137,0.05720,Intellectual Property,0.03772,0.05800,0.05151,corporate,-0.00205,0.00530,0.00295,0.25772,0.27800,0.27151,1.00000,1.00000,1.00000
57,57,5.00000,Financial and real estate services,6097212063.91973,RD50,0.16000,0.09899,0.14910,0.13307,Intellectual Property,-0.37858,0.00000,-0.08871,-0.05443,0.09137,0.05720,Intellectual Property,0.03772,0.05800,0.05151,corporate,-0.00205,0.00530,0.00295,0.19772,0.21800,0.21151,1.00000,1.00000,1.00000
58,58,3.00000,Computer systems design and related services,6318822870.57000,RD60,0.36000,0.09899,0.14910,0.13307,Intellectual Property,-0.37858,-0.00000,-0.08871,-0.05443,0.09137,0.05720,Intellectual Property,0.03772,0.05800,0.05151,corporate,-0.00205,0.00530,0.00295,0.39772,0.41800,0.41151,1.00000,1.00000,1.00000
59,59,5.00000,Scientific research and development services,22814623102.40300,RD70,0.16000,0.09899,0.14910,0.13307,Intellectual Property,-0.37858,0.00000,-0.08871,-0.05443,0.09137,0.05720,Intellectual Property,0.03772,0.05800,0.05151,corporate,-0.00205,0.00530,0.00295,0.19772,0.21800,0.21151,1.00000,1.00000,1.00000
60,60,5.00000,"All other nonmanufacturing, n.e.c.",86239268420.74191,RD80,0.16000,0.09899,0.14910,0.13307,Intellectual Property,-0.37858,0.00000,-0.08871,-0.05443,0.09137,0.05720,Intellectual Property,0.03772,0.05800,0.05151,corporate,-0.00205,0.00530,0.00295,0.19772,0.21800,0.21151,1.00000,1.00000,1.00000
61,61,3.00000,Private universities and colleges,8714364638.94000,RD91,0.16000,0.09899,0.14910,0.13307,Intellectual Property,-0.37858,0.00000,-0.08871,-0.05443,0.09137,0.05720,Intellectual Property,0.03772,0.05800,0.05151,corporate,-0.00205,0.00530,0.00295,0.19772,0.21800,0.21151,1.00000,1.00000,1.00000
62,62,3.00000,Other nonprofit institutions,36718605375.19618,RD92,0.16000,0.09899,0.14910,0.13307,Intellectual Property,-0.37858,0.00000,-0.08871,-0.05443,0.09137,0.05720,Intellectual Property,0.03772,0.05800,0.05151,corporate,-0.00205,0.00530,0.00295,0.19772,0.21800,0.21151,1.00000,1.00000,1.00000
63,63,7.00000,Other manufacturing,207322515563.45129,RDOM,0.16000,0.09899,0.14910,0.13307,Intellectual Property,-0.37858,0.00000,-0.08871,-0.05443,0.09137,0.05720,Intellectual Property,0.03772,0.05800,0.05151,corporate,-0.00205,0.00530,0.00295,0.19772,0.21800,0.21151,1.00000,1.00000,1.00000
64,64,100.00000,Inventories,1540550422351.17505,INV,0.00000,0.14653,0.21743,0.19476,Inventories,-0.04515,0.22974,0.16460,0.20060,0.30012,0.27656,Inventories,0.04975,0.07530,0.06713,corporate,0.00998,0.02260,0.01857,0.04975,0.07530,0.06713,0.00000,0.00000,0.00000
65,65,100.00000,Land,3586506468628.54834,LAND,0.00000,0.13860,0.21000,0.18715,Land,-0.08908,0.21000,0.13992,0.16700,0.28218,0.25519,Land,0.04775,0.07342,0.06520,corporate,0.00797,0.02072,0.01664,0.04775,0.07342,0.06520,0.00000,0.00000,0.00000
66,66,5.00000,Petroleum and natural gas,1033008886591.34497,SM01,0.07510,0.09899,0.14910,0.13307,Structures,-0.37858,-0.00000,-0.08871,-0.05443,0.09137,0.05720,Mining and Drilling Structures,0.03772,0.05800,0.05151,corporate,-0.00205,0.00530,0.00295,0.11282,0.13310,0.12661,1.00000,1.00000,1.00000
67,67,7.00000,Mining,82930242550.85606,SM02,0.04500,0.09899,0.14910,0.13307,Structures,-0.37858,0.00000,-0.08871,-0.05443,0.09137,0.05720,Mining and Drilling Structures,0.03772,0.05800,0.05151,corporate,-0.00205,0.00530,0.00295,0.08272,0.10300,0.09651,1.00000,1.00000,1.00000
68,68,15.00000,Communication,578746604536.45056,SU20,0.02370,0.09899,0.14910,0.13307,Structures,-0.37858,-0.00000,-0.08871,-0.05443,0.09137,0.05720,Mining and Drilling Structures,0.03772,0.05800,0.05151,corporate,-0.00205,0.00530,0.00295,0.06142,0.08170,0.07521,1.00000,1.00000,1.00000
69,69,5.00000,Gas,365538319906.67950,SU40,0.07510,0.09899,0.14910,0.13307,Structures,-0.37858,-0.00000,-0.08871,-0.05443,0.09137,0.05720,Mining and Drilling Structures,0.03772,0.05800,0.05151,corporate,-0.00205,0.00530,0.00295,0.11282,0.13310,0.12661,1.00000,1.00000,1.00000
70,70,5.00000,Petroleum pipelines,112623061581.40628,SU50,0.02370,0.09899,0.14910,0.13307,Structures,-0.37858,0.00000,-0.08871,-0.05443,0.09137,0.05720,Mining and Drilling Structures,0.03772,0.05800,0.05151,corporate,-0.00205,0.00530,0.00295,0.06142,0.08170,0.07521,1.00000,1.00000,1.00000
71,71,39.00000,Religious,100591058771.64963,SB10,0.01880,0.12835,0.19589,0.17412,Structures,-0.15167,0.16960,0.09407,0.11913,0.24547,0.21548,Nonresidential Buildings,0.04515,0.06985,0.06190,corporate,0.00538,0.01715,0.01334,0.06395,0.08865,0.08070,0.50534,0.41976,0.44395
72,72,39.00000,Educational and vocational,282731611173.25391,SB20,0.01880,0.13350,0.20336,0.18087,Structures,-0.11935,0.19148,0.11841,0.14385,0.26535,0.23656,Nonresidential Buildings,0.04646,0.07174,0.06361,corporate,0.00668,0.01904,0.01505,0.06526,0.09054,0.08241,0.41857,0.32717,0.35251
73,73,39.00000,Hospitals,321465607211.49677,SB31,0.01880,0.13350,0.20336,0.18087,Structures,-0.11935,0.19148,0.11841,0.14385,0.26535,0.23656,Nonresidential Buildings,0.04646,0.07174,0.06361,corporate,0.00668,0.01904,0.01505,0.06526,0.09054,0.08241,0.41857,0.32717,0.35251
74,74,39.00000,Special care,70115662530.64020,SB32,0.01880,0.13350,0.20336,0.18087,Structures,-0.11935,0.19148,0.11841,0.14385,0.26535,0.23656,Nonresidential Buildings,0.04646,0.07174,0.06361,corporate,0.00668,0.01904,0.01505,0.06526,0.09054,0.08241,0.41857,0.32717,0.35251
75,75,39.00000,Lodging,171809464720.12051,SB41,0.02810,0.13918,0.20993,0.18719,Structures,-0.08575,0.20980,0.14004,0.16954,0.28200,0.25530,Nonresidential Buildings,0.04789,0.07340,0.06521,corporate,0.00812,0.02070,0.01665,0.07599,0.10150,0.09331,0.41857,0.32717,0.35251
76,76,39.00000,Air transportation,26676130902.06076,SB43,0.02370,0.13649,0.20682,0.18420,Structures,-0.10139,0.20124,0.12994,0.15758,0.27422,0.24655,Nonresidential Buildings,0.04721,0.07261,0.06446,corporate,0.00744,0.01991,0.01589,0.07091,0.09631,0.08816,0.41857,0.32717,0.35251
77,77,39.00000,Other transportation,3546598618.33835,SB45,0.02370,0.13649,0.20682,0.18420,Structures,-0.10139,0.20124,0.12994,0.15758,0.27422,0.24655,Nonresidential Buildings,0.04721,0.07261,0.06446,corporate,0.00744,0.01991,0.01589,0.07091,0.09631,0.08816,0.41857,0.32717,0.35251
78,78,39.00000,Warehouses,281416771190.75391,SC01,0.02250,0.13576,0.20597,0.18338,Structures,-0.10574,0.19887,0.12714,0.15426,0.27207,0.24413,Nonresidential Buildings,0.04703,0.07240,0.06425,corporate,0.00725,0.01970,0.01568,0.06953,0.09490,0.08675,0.41857,0.32717,0.35251
79,79,39.00000,Other commercial,342925648724.17450,SC02,0.02620,0.13802,0.20859,0.18590,Structures,-0.09245,0.20613,0.13571,0.16442,0.27866,0.25155,Nonresidential Buildings,0.04760,0.07306,0.06489,corporate,0.00783,0.02036,0.01632,0.07380,0.09926,0.09109,0.41857,0.32717,0.35251
80,80,39.00000,Multimerchandise shopping,424453104849.45978,SC03,0.02620,0.13802,0.20859,0.18590,Structures,-0.09245,0.20613,0.13571,0.16442,0.27866,0.25155,Nonresidential Buildings,0.04760,0.07306,0.06489,corporate,0.00783,0.02036,0.01632,0.07380,0.09926,0.09109,0.41857,0.32717,0.35251
81,81,39.00000,Food and beverage establishments,177715537880.96967,SC04,0.02620,0.13802,0.20859,0.18590,Structures,-0.09245,0.20613,0.13571,0.16442,0.27866,0.25155,Nonresidential Buildings,0.04760,0.07306,0.06489,corporate,0.00783,0.02036,0.01632,0.07380,0.09926,0.09109,0.41857,0.32717,0.35251
82,82,39.00000,Manufacturing,1098167248468.80334,SI00,0.03140,0.14119,0.21226,0.18943,Structures,-0.07431,0.21611,0.14747,0.17829,0.28773,0.26173,Nonresidential Buildings,0.04840,0.07399,0.06578,corporate,0.00863,0.02129,0.01722,0.07980,0.10539,0.09718,0.41857,0.32717,0.35251
83,83,39.00000,Public safety,15488160357.00830,SO03,0.02370,0.13649,0.20682,0.18420,Structures,-0.10139,0.20124,0.12994,0.15758,0.27422,0.24655,Nonresidential Buildings,0.04721,0.07261,0.06446,corporate,0.00744,0.01991,0.01589,0.07091,0.09631,0.08816,0.41857,0.32717,0.35251
84,84,39.00000,Office,1125363275874.33521,SOO1,0.02470,0.13710,0.20753,0.18488,Structures,-0.09780,0.20320,0.13226,0.16033,0.27600,0.24856,Nonresidential Buildings,0.04737,0.07279,0.06463,corporate,0.00759,0.02009,0.01606,0.07207,0.09749,0.08933,0.41857,0.32717,0.35251
85,85,39.00000,Medical buildings,108684928850.30258,SOO2,0.02470,0.13710,0.20753,0.18488,Structures,-0.09780,0.20320,0.13226,0.16033,0.27600,0.24856,Nonresidential Buildings,0.04737,0.07279,0.06463,corporate,0.00759,0.02009,0.01606,0.07207,0.09749,0.08933,0.41857,0.32717,0.35251
86,86,7.00000,Amusement and recreation,163173271952.98538,SB42,0.03000,0.09899,0.14910,0.13307,Structures,-0.37858,-0.00000,-0.08871,-0.05443,0.09137,0.05720,Other Structures,0.03772,0.05800,0.05151,corporate,-0.00205,0.00530,0.00295,0.06772,0.08800,0.08151,1.00000,1.00000,1.00000
87,87,39.00000,Local transit structures,9253082151.44273,SB44,0.02370,0.13649,0.20682,0.18420,Structures,-0.10139,0.20124,0.12994,0.15758,0.27422,0.24655,Other Structures,0.04721,0.07261,0.06446,corporate,0.00744,0.01991,0.01589,0.07091,0.09631,0.08816,0.41857,0.32717,0.35251
88,88,5.00000,Other land transportation,7047759108.81892,SB46,0.02370,0.09899,0.14910,0.13307,Structures,-0.37858,0.00000,-0.08871,-0.05443,0.09137,0.05720,Other Structures,0.03772,0.05800,0.05151,corporate,-0.00205,0.00530,0.00295,0.06142,0.08170,0.07521,1.00000,1.00000,1.00000
89,89,20.00000,Farm,109520310583.21701,SN00,0.02390,0.09899,0.14910,0.13307,Structures,-0.37858,0.00000,-0.08871,-0.05443,0.09137,0.05720,Other Structures,0.03772,0.05800,0.05151,corporate,-0.00205,0.00530,0.00295,0.06162,0.08190,0.07541,1.00000,1.00000,1.00000
90,90,20.00000,Water supply,41285680278.03433,SO01,0.02250,0.09899,0.14910,0.13307,Structures,-0.37858,-0.00000,-0.08871,-0.05443,0.09137,0.05720,Other Structures,0.03772,0.05800,0.05151,corporate,-0.00205,0.00530,0.00295,0.06022,0.08050,0.07401,1.00000,1.00000,1.00000
91,91,20.00000,Sewage and waste disposal,37655287429.62462,SO02,0.02250,0.09899,0.14910,0.13307,Structures,-0.37858,0.00000,-0.08871,-0.05443,0.09137,0.05720,Other Structures,0.03772,0.05800,0.05151,corporate,-0.00205,0.00530,0.00295,0.06022,0.08050,0.07401,1.00000,1.00000,1.00000
92,92,15.00000,Highway and conservation and development,22901934534.09797,SO04,0.02250,0.09899,0.14910,0.13307,Structures,-0.37858,0.00000,-0.08871,-0.05443,0.09137,0.05720,Other Structures,0.03772,0.05800,0.05151,corporate,-0.00205,0.00530,0.00295,0.06022,0.08050,0.07401,1.00000,1.00000,1.00000
93,93,7.00000,Mobile structures,4708544169.52466,SOMO,0.05560,0.09899,0.14910,0.13307,Structures,-0.37858,0.00000,-0.08871,-0.05443,0.09137,0.05720,Other Structures,0.03772,0.05800,0.05151,corporate,-0.00205,0.00530,0.00295,0.09332,0.11360,0.10711,1.00000,1.00000,1.00000
94,94,20.00000,Other railroad,135810301223.62192,SU11,0.01760,0.09899,0.14910,0.13307,Structures,-0.37858,-0.00000,-0.08871,-0.05443,0.09137,0.05720,Other Structures,0.03772,0.05800,0.05151,corporate,-0.00205,0.00530,0.00295,0.05532,0.07560,0.06911,1.00000,1.00000,1.00000
95,95,7.00000,Track replacement,166460169103.56049,SU12,0.02490,0.09899,0.14910,0.13307,Structures,-0.37858,-0.00000,-0.08871,-0.05443,0.09137,0.05720,Other Structures,0.03772,0.05800,0.05151,corporate,-0.00205,0.00530,0.00295,0.06262,0.08290,0.07641,1.00000,1.00000,1.00000
96,96,15.00000,Electric,1052404941676.51135,SU30,0.02110,0.09899,0.14910,0.13307,Structures,-0.37858,0.00000,-0.08871,-0.05443,0.09137,0.05720,Other Structures,0.03772,0.05800,0.05151,corporate,-0.00205,0.00530,0.00295,0.05882,0.07910,0.07261,1.00000,1.00000,1.00000
97,97,5.00000,Wind and solar,119300186300.69254,SU60,0.03030,0.09899,0.14910,0.13307,Structures,-0.37858,0.00000,-0.08871,-0.05443,0.09137,0.05720,Other Structures,0.03772,0.05800,0.05151,corporate,-0.00205,0.00530,0.00295,0.06802,0.08830,0.08181,1.00000,1.00000,1.00000
98,98,27.50000,Residential,333776621894.00000,RES,0.01631,0.12609,0.19380,0.17191,Structures,-0.16644,0.16325,0.08583,0.10783,0.23970,0.20835,Residential Buildings,0.04458,0.06932,0.06135,corporate,0.00481,0.01661,0.01278,0.06089,0.08563,0.07766,0.52240,0.42718,0.45450
99,99,3.00000,Prepackaged software,22158075947.24139,ENS1,0.55000,0.17937,0.14875,0.15763,Equipment,0.08380,0.00000,0.01917,0.08380,0.00000,0.01917,Computers and Software,0.03827,0.05270,0.04851,non-corporate,0.00321,0.00000,0.00093,0.58827,0.60270,0.59851,1.00000,1.00000,1.00000
100,100,3.00000,Custom software,60800835314.35992,ENS2,0.33000,0.17937,0.14875,0.15763,Equipment,0.08380,-0.00000,0.01917,0.08380,-0.00000,0.01917,Computers and Software,0.03827,0.05270,0.04851,non-corporate,0.00321,-0.00000,0.00093,0.36827,0.38270,0.37851,1.00000,1.00000,1.00000
101,101,5.00000,Mainframes,6190706381.18300,EP1A,0.46330,0.17937,0.14875,0.15763,Equipment,0.08380,-0.00000,0.01917,0.08380,-0.00000,0.01917,Computers and Software,0.03827,0.05270,0.04851,non-corporate,0.00321,-0.00000,0.00093,0.50157,0.51600,0.51181,1.00000,1.00000,1.00000
102,102,5.00000,PCs,20612189046.26059,EP1B,0.46330,0.17937,0.14875,0.15763,Equipment,0.08380,-0.00000,0.01917,0.08380,-0.00000,0.01917,Computers and Software,0.03827,0.05270,0.04851,non-corporate,0.00321,-0.00000,0.00093,0.50157,0.51600,0.51181,1.00000,1.00000,1.00000
103,103,5.00000,DASDs,0.00000,EP1C,0.46330,0.17937,0.14875,0.15763,Equipment,0.08380,-0.00000,0.01917,0.08380,-0.00000,0.01917,Computers and Software,0.03827,0.05270,0.04851,non-corporate,0.00321,-0.00000,0.00093,0.50157,0.51600,0.51181,1.00000,1.00000,1.00000
104,104,5.00000,Printers,3876956088.97943,EP1D,0.46330,0.17937,0.14875,0.15763,Equipment,0.08380,-0.00000,0.01917,0.08380,-0.00000,0.01917,Computers and Software,0.03827,0.05270,0.04851,non-corporate,0.00321,-0.00000,0.00093,0.50157,0.51600,0.51181,1.00000,1.00000,1.00000
105,105,5.00000,Terminals,5141005380.94880,EP1E,0.46330,0.17937,0.14875,0.15763,Equipment,0.08380,-0.00000,0.01917,0.08380,-0.00000,0.01917,Computers and Software,0.03827,0.05270,0.04851,non-corporate,0.00321,-0.00000,0.00093,0.50157,0.51600,0.51181,1.00000,1.00000,1.00000
106,106,5.00000,Tape drives,0.00000,EP1F,0.46330,0.17937,0.14875,0.15763,Equipment,0.08380,-0.00000,0.01917,0.08380,-0.00000,0.01917,Computers and Software,0.03827,0.05270,0.04851,non-corporate,0.00321,-0.00000,0.00093,0.50157,0.51600,0.51181,1.00000,1.00000,1.00000
107,107,5.00000,Storage devices,3192011590.92400,EP1G,0.46330,0.17937,0.14875,0.15763,Equipment,0.08380,-0.00000,0.01917,0.08380,-0.00000,0.01917,Computers and Software,0.03827,0.05270,0.04851,non-corporate,0.00321,-0.00000,0.00093,0.50157,0.51600,0.51181,1.00000,1.00000,1.00000
108,108,5.00000,System integrators,11800815475.28772,EP1H,0.46330,0.17937,0.14875,0.15763,Equipment,0.08380,-0.00000,0.01917,0.08380,-0.00000,0.01917,Computers and Software,0.03827,0.05270,0.04851,non-corporate,0.00321,-0.00000,0.00093,0.50157,0.51600,0.51181,1.00000,1.00000,1.00000
109,109,7.00000,Special industrial machinery,56031412759.69572,EI40,0.10310,0.17937,0.14875,0.15763,Equipment,0.08380,0.00000,0.01917,0.08380,0.00000,0.01917,Industrial Machinery,0.03827,0.05270,0.04851,non-corporate,0.00321,0.00000,0.00093,0.14137,0.15580,0.15161,1.00000,1.00000,1.00000
110,110,7.00000,General industrial equipment,114662497838.17902,EI50,0.10720,0.17937,0.14875,0.15763,Equipment,0.08380,-0.00000,0.01917,0.08380,-0.00000,0.01917,Industrial Machinery,0.03827,0.05270,0.04851,non-corporate,0.00321,-0.00000,0.00093,0.14547,0.15990,0.15571,1.00000,1.00000,1.00000
111,111,5.00000,Office and accounting equipment,2542388832.96892,EP12,0.31190,0.17937,0.14875,0.15763,Equipment,0.08380,-0.00000,0.01917,0.08380,-0.00000,0.01917,Instruments and Communications Equipment,0.03827,0.05270,0.04851,non-corporate,0.00321,-0.00000,0.00093,0.35017,0.36460,0.36041,1.00000,1.00000,1.00000
112,112,7.00000,Communications,102468863895.39655,EP20,0.11290,0.17937,0.14875,0.15763,Equipment,0.08380,0.00000,0.01917,0.08380,0.00000,0.01917,Instruments and Communications Equipment,0.03827,0.05270,0.04851,non-corporate,0.00321,0.00000,0.00093,0.15117,0.16560,0.16141,1.00000,1.00000,1.00000
113,113,5.00000,Photocopy and related equipment,10079053795.00768,EP31,0.18000,0.17937,0.14875,0.15763,Equipment,0.08380,-0.00000,0.01917,0.08380,-0.00000,0.01917,Instruments and Communications Equipment,0.03827,0.05270,0.04851,non-corporate,0.00321,-0.00000,0.00093,0.21827,0.23270,0.22851,1.00000,1.00000,1.00000
114,114,7.00000,Nonelectro medical instruments,111916495412.21930,EP34,0.13500,0.17937,0.14875,0.15763,Equipment,0.08380,0.00000,0.01917,0.08380,0.00000,0.01917,Instruments and Communications Equipment,0.03827,0.05270,0.04851,non-corporate,0.00321,0.00000,0.00093,0.17327,0.18770,0.18351,1.00000,1.00000,1.00000
115,115,7.00000,Electro medical instruments,65668171777.05855,EP35,0.13500,0.17937,0.14875,0.15763,Equipment,0.08380,0.00000,0.01917,0.08380,0.00000,0.01917,Instruments and Communications Equipment,0.03827,0.05270,0.04851,non-corporate,0.00321,0.00000,0.00093,0.17327,0.18770,0.18351,1.00000,1.00000,1.00000
116,116,7.00000,Nonmedical instruments,59590066982.74078,EP36,0.13500,0.17937,0.14875,0.15763,Equipment,0.08380,0.00000,0.01917,0.08380,0.00000,0.01917,Instruments and Communications Equipment,0.03827,0.05270,0.04851,non-corporate,0.00321,0.00000,0.00093,0.17327,0.18770,0.18351,1.00000,1.00000,1.00000
117,117,5.00000,Household furniture,8579128473.70233,EO11,0.13750,0.17937,0.14875,0.15763,Equipment,0.08380,0.00000,0.01917,0.08380,0.00000,0.01917,Office and Residential Equipment,0.03827,0.05270,0.04851,non-corporate,0.00321,0.00000,0.00093,0.17577,0.19020,0.18601,1.00000,1.00000,1.00000
118,118,7.00000,Other furniture,97670828983.20677,EO12,0.11790,0.17937,0.14875,0.15763,Equipment,0.08380,-0.00000,0.01917,0.08380,-0.00000,0.01917,Office and Residential Equipment,0.03827,0.05270,0.04851,non-corporate,0.00321,-0.00000,0.00093,0.15617,0.17060,0.16641,1.00000,1.00000,1.00000
119,119,5.00000,Household appliances,2193695747.80152,EO71,0.16500,0.17937,0.14875,0.15763,Equipment,0.08380,0.00000,0.01917,0.08380,0.00000,0.01917,Office and Residential Equipment,0.03827,0.05270,0.04851,non-corporate,0.00321,0.00000,0.00093,0.20327,0.21770,0.21351,1.00000,1.00000,1.00000
120,120,7.00000,Service industry machinery,66122349452.24888,EO60,0.15280,0.17937,0.14875,0.15763,Equipment,0.08380,0.00000,0.01917,0.08380,0.00000,0.01917,Other Equipment,0.03827,0.05270,0.04851,non-corporate,0.00321,0.00000,0.00093,0.19107,0.20550,0.20131,1.00000,1.00000,1.00000
121,121,7.00000,Other electrical,3542409326.71975,EO72,0.18340,0.17937,0.14875,0.15763,Equipment,0.08380,0.00000,0.01917,0.08380,0.00000,0.01917,Other Equipment,0.03827,0.05270,0.04851,non-corporate,0.00321,0.00000,0.00093,0.22167,0.23610,0.23191,1.00000,1.00000,1.00000
122,122,7.00000,Other,106207464937.46689,EO80,0.14730,0.17937,0.14875,0.15763,Equipment,0.08380,0.00000,0.01917,0.08380,0.00000,0.01917,Other Equipment,0.03827,0.05270,0.04851,non-corporate,0.00321,0.00000,0.00093,0.18557,0.20000,0.19581,1.00000,1.00000,1.00000
123,123,5.00000,Nuclear fuel,357727587.15623,EI11,0.25000,0.17937,0.14875,0.15763,Equipment,0.08380,0.00000,0.01917,0.08380,0.00000,0.01917,Other Industrial Equipment,0.03827,0.05270,0.04851,non-corporate,0.00321,0.00000,0.00093,0.28827,0.30270,0.29851,1.00000,1.00000,1.00000
124,124,7.00000,Other fabricated metals,36269357406.68746,EI12,0.09170,0.17937,0.14875,0.15763,Equipment,0.08380,0.00000,0.01917,0.08380,0.00000,0.01917,Other Industrial Equipment,0.03827,0.05270,0.04851,non-corporate,0.00321,0.00000,0.00093,0.12997,0.14440,0.14021,1.00000,1.00000,1.00000
125,125,7.00000,Metalworking machinery,40483811779.61037,EI30,0.12250,0.17937,0.14875,0.15763,Equipment,0.08380,0.00000,0.01917,0.08380,0.00000,0.01917,Other Industrial Equipment,0.03827,0.05270,0.04851,non-corporate,0.00321,0.00000,0.00093,0.16077,0.17520,0.17101,1.00000,1.00000,1.00000
126,126,15.00000,Electric transmission and distribution,41257755573.28319,EI60,0.05000,0.17937,0.14875,0.15763,Equipment,0.08380,-0.00000,0.01917,0.08380,-0.00000,0.01917,Other Industrial Equipment,0.03827,0.05270,0.04851,non-corporate,0.00321,-0.00000,0.00093,0.08827,0.10270,0.09851,1.00000,1.00000,1.00000
127,127,7.00000,Farm tractors,30621499311.60472,EO21,0.14520,0.17937,0.14875,0.15763,Equipment,0.08380,-0.00000,0.01917,0.08380,-0.00000,0.01917,Other Industrial Equipment,0.03827,0.05270,0.04851,non-corporate,0.00321,-0.00000,0.00093,0.18347,0.19790,0.19371,1.00000,1.00000,1.00000
128,128,5.00000,Construction tractors,3719463640.44892,EO22,0.16330,0.17937,0.14875,0.15763,Equipment,0.08380,0.00000,0.01917,0.08380,0.00000,0.01917,Other Industrial Equipment,0.03827,0.05270,0.04851,non-corporate,0.00321,0.00000,0.00093,0.20157,0.21600,0.21181,1.00000,1.00000,1.00000
129,129,7.00000,Other agricultural machinery,80549886162.69899,EO30,0.11790,0.17937,0.14875,0.15763,Equipment,0.08380,-0.00000,0.01917,0.08380,-0.00000,0.01917,Other Industrial Equipment,0.03827,0.05270,0.04851,non-corporate,0.00321,-0.00000,0.00093,0.15617,0.17060,0.16641,1.00000,1.00000,1.00000
130,130,5.00000,Other construction machinery,98513726689.52679,EO40,0.15500,0.17937,0.14875,0.15763,Equipment,0.08380,-0.00000,0.01917,0.08380,-0.00000,0.01917,Other Industrial Equipment,0.03827,0.05270,0.04851,non-corporate,0.00321,-0.00000,0.00093,0.19327,0.20770,0.20351,1.00000,1.00000,1.00000
131,131,7.00000,Mining and oilfield machinery,18092187649.22342,EO50,0.15000,0.17937,0.14875,0.15763,Equipment,0.08380,-0.00000,0.01917,0.08380,-0.00000,0.01917,Other Industrial Equipment,0.03827,0.05270,0.04851,non-corporate,0.00321,-0.00000,0.00093,0.18827,0.20270,0.19851,1.00000,1.00000,1.00000
132,132,15.00000,Steam engines,6902986050.14308,EI21,0.05160,0.17937,0.14875,0.15763,Equipment,0.08380,-0.00000,0.01917,0.08380,-0.00000,0.01917,Transportation Equipment,0.03827,0.05270,0.04851,non-corporate,0.00321,-0.00000,0.00093,0.08987,0.10430,0.10011,1.00000,1.00000,1.00000
133,133,7.00000,Internal combustion engines,1555979253.60812,EI22,0.20630,0.17937,0.14875,0.15763,Equipment,0.08380,-0.00000,0.01917,0.08380,-0.00000,0.01917,Transportation Equipment,0.03827,0.05270,0.04851,non-corporate,0.00321,-0.00000,0.00093,0.24457,0.25900,0.25481,1.00000,1.00000,1.00000
134,134,5.00000,Light trucks (including utility vehicles),77738021463.51085,ET11,0.17250,0.17937,0.14875,0.15763,Equipment,0.08380,0.00000,0.01917,0.08380,0.00000,0.01917,Transportation Equipment,0.03827,0.05270,0.04851,non-corporate,0.00321,0.00000,0.00093,0.21077,0.22520,0.22101,1.00000,1.00000,1.00000
135,135,5.00000,"Other trucks, buses and truck trailers",52902871715.14603,ET12,0.17250,0.17937,0.14875,0.15763,Equipment,0.08380,0.00000,0.01917,0.08380,0.00000,0.01917,Transportation Equipment,0.03827,0.05270,0.04851,non-corporate,0.00321,0.00000,0.00093,0.21077,0.22520,0.22101,1.00000,1.00000,1.00000
136,136,5.00000,Autos,47539167782.38700,ET20,0.33330,0.17937,0.14875,0.15763,Equipment,0.08380,-0.00000,0.01917,0.08380,-0.00000,0.01917,Transportation Equipment,0.03827,0.05270,0.04851,non-corporate,0.00321,-0.00000,0.00093,0.37157,0.38600,0.38181,1.00000,1.00000,1.00000
137,137,5.00000,Aircraft,86223598874.83788,ET30,0.08590,0.17937,0.14875,0.15763,Equipment,0.08380,-0.00000,0.01917,0.08380,-0.00000,0.01917,Transportation Equipment,0.03827,0.05270,0.04851,non-corporate,0.00321,-0.00000,0.00093,0.12417,0.13860,0.13441,1.00000,1.00000,1.00000
138,138,10.00000,Ships and boats,16387379759.80567,ET40,0.06110,0.17937,0.14875,0.15763,Equipment,0.08380,-0.00000,0.01917,0.08380,-0.00000,0.01917,Transportation Equipment,0.03827,0.05270,0.04851,non-corporate,0.00321,-0.00000,0.00093,0.09937,0.11380,0.10961,1.00000,1.00000,1.00000
139,139,7.00000,Railroad equipment,29964515454.02116,ET50,0.05890,0.17937,0.14875,0.15763,Equipment,0.08380,0.00000,0.01917,0.08380,0.00000,0.01917,Transportation Equipment,0.03827,0.05270,0.04851,non-corporate,0.00321,0.00000,0.00093,0.09717,0.11160,0.10741,1.00000,1.00000,1.00000
140,140,15.00000,Theatrical movies,18409754458.46626,AE10,0.09300,0.17937,0.14875,0.15763,Intellectual Property,0.08380,0.00000,0.01917,0.08380,0.00000,0.01917,Intellectual Property,0.03827,0.05270,0.04851,non-corporate,0.00321,0.00000,0.00093,0.13127,0.14570,0.14151,1.00000,1.00000,1.00000
141,141,15.00000,Long-lived television programs,14909126060.40839,AE20,0.16800,0.17937,0.14875,0.15763,Intellectual Property,0.08380,-0.00000,0.01917,0.08380,-0.00000,0.01917,Intellectual Property,0.03827,0.05270,0.04851,non-corporate,0.00321,-0.00000,0.00093,0.20627,0.22070,0.21651,1.00000,1.00000,1.00000
142,142,15.00000,Books,14215531494.34945,AE30,0.12100,0.17937,0.14875,0.15763,Intellectual Property,0.08380,-0.00000,0.01917,0.08380,-0.00000,0.01917,Intellectual Property,0.03827,0.05270,0.04851,non-corporate,0.00321,-0.00000,0.00093,0.15927,0.17370,0.16951,1.00000,1.00000,1.00000
143,143,15.00000,Music,8069489954.09881,AE40,0.26700,0.17937,0.14875,0.15763,Intellectual Property,0.08380,0.00000,0.01917,0.08380,0.00000,0.01917,Intellectual Property,0.03827,0.05270,0.04851,non-corporate,0.00321,0.00000,0.00093,0.30527,0.31970,0.31551,1.00000,1.00000,1.00000
144,144,15.00000,Other entertainment originals,11674503193.39874,AE50,0.10900,0.17937,0.14875,0.15763,Intellectual Property,0.08380,0.00000,0.01917,0.08380,0.00000,0.01917,Intellectual Property,0.03827,0.05270,0.04851,non-corporate,0.00321,0.00000,0.00093,0.14727,0.16170,0.15751,1.00000,1.00000,1.00000
145,145,3.00000,Own account software,63396170766.96828,ENS3,0.33000,0.17937,0.14875,0.15763,Intellectual Property,0.08380,-0.00000,0.01917,0.08380,-0.00000,0.01917,Intellectual Property,0.03827,0.05270,0.04851,non-corporate,0.00321,-0.00000,0.00093,0.36827,0.38270,0.37851,1.00000,1.00000,1.00000
146,146,5.00000,Pharmaceutical and medicine manufacturing,68720410526.40900,RD11,0.10000,0.17937,0.14875,0.15763,Intellectual Property,0.08380,0.00000,0.01917,0.08380,0.00000,0.01917,Intellectual Property,0.03827,0.05270,0.04851,non-corporate,0.00321,0.00000,0.00093,0.13827,0.15270,0.14851,1.00000,1.00000,1.00000
147,147,5.00000,"Chemical manufacturing, ex. pharma and med",9431775719.32930,RD12,0.16000,0.17937,0.14875,0.15763,Intellectual Property,0.08380,0.00000,0.01917,0.08380,0.00000,0.01917,Intellectual Property,0.03827,0.05270,0.04851,non-corporate,0.00321,0.00000,0.00093,0.19827,0.21270,0.20851,1.00000,1.00000,1.00000
148,148,5.00000,Computers and peripheral equipment manufacturing,1249951615.14700,RD21,0.40000,0.17937,0.14875,0.15763,Intellectual Property,0.08380,0.00000,0.01917,0.08380,0.00000,0.01917,Intellectual Property,0.03827,0.05270,0.04851,non-corporate,0.00321,0.00000,0.00093,0.43827,0.45270,0.44851,1.00000,1.00000,1.00000
149,149,5.00000,Communications equipment manufacturing,5016215180.93255,RD22,0.27000,0.17937,0.14875,0.15763,Intellectual Property,0.08380,0.00000,0.01917,0.08380,0.00000,0.01917,Intellectual Property,0.03827,0.05270,0.04851,non-corporate,0.00321,0.00000,0.00093,0.30827,0.32270,0.31851,1.00000,1.00000,1.00000
150,150,5.00000,Semiconductor and other component manufacturing,10920003474.83112,RD23,0.25000,0.17937,0.14875,0.15763,Intellectual Property,0.08380,0.00000,0.01917,0.08380,0.00000,0.01917,Intellectual Property,0.03827,0.05270,0.04851,non-corporate,0.00321,0.00000,0.00093,0.28827,0.30270,0.29851,1.00000,1.00000,1.00000
151,151,5.00000,Navigational and other instruments manufacturing,4025914234.82626,RD24,0.29000,0.17937,0.14875,0.15763,Intellectual Property,0.08380,-0.00000,0.01917,0.08380,-0.00000,0.01917,Intellectual Property,0.03827,0.05270,0.04851,non-corporate,0.00321,-0.00000,0.00093,0.32827,0.34270,0.33851,1.00000,1.00000,1.00000
152,152,5.00000,"Other computer and electronic manufacturing, n.e.c.",213775583.63471,RD25,0.40000,0.17937,0.14875,0.15763,Intellectual Property,0.08380,0.00000,0.01917,0.08380,0.00000,0.01917,Intellectual Property,0.03827,0.05270,0.04851,non-corporate,0.00321,0.00000,0.00093,0.43827,0.45270,0.44851,1.00000,1.00000,1.00000
153,153,7.00000,Motor vehicles and parts manufacturing,5835206602.12800,RD31,0.31000,0.17937,0.14875,0.15763,Intellectual Property,0.08380,-0.00000,0.01917,0.08380,-0.00000,0.01917,Intellectual Property,0.03827,0.05270,0.04851,non-corporate,0.00321,-0.00000,0.00093,0.34827,0.36270,0.35851,1.00000,1.00000,1.00000
154,154,7.00000,Aerospace products and parts manufacturing,4929469423.57540,RD32,0.22000,0.17937,0.14875,0.15763,Intellectual Property,0.08380,0.00000,0.01917,0.08380,0.00000,0.01917,Intellectual Property,0.03827,0.05270,0.04851,non-corporate,0.00321,0.00000,0.00093,0.25827,0.27270,0.26851,1.00000,1.00000,1.00000
155,155,3.00000,Software publishers,949730450.60092,RD40,0.22000,0.17937,0.14875,0.15763,Intellectual Property,0.08380,0.00000,0.01917,0.08380,0.00000,0.01917,Intellectual Property,0.03827,0.05270,0.04851,non-corporate,0.00321,0.00000,0.00093,0.25827,0.27270,0.26851,1.00000,1.00000,1.00000
156,156,5.00000,Financial and real estate services,1540787936.30553,RD50,0.16000,0.17937,0.14875,0.15763,Intellectual Property,0.08380,0.00000,0.01917,0.08380,0.00000,0.01917,Intellectual Property,0.03827,0.05270,0.04851,non-corporate,0.00321,0.00000,0.00093,0.19827,0.21270,0.20851,1.00000,1.00000,1.00000
157,157,3.00000,Computer systems design and related services,5115177129.21372,RD60,0.36000,0.17937,0.14875,0.15763,Intellectual Property,0.08380,0.00000,0.01917,0.08380,0.00000,0.01917,Intellectual Property,0.03827,0.05270,0.04851,non-corporate,0.00321,0.00000,0.00093,0.39827,0.41270,0.40851,1.00000,1.00000,1.00000
158,158,5.00000,Scientific research and development services,22860376897.47077,RD70,0.16000,0.17937,0.14875,0.15763,Intellectual Property,0.08380,0.00000,0.01917,0.08380,0.00000,0.01917,Intellectual Property,0.03827,0.05270,0.04851,non-corporate,0.00321,0.00000,0.00093,0.19827,0.21270,0.20851,1.00000,1.00000,1.00000
159,159,5.00000,"All other nonmanufacturing, n.e.c.",33402731579.63615,RD80,0.16000,0.17937,0.14875,0.15763,Intellectual Property,0.08380,0.00000,0.01917,0.08380,0.00000,0.01917,Intellectual Property,0.03827,0.05270,0.04851,non-corporate,0.00321,0.00000,0.00093,0.19827,0.21270,0.20851,1.00000,1.00000,1.00000
160,160,3.00000,Private universities and colleges,6064635361.65000,RD91,0.16000,0.17937,0.14875,0.15763,Intellectual Property,0.08380,0.00000,0.01917,0.08380,0.00000,0.01917,Intellectual Property,0.03827,0.05270,0.04851,non-corporate,0.00321,0.00000,0.00093,0.19827,0.21270,0.20851,1.00000,1.00000,1.00000
161,161,3.00000,Other nonprofit institutions,44957394625.31660,RD92,0.16000,0.17937,0.14875,0.15763,Intellectual Property,0.08380,0.00000,0.01917,0.08380,0.00000,0.01917,Intellectual Property,0.03827,0.05270,0.04851,non-corporate,0.00321,0.00000,0.00093,0.19827,0.21270,0.20851,1.00000,1.00000,1.00000
162,162,7.00000,Other manufacturing,31261484438.19672,RDOM,0.16000,0.17937,0.14875,0.15763,Intellectual Property,0.08380,0.00000,0.01917,0.08380,0.00000,0.01917,Intellectual Property,0.03827,0.05270,0.04851,non-corporate,0.00321,0.00000,0.00093,0.19827,0.21270,0.20851,1.00000,1.00000,1.00000
163,163,100.00000,Inventories,903249577643.82080,INV,0.00000,0.22563,0.20927,0.21402,Inventories,0.29684,0.22348,0.24044,0.29684,0.22348,0.24044,Inventories,0.04986,0.06787,0.06265,non-corporate,0.01480,0.01517,0.01506,0.04986,0.06787,0.06265,0.00000,0.00000,0.00000
164,164,100.00000,Land,9085892640842.86914,LAND,0.00000,0.21801,0.20198,0.20663,Land,0.26885,0.20198,0.21727,0.26885,0.20198,0.21727,Land,0.04795,0.06604,0.06079,non-corporate,0.01289,0.01334,0.01321,0.04795,0.06604,0.06079,0.00000,0.00000,0.00000
165,165,5.00000,Petroleum and natural gas,212937915737.62860,SM01,0.07510,0.17937,0.14875,0.15763,Structures,0.08380,0.00000,0.01917,0.08380,0.00000,0.01917,Mining and Drilling Structures,0.03827,0.05270,0.04851,non-corporate,0.00321,0.00000,0.00093,0.11337,0.12780,0.12361,1.00000,1.00000,1.00000
166,166,7.00000,Mining,17079757447.87507,SM02,0.04500,0.17937,0.14875,0.15763,Structures,0.08380,0.00000,0.01917,0.08380,0.00000,0.01917,Mining and Drilling Structures,0.03827,0.05270,0.04851,non-corporate,0.00321,0.00000,0.00093,0.08327,0.09770,0.09351,1.00000,1.00000,1.00000
167,167,15.00000,Communication,54922065479.18448,SU20,0.02370,0.17937,0.14875,0.15763,Structures,0.08380,-0.00000,0.01917,0.08380,-0.00000,0.01917,Mining and Drilling Structures,0.03827,0.05270,0.04851,non-corporate,0.00321,-0.00000,0.00093,0.06197,0.07640,0.07221,1.00000,1.00000,1.00000
168,168,5.00000,Gas,31446708032.77039,SU40,0.07510,0.17937,0.14875,0.15763,Structures,0.08380,-0.00000,0.01917,0.08380,-0.00000,0.01917,Mining and Drilling Structures,0.03827,0.05270,0.04851,non-corporate,0.00321,-0.00000,0.00093,0.11337,0.12780,0.12361,1.00000,1.00000,1.00000
169,169,5.00000,Petroleum pipelines,20777938418.31212,SU50,0.02370,0.17937,0.14875,0.15763,Structures,0.08380,0.00000,0.01917,0.08380,0.00000,0.01917,Mining and Drilling Structures,0.03827,0.05270,0.04851,non-corporate,0.00321,0.00000,0.00093,0.06197,0.07640,0.07221,1.00000,1.00000,1.00000
170,170,39.00000,Religious,198115941229.36139,SB10,0.01880,0.20803,0.18924,0.19461,Structures,0.22861,0.16145,0.17648,0.22861,0.16145,0.17648,Nonresidential Buildings,0.04545,0.06285,0.05778,non-corporate,0.01039,0.01015,0.01020,0.06425,0.08165,0.07658,0.50261,0.43931,0.45605
171,171,39.00000,Educational and vocational,212838725537.27460,SB20,0.01880,0.21304,0.19586,0.20078,Structures,0.24937,0.18302,0.19793,0.24937,0.18302,0.19793,Nonresidential Buildings,0.04671,0.06451,0.05933,non-corporate,0.01165,0.01181,0.01174,0.06551,0.08331,0.07813,0.41559,0.34762,0.36534
172,172,39.00000,Hospitals,335377700162.39520,SB31,0.01880,0.21304,0.19586,0.20078,Structures,0.24937,0.18302,0.19793,0.24937,0.18302,0.19793,Nonresidential Buildings,0.04671,0.06451,0.05933,non-corporate,0.01165,0.01181,0.01174,0.06551,0.08331,0.07813,0.41559,0.34762,0.36534
173,173,39.00000,Special care,75652337468.16002,SB32,0.01880,0.21304,0.19586,0.20078,Structures,0.24937,0.18302,0.19793,0.24937,0.18302,0.19793,Nonresidential Buildings,0.04671,0.06451,0.05933,non-corporate,0.01165,0.01181,0.01174,0.06551,0.08331,0.07813,0.41559,0.34762,0.36534
174,174,39.00000,Lodging,333097535279.52374,SB41,0.02810,0.21853,0.20199,0.20674,Structures,0.27085,0.20201,0.21763,0.27085,0.20201,0.21763,Nonresidential Buildings,0.04808,0.06604,0.06082,non-corporate,0.01302,0.01334,0.01324,0.07618,0.09414,0.08892,0.41559,0.34762,0.36534
175,175,39.00000,Air transportation,6522869098.36936,SB43,0.02370,0.21594,0.19909,0.20392,Structures,0.26084,0.19314,0.20843,0.26084,0.19314,0.20843,Nonresidential Buildings,0.04743,0.06532,0.06011,non-corporate,0.01237,0.01261,0.01253,0.07113,0.08902,0.08381,0.41559,0.34762,0.36534
176,176,39.00000,Other transportation,1255401381.70107,SB45,0.02370,0.21594,0.19909,0.20392,Structures,0.26084,0.19314,0.20843,0.26084,0.19314,0.20843,Nonresidential Buildings,0.04743,0.06532,0.06011,non-corporate,0.01237,0.01261,0.01253,0.07113,0.08902,0.08381,0.41559,0.34762,0.36534
177,177,39.00000,Warehouses,129247228808.96722,SC01,0.02250,0.21523,0.19830,0.20315,Structures,0.25807,0.19068,0.20588,0.25807,0.19068,0.20588,Nonresidential Buildings,0.04725,0.06512,0.05992,non-corporate,0.01219,0.01242,0.01234,0.06975,0.08762,0.08242,0.41559,0.34762,0.36534
178,178,39.00000,Other commercial,167854351277.22626,SC02,0.02620,0.21741,0.20074,0.20552,Structures,0.26656,0.19820,0.21368,0.26656,0.19820,0.21368,Nonresidential Buildings,0.04780,0.06573,0.06052,non-corporate,0.01274,0.01303,0.01293,0.07400,0.09193,0.08672,0.41559,0.34762,0.36534
179,179,39.00000,Multimerchandise shopping,242344895152.75317,SC03,0.02620,0.21741,0.20074,0.20552,Structures,0.26656,0.19820,0.21368,0.26656,0.19820,0.21368,Nonresidential Buildings,0.04780,0.06573,0.06052,non-corporate,0.01274,0.01303,0.01293,0.07400,0.09193,0.08672,0.41559,0.34762,0.36534
180,180,39.00000,Food and beverage establishments,142536462115.36786,SC04,0.02620,0.21741,0.20074,0.20552,Structures,0.26656,0.19820,0.21368,0.26656,0.19820,0.21368,Nonresidential Buildings,0.04780,0.06573,0.06052,non-corporate,0.01274,0.01303,0.01293,0.07400,0.09193,0.08672,0.41559,0.34762,0.36534
181,181,39.00000,Manufacturing,312763751528.73279,SI00,0.03140,0.22048,0.20416,0.20885,Structures,0.27817,0.20854,0.22439,0.27817,0.20854,0.22439,Nonresidential Buildings,0.04857,0.06659,0.06135,non-corporate,0.01351,0.01389,0.01377,0.07997,0.09799,0.09275,0.41559,0.34762,0.36534
182,182,39.00000,Public safety,10144839642.53934,SO03,0.02370,0.21594,0.19909,0.20392,Structures,0.26084,0.19314,0.20843,0.26084,0.19314,0.20843,Nonresidential Buildings,0.04743,0.06532,0.06011,non-corporate,0.01237,0.01261,0.01253,0.07113,0.08902,0.08381,0.41559,0.34762,0.36534
183,183,39.00000,Office,595428227069.28125,SOO1,0.02470,0.21653,0.19975,0.20456,Structures,0.26314,0.19517,0.21054,0.26314,0.19517,0.21054,Nonresidential Buildings,0.04758,0.06548,0.06027,non-corporate,0.01252,0.01278,0.01269,0.07228,0.09018,0.08497,0.41559,0.34762,0.36534
184,184,39.00000,Medical buildings,100075071146.99706,SOO2,0.02470,0.21653,0.19975,0.20456,Structures,0.26314,0.19517,0.21054,0.26314,0.19517,0.21054,Nonresidential Buildings,0.04758,0.06548,0.06027,non-corporate,0.01252,0.01278,0.01269,0.07228,0.09018,0.08497,0.41559,0.34762,0.36534
185,185,7.00000,Amusement and recreation,164426728047.02826,SB42,0.03000,0.17937,0.14875,0.15763,Structures,0.08380,0.00000,0.01917,0.08380,0.00000,0.01917,Other Structures,0.03827,0.05270,0.04851,non-corporate,0.00321,0.00000,0.00093,0.06827,0.08270,0.07851,1.00000,1.00000,1.00000
186,186,39.00000,Local transit structures,2713917848.41494,SB44,0.02370,0.21594,0.19909,0.20392,Structures,0.26084,0.19314,0.20843,0.26084,0.19314,0.20843,Other Structures,0.04743,0.06532,0.06011,non-corporate,0.01237,0.01261,0.01253,0.07113,0.08902,0.08381,0.41559,0.34762,0.36534
187,187,5.00000,Other land transportation,4956240890.72790,SB46,0.02370,0.17937,0.14875,0.15763,Structures,0.08380,0.00000,0.01917,0.08380,0.00000,0.01917,Other Structures,0.03827,0.05270,0.04851,non-corporate,0.00321,0.00000,0.00093,0.06197,0.07640,0.07221,1.00000,1.00000,1.00000
188,188,20.00000,Farm,210718689415.62762,SN00,0.02390,0.17937,0.14875,0.15763,Structures,0.08380,0.00000,0.01917,0.08380,0.00000,0.01917,Other Structures,0.03827,0.05270,0.04851,non-corporate,0.00321,0.00000,0.00093,0.06217,0.07660,0.07241,1.00000,1.00000,1.00000
189,189,20.00000,Water supply,17351319722.49404,SO01,0.02250,0.17937,0.14875,0.15763,Structures,0.08380,-0.00000,0.01917,0.08380,-0.00000,0.01917,Other Structures,0.03827,0.05270,0.04851,non-corporate,0.00321,-0.00000,0.00093,0.06077,0.07520,0.07101,1.00000,1.00000,1.00000
190,190,20.00000,Sewage and waste disposal,18704712570.11411,SO02,0.02250,0.17937,0.14875,0.15763,Structures,0.08380,0.00000,0.01917,0.08380,0.00000,0.01917,Other Structures,0.03827,0.05270,0.04851,non-corporate,0.00321,0.00000,0.00093,0.06077,0.07520,0.07101,1.00000,1.00000,1.00000
191,191,15.00000,Highway and conservation and development,14651065465.71158,SO04,0.02250,0.17937,0.14875,0.15763,Structures,0.08380,0.00000,0.01917,0.08380,0.00000,0.01917,Other Structures,0.03827,0.05270,0.04851,non-corporate,0.00321,0.00000,0.00093,0.06077,0.07520,0.07101,1.00000,1.00000,1.00000
192,192,7.00000,Mobile structures,3986455830.48833,SOMO,0.05560,0.17937,0.14875,0.15763,Structures,0.08380,0.00000,0.01917,0.08380,0.00000,0.01917,Other Structures,0.03827,0.05270,0.04851,non-corporate,0.00321,0.00000,0.00093,0.09387,0.10830,0.10411,1.00000,1.00000,1.00000
193,193,20.00000,Other railroad,35355401894.74462,SU11,0.01760,0.17937,0.14875,0.15763,Structures,0.08380,0.00000,0.01917,0.08380,0.00000,0.01917,Other Structures,0.03827,0.05270,0.04851,non-corporate,0.00321,0.00000,0.00093,0.05587,0.07030,0.06611,1.00000,1.00000,1.00000
194,194,7.00000,Track replacement,41586561300.50691,SU12,0.02490,0.17937,0.14875,0.15763,Structures,0.08380,0.00000,0.01917,0.08380,0.00000,0.01917,Other Structures,0.03827,0.05270,0.04851,non-corporate,0.00321,0.00000,0.00093,0.06317,0.07760,0.07341,1.00000,1.00000,1.00000
195,195,15.00000,Electric,70225622111.33885,SU30,0.02110,0.17937,0.14875,0.15763,Structures,0.08380,0.00000,0.01917,0.08380,0.00000,0.01917,Other Structures,0.03827,0.05270,0.04851,non-corporate,0.00321,0.00000,0.00093,0.05937,0.07380,0.06961,1.00000,1.00000,1.00000
196,196,5.00000,Wind and solar,13828813701.93123,SU60,0.03030,0.17937,0.14875,0.15763,Structures,0.08380,0.00000,0.01917,0.08380,0.00000,0.01917,Other Structures,0.03827,0.05270,0.04851,non-corporate,0.00321,0.00000,0.00093,0.06857,0.08300,0.07881,1.00000,1.00000,1.00000
197,197,27.50000,Residential,1251223923087.89990,RES,0.01631,0.20585,0.18714,0.19246,Structures,0.21925,0.15436,0.16872,0.21925,0.15436,0.16872,Residential Buildings,0.04490,0.06232,0.05724,non-corporate,0.00985,0.00962,0.00966,0.06122,0.07863,0.07356,0.51943,0.44928,0.46804
198,198,3.64718,Computers and Software,398439404770.52747,,0.41304,0.09899,0.14910,0.13307,Equipment,-0.37858,0.00000,-0.08871,-0.05443,0.09137,0.05720,Computers and Software,0.03772,0.05800,0.05151,corporate,-0.00205,0.00530,0.00295,0.45076,0.47104,0.46455,1.00000,1.00000,1.00000
199,199,7.00000,Industrial Machinery,754098089405.10413,,0.10569,0.09899,0.14910,0.13307,Equipment,-0.37858,0.00000,-0.08871,-0.05443,0.09137,0.05720,Industrial Machinery,0.03772,0.05800,0.05151,corporate,-0.00205,0.00530,0.00295,0.14341,0.16369,0.15720,1.00000,1.00000,1.00000
200,200,6.92378,Instruments and Communications Equipment,847266548005.08252,,0.12485,0.09899,0.14910,0.13307,Equipment,-0.37858,-0.00000,-0.08871,-0.05443,0.09137,0.05720,Instruments and Communications Equipment,0.03772,0.05800,0.05151,corporate,-0.00205,0.00530,0.00295,0.16257,0.18285,0.17636,1.00000,1.00000,1.00000
201,201,7.39403,Intellectual Property,1681853350900.40088,,0.17644,0.09899,0.14910,0.13307,Intellectual Property,-0.37858,0.00000,-0.08871,-0.05443,0.09137,0.05720,Intellectual Property,0.03772,0.05800,0.05151,corporate,-0.00205,0.00530,0.00295,0.21416,0.23444,0.22795,1.00000,1.00000,1.00000
204,204,7.73987,Mining and Drilling Structures,2172847115166.73730,,0.05760,0.09899,0.14910,0.13307,Structures,-0.37858,-0.00000,-0.08871,-0.05443,0.09137,0.05720,Mining and Drilling Structures,0.03772,0.05800,0.05151,corporate,-0.00205,0.00530,0.00295,0.09532,0.11560,0.10911,1.00000,1.00000,1.00000
205,205,39.00000,Nonresidential Buildings,4551150810123.36719,,0.02561,0.13754,0.20800,0.18535,Structures,-0.09523,0.20452,0.13384,0.16230,0.27720,0.24993,Nonresidential Buildings,0.04748,0.07291,0.06475,corporate,0.00771,0.02021,0.01618,0.07308,0.09852,0.09035,0.42049,0.32921,0.35453
206,206,6.89065,Office and Residential Equipment,213260346797.01944,,0.11933,0.09899,0.14910,0.13307,Equipment,-0.37858,-0.00000,-0.08871,-0.05443,0.09137,0.05720,Office and Residential Equipment,0.03772,0.05800,0.05151,corporate,-0.00205,0.00530,0.00295,0.15705,0.17733,0.17084,1.00000,1.00000,1.00000
207,207,7.00000,Other Equipment,337069776278.42487,,0.15074,0.09899,0.14910,0.13307,Equipment,-0.37858,-0.00000,-0.08871,-0.05443,0.09137,0.05720,Other Equipment,0.03772,0.05800,0.05151,corporate,-0.00205,0.00530,0.00295,0.18846,0.20874,0.20225,1.00000,1.00000,1.00000
208,208,9.94297,Other Industrial Equipment,1055995696084.39087,,0.09750,0.09899,0.14910,0.13307,Equipment,-0.37858,0.00000,-0.08871,-0.05443,0.09137,0.05720,Other Industrial Equipment,0.03772,0.05800,0.05151,corporate,-0.00205,0.00530,0.00295,0.13522,0.15550,0.14901,1.00000,1.00000,1.00000
209,209,13.87951,Other Structures,1869521468512.13208,,0.02290,0.09918,0.14939,0.13332,Structures,-0.37686,0.00125,-0.08736,-0.05312,0.09250,0.05837,Other Structures,0.03777,0.05807,0.05157,corporate,-0.00201,0.00537,0.00301,0.06066,0.08097,0.07447,0.99712,0.99667,0.99680
210,210,27.50000,Residential Buildings,333776621894.00000,,0.01631,0.12609,0.19380,0.17191,Structures,-0.16644,0.16325,0.08583,0.10783,0.23970,0.20835,Residential Buildings,0.04458,0.06932,0.06135,corporate,0.00481,0.01661,0.01278,0.06089,0.08563,0.07766,0.52240,0.42718,0.45450
211,211,6.52644,Transportation Equipment,965295059837.32141,,0.14020,0.09899,0.14910,0.13307,Equipment,-0.37858,-0.00000,-0.08871,-0.05443,0.09137,0.05720,Transportation Equipment,0.03772,0.05800,0.05151,corporate,-0.00205,0.00530,0.00295,0.17792,0.19820,0.19171,1.00000,1.00000,1.00000
212,212,3.75970,Computers and Software,133772595225.18484,,0.41707,0.17937,0.14875,0.15763,Equipment,0.08380,-0.00000,0.01917,0.08380,-0.00000,0.01917,Computers and Software,0.03827,0.05270,0.04851,non-corporate,0.00321,-0.00000,0.00093,0.45534,0.46978,0.46559,1.00000,1.00000,1.00000
213,213,7.00000,Industrial Machinery,170693910597.87476,,0.10585,0.17937,0.14875,0.15763,Equipment,0.08380,-0.00000,0.01917,0.08380,-0.00000,0.01917,Industrial Machinery,0.03827,0.05270,0.04851,non-corporate,0.00321,-0.00000,0.00093,0.14412,0.15855,0.15437,1.00000,1.00000,1.00000
214,214,6.92834,Instruments and Communications Equipment,352265040695.39178,,0.13114,0.17937,0.14875,0.15763,Equipment,0.08380,0.00000,0.01917,0.08380,0.00000,0.01917,Instruments and Communications Equipment,0.03827,0.05270,0.04851,non-corporate,0.00321,0.00000,0.00093,0.16940,0.18384,0.17965,1.00000,1.00000,1.00000
215,215,6.33241,Intellectual Property,387169616706.89374,,0.18561,0.17937,0.14875,0.15763,Intellectual Property,0.08380,-0.00000,0.01917,0.08380,-0.00000,0.01917,Intellectual Property,0.03827,0.05270,0.04851,non-corporate,0.00321,-0.00000,0.00093,0.22387,0.23831,0.23412,1.00000,1.00000,1.00000
218,218,6.73025,Mining and Drilling Structures,337164385115.77063,,0.06203,0.17937,0.14875,0.15763,Structures,0.08380,0.00000,0.01917,0.08380,0.00000,0.01917,Mining and Drilling Structures,0.03827,0.05270,0.04851,non-corporate,0.00321,0.00000,0.00093,0.10030,0.11474,0.11055,1.00000,1.00000,1.00000
219,219,39.00000,Nonresidential Buildings,2863255336898.64990,,0.02432,0.21595,0.19904,0.20389,Structures,0.26091,0.19298,0.20833,0.26091,0.19298,0.20833,Nonresidential Buildings,0.04744,0.06530,0.06011,non-corporate,0.01238,0.01260,0.01252,0.07175,0.08962,0.08442,0.42161,0.35397,0.37162
220,220,6.80132,Office and Residential Equipment,108443653204.71063,,0.12040,0.17937,0.14875,0.15763,Equipment,0.08380,0.00000,0.01917,0.08380,0.00000,0.01917,Office and Residential Equipment,0.03827,0.05270,0.04851,non-corporate,0.00321,0.00000,0.00093,0.15867,0.17310,0.16892,1.00000,1.00000,1.00000
221,221,7.00000,Other Equipment,175872223716.43555,,0.15009,0.17937,0.14875,0.15763,Equipment,0.08380,-0.00000,0.01917,0.08380,-0.00000,0.01917,Other Equipment,0.03827,0.05270,0.04851,non-corporate,0.00321,-0.00000,0.00093,0.18836,0.20280,0.19861,1.00000,1.00000,1.00000
222,222,7.35694,Other Industrial Equipment,349865415800.24005,,0.12282,0.17937,0.14875,0.15763,Equipment,0.08380,0.00000,0.01917,0.08380,0.00000,0.01917,Other Industrial Equipment,0.03827,0.05270,0.04851,non-corporate,0.00321,0.00000,0.00093,0.16109,0.17552,0.17134,1.00000,1.00000,1.00000
223,223,14.34493,Other Structures,598505528799.12842,,0.02518,0.17953,0.14898,0.15784,Structures,0.08479,0.00108,0.02023,0.08479,0.00108,0.02023,Other Structures,0.03831,0.05276,0.04857,non-corporate,0.00325,0.00006,0.00098,0.06349,0.07794,0.07375,0.99735,0.99704,0.99712
224,224,27.50000,Residential Buildings,1251223923087.89990,,0.01631,0.20585,0.18714,0.19246,Structures,0.21925,0.15436,0.16872,0.21925,0.15436,0.16872,Residential Buildings,0.04490,0.06232,0.05724,non-corporate,0.00985,0.00962,0.00966,0.06122,0.07863,0.07356,0.51943,0.44928,0.46804
225,225,5.67042,Transportation Equipment,319214520353.45972,,0.15422,0.17937,0.14875,0.15763,Equipment,0.08380,0.00000,0.01917,0.08380,0.00000,0.01917,Transportation Equipment,0.03827,0.05270,0.04851,non-corporate,0.00321,0.00000,0.00093,0.19249,0.20692,0.20274,1.00000,1.00000,1.00000
226,226,7.26837,Equipment,4571424921177.87109,,0.14538,0.09899,0.14910,0.13307,Equipment,-0.37858,-0.00000,-0.08871,-0.05443,0.09137,0.05720,Equipment,0.03772,0.05800,0.05151,corporate,-0.00205,0.00530,0.00295,0.18310,0.20338,0.19689,1.00000,1.00000,1.00000
230,230,25.70088,Structures,8927296015696.23438,,0.03248,0.11970,0.18086,0.16122,Structures,-0.21039,0.12175,0.04364,0.07421,0.20199,0.17181,Structures,0.04296,0.06604,0.05864,corporate,0.00319,0.01334,0.01008,0.07544,0.09852,0.09112,0.68611,0.63592,0.64987
231,231,6.51570,Equipment,1610127359593.29712,,0.15633,0.17937,0.14875,0.15763,Equipment,0.08380,0.00000,0.01917,0.08380,0.00000,0.01917,Equipment,0.03827,0.05270,0.04851,non-corporate,0.00321,0.00000,0.00093,0.19460,0.20903,0.20485,1.00000,1.00000,1.00000
235,235,31.07440,Structures,5050149173901.45020,,0.02496,0.20669,0.18680,0.19251,Structures,0.22288,0.15321,0.16891,0.22288,0.15321,0.16891,Structures,0.04511,0.06224,0.05726,non-corporate,0.01006,0.00953,0.00967,0.07007,0.08719,0.08221,0.55269,0.49693,0.51159
236,236,38.79367,Overall,20307631178754.23438,,0.06162,0.11870,0.17900,0.15968,Overall,-0.21758,0.11545,0.03721,0.06872,0.19626,0.16625,Overall,0.04271,0.06557,0.05825,corporate,0.00293,0.01287,0.00968,0.10432,0.12719,0.11986,0.60954,0.58748,0.59361
237,237,68.60454,Overall,17036588368688.33008,,0.02639,0.21053,0.19162,0.19709,Overall,0.23910,0.16935,0.18524,0.23910,0.16935,0.18524,Overall,0.04608,0.06344,0.05840,non-corporate,0.01102,0.01074,0.01082,0.07247,0.08984,0.08479,0.28107,0.26454,0.26889
