,Industry,Y,assets,bea_ind_code,delta,eatr_d,eatr_e,eatr_mix,major_industry,metr_d,metr_e,metr_mix,mettr_d,mettr_e,mettr_mix,rho_d,rho_e,rho_mix,tax_treat,tax_wedge_d,tax_wedge_e,tax_wedge_mix,ucc_d,ucc_e,ucc_mix,z_d,z_e,z_mix
0,Accommodation,0.00000,0.00000,7210,0.00000,0.10905,0.15618,0.14102,Accommodation and food services,0.01495,0.17696,0.15716,0.01143,0.16080,0.13610,0.00065,0.02059,0.01418,corporate,0.00065,0.02059,0.01418,0.00065,0.02059,0.01418,0.02374,-0.00497,0.00163
1,Food services and drinking places,0.00000,0.00000,7220,0.00000,0.13499,0.18168,0.16662,Accommodation and food services,0.17800,0.24191,0.23790,0.13615,0.21981,0.20602,0.00810,0.02763,0.02134,corporate,0.00810,0.02763,0.02134,0.00810,0.02763,0.02134,0.00962,-0.02641,-0.01752
2,Administrative and support services,0.00000,0.00000,5610,0.00000,0.20935,0.25501,0.24028,Administrative and waste management services,0.53306,0.39899,0.43118,0.40772,0.36254,0.37339,0.03022,0.04904,0.04298,corporate,0.03022,0.04904,0.04298,0.03022,0.04904,0.04298,-0.00967,-0.04188,-0.03336
3,Waste management and remediation services,0.00000,0.00000,5620,0.00000,0.13941,0.18651,0.17126,Administrative and waste management services,0.22316,0.28620,0.28342,0.17069,0.26005,0.24543,0.00856,0.02775,0.02155,corporate,0.00856,0.02775,0.02155,0.00856,0.02775,0.02155,-0.07637,-0.12295,-0.11002
4,Farms,0.00000,0.00000,110C,0.00000,0.12953,0.17669,0.16150,"Agriculture, forestry, fishing, and hunting",0.14862,0.24448,0.23574,0.11367,0.22215,0.20415,0.00607,0.02552,0.01927,corporate,0.00607,0.02552,0.01927,0.00607,0.02552,0.01927,-0.05515,-0.08069,-0.07328
5,"Forestry, fishing, and related activities",0.00000,0.00000,113F,0.00000,0.13219,0.17891,0.16388,"Agriculture, forestry, fishing, and hunting",0.16373,0.24199,0.23596,0.12523,0.21988,0.20434,0.00707,0.02653,0.02028,corporate,0.00707,0.02653,0.02028,0.00707,0.02653,0.02028,-0.01872,-0.03828,-0.03283
6,"Performing arts, spectator sports, museums, and related activities",0.00000,0.00000,711A,0.00000,0.15796,0.20554,0.19020,"Arts, entertainment, and recreation",0.32804,0.31957,0.32887,0.25091,0.29038,0.28480,0.01438,0.03378,0.02753,corporate,0.01438,0.03378,0.02753,0.01438,0.03378,0.02753,-0.03073,-0.07593,-0.06375
7,"Amusements, gambling, and recreation industries",0.00000,0.00000,7130,0.00000,0.12969,0.17480,0.16024,"Arts, entertainment, and recreation",0.15191,0.24817,0.23951,0.11619,0.22550,0.20741,0.00587,0.02460,0.01857,corporate,0.00587,0.02460,0.01857,0.00587,0.02460,0.01857,-0.02336,-0.05208,-0.04407
8,Construction,0.00000,0.00000,2300,0.00000,0.14919,0.19553,0.18063,Construction,0.26182,0.27879,0.28290,0.20026,0.25332,0.24498,0.01219,0.03145,0.02526,corporate,0.01219,0.03145,0.02526,0.01219,0.03145,0.02526,-0.01915,-0.03992,-0.03413
9,Educational services,0.00000,0.00000,6100,0.00000,0.12729,0.17338,0.15844,Educational services,0.13148,0.22224,0.21380,0.10057,0.20193,0.18515,0.00579,0.02525,0.01896,corporate,0.00579,0.02525,0.01896,0.00579,0.02525,0.01896,0.03965,-0.01274,-0.00058
10,Credit intermediation and related activities,0.00000,0.00000,5220,0.00000,0.18343,0.22970,0.21475,Finance and insurance,0.42696,0.34852,0.36986,0.32657,0.31667,0.32029,0.02247,0.04159,0.03543,corporate,0.02247,0.04159,0.03543,0.02247,0.04159,0.03543,0.00037,-0.03986,-0.02958
11,"Securities, commodity contracts, and investments",0.00000,0.00000,5230,0.00000,0.13839,0.18508,0.17005,Finance and insurance,0.19352,0.24205,0.24040,0.14802,0.21993,0.20818,0.00933,0.02897,0.02265,corporate,0.00933,0.02897,0.02265,0.00933,0.02897,0.02265,0.01583,-0.01371,-0.00665
12,Insurance carriers and related activities,0.00000,0.00000,5240,0.00000,0.18042,0.22672,0.21177,Finance and insurance,0.39237,0.32474,0.34372,0.30011,0.29507,0.29765,0.02192,0.04125,0.03502,corporate,0.02192,0.04125,0.03502,0.02192,0.04125,0.03502,0.02111,-0.02086,-0.01078
13,"Funds, trusts, and other financial vehicles",0.00000,0.00000,5250,0.00000,0.10830,0.15516,0.14003,Finance and insurance,0.00976,0.17451,0.15420,0.00746,0.15856,0.13353,0.00042,0.02031,0.01390,corporate,0.00042,0.02031,0.01390,0.00042,0.02031,0.01390,0.04009,-0.00189,0.00761
14,Ambulatory health care services,0.00000,0.00000,6210,0.00000,0.15473,0.20104,0.18606,Health care and social assistance,0.29208,0.29023,0.29761,0.22340,0.26372,0.25772,0.01383,0.03309,0.02688,corporate,0.01383,0.03309,0.02688,0.01383,0.03309,0.02688,0.00940,-0.03573,-0.02451
15,Hospitals,0.00000,0.00000,622H,0.00000,0.13347,0.17975,0.16475,Health care and social assistance,0.17028,0.23947,0.23469,0.13024,0.21759,0.20324,0.00755,0.02698,0.02070,corporate,0.00755,0.02698,0.02070,0.00755,0.02698,0.02070,0.02752,-0.02143,-0.00978
16,Nursing and residential care facilities,0.00000,0.00000,6230,0.00000,0.13260,0.17868,0.16375,Health care and social assistance,0.16535,0.23822,0.23280,0.12647,0.21646,0.20160,0.00727,0.02661,0.02035,corporate,0.00727,0.02661,0.02035,0.00727,0.02661,0.02035,0.02718,-0.02379,-0.01163
17,Social assistance,0.00000,0.00000,6240,0.00000,0.13475,0.18077,0.16588,Health care and social assistance,0.17819,0.24309,0.23895,0.13629,0.22088,0.20692,0.00792,0.02722,0.02099,corporate,0.00792,0.02722,0.02099,0.00792,0.02722,0.02099,0.01911,-0.02568,-0.01484
18,Publishing industries (including software),0.00000,0.00000,5110,0.00000,0.20495,0.25261,0.23730,Information,0.52122,0.39768,0.42803,0.39866,0.36135,0.37066,0.02884,0.04826,0.04202,corporate,0.02884,0.04826,0.04202,0.02884,0.04826,0.04202,-0.02596,-0.06509,-0.05461
19,Motion picture and sound recording industries,0.00000,0.00000,5120,0.00000,0.18820,0.23919,0.22275,Information,0.49884,0.40766,0.43257,0.38155,0.37041,0.37459,0.02322,0.04340,0.03691,corporate,0.02322,0.04340,0.03691,0.02322,0.04340,0.03691,-0.10152,-0.15541,-0.13987
20,Broadcasting and telecommunications,0.00000,0.00000,5130,0.00000,0.15826,0.20496,0.18983,Information,0.35292,0.34321,0.35305,0.26994,0.31185,0.30573,0.01401,0.03289,0.02679,corporate,0.01401,0.03289,0.02679,0.01401,0.03289,0.02679,-0.07889,-0.12605,-0.11249
21,Information and data processing services,0.00000,0.00000,5140,0.00000,0.25378,0.29785,0.28366,Information,0.69056,0.48139,0.52918,0.52819,0.43741,0.45826,0.04351,0.06164,0.05581,corporate,0.04351,0.06164,0.05581,0.04351,0.06164,0.05581,-0.01646,-0.03976,-0.03336
22,Management of companies and enterprises,0.00000,0.00000,5500,0.00000,0.14992,0.19618,0.18126,Management of companies and enterprises,0.25340,0.26444,0.26914,0.19382,0.24028,0.23307,0.01280,0.03226,0.02599,corporate,0.01280,0.03226,0.02599,0.01280,0.03226,0.02599,0.02343,-0.01285,-0.00431
23,"Food, beverage, and tobacco products",0.00000,0.00000,311A,0.00000,0.14332,0.18921,0.17444,Manufacturing,0.22744,0.26303,0.26373,0.17396,0.23900,0.22838,0.01051,0.02966,0.02350,corporate,0.01051,0.02966,0.02350,0.01051,0.02966,0.02350,-0.00425,-0.03360,-0.02601
24,Textile mills and textile product mills,0.00000,0.00000,313T,0.00000,0.13893,0.18502,0.17016,Manufacturing,0.20050,0.25020,0.24836,0.15336,0.22734,0.21508,0.00929,0.02857,0.02237,corporate,0.00929,0.02857,0.02237,0.00929,0.02857,0.02237,0.00942,-0.02968,-0.02002
25,Apparel and leather and allied products,0.00000,0.00000,315A,0.00000,0.12560,0.17172,0.15690,Manufacturing,0.11996,0.21381,0.20436,0.09175,0.19428,0.17697,0.00556,0.02501,0.01877,corporate,0.00556,0.02501,0.01877,0.00556,0.02501,0.01877,0.01228,-0.01539,-0.00874
26,Wood products,0.00000,0.00000,3210,0.00000,0.13391,0.18013,0.16526,Manufacturing,0.17078,0.23770,0.23299,0.13062,0.21598,0.20177,0.00784,0.02721,0.02098,corporate,0.00784,0.02721,0.02098,0.00784,0.02721,0.02098,0.00480,-0.02529,-0.01779
27,Paper products,0.00000,0.00000,3220,0.00000,0.15467,0.20010,0.18546,Manufacturing,0.29751,0.29639,0.30370,0.22755,0.26931,0.26300,0.01367,0.03253,0.02646,corporate,0.01367,0.03253,0.02646,0.01367,0.03253,0.02646,-0.01338,-0.04482,-0.03646
28,Printing and related support activities,0.00000,0.00000,3230,0.00000,0.16381,0.20907,0.19448,Manufacturing,0.34330,0.31423,0.32648,0.26258,0.28552,0.28273,0.01645,0.03524,0.02919,corporate,0.01645,0.03524,0.02919,0.01645,0.03524,0.02919,-0.00720,-0.04093,-0.03213
29,Petroleum and coal products,0.00000,0.00000,3240,0.00000,0.12858,0.17495,0.16005,Manufacturing,0.13982,0.22897,0.22088,0.10694,0.20805,0.19127,0.00614,0.02555,0.01932,corporate,0.00614,0.02555,0.01932,0.00614,0.02555,0.01932,-0.00777,-0.02724,-0.02207
30,Chemical products,0.00000,0.00000,3250,0.00000,0.15850,0.20035,0.18692,Manufacturing,0.33112,0.31129,0.32206,0.25326,0.28285,0.27890,0.01454,0.03213,0.02649,corporate,0.01454,0.03213,0.02649,0.01454,0.03213,0.02649,-0.00167,-0.01618,-0.01245
31,Plastics and rubber products,0.00000,0.00000,3260,0.00000,0.15475,0.19991,0.18537,Manufacturing,0.29417,0.29241,0.29971,0.22500,0.26570,0.25954,0.01379,0.03259,0.02655,corporate,0.01379,0.03259,0.02655,0.01379,0.03259,0.02655,-0.00873,-0.03655,-0.02921
32,Nonmetallic mineral products,0.00000,0.00000,3270,0.00000,0.13824,0.18430,0.16948,Manufacturing,0.19820,0.25101,0.24887,0.15159,0.22807,0.21552,0.00900,0.02826,0.02207,corporate,0.00900,0.02826,0.02207,0.00900,0.02826,0.02207,-0.00366,-0.02838,-0.02198
33,Primary metals,0.00000,0.00000,3310,0.00000,0.14449,0.19072,0.17582,Manufacturing,0.23583,0.26879,0.27003,0.18038,0.24423,0.23384,0.01079,0.03000,0.02382,corporate,0.01079,0.03000,0.02382,0.01079,0.03000,0.02382,-0.00969,-0.04320,-0.03445
34,Fabricated metal products,0.00000,0.00000,3320,0.00000,0.15366,0.19944,0.18469,Manufacturing,0.28729,0.28988,0.29642,0.21974,0.26340,0.25669,0.01349,0.03251,0.02639,corporate,0.01349,0.03251,0.02639,0.01349,0.03251,0.02639,-0.01058,-0.04103,-0.03298
35,Machinery,0.00000,0.00000,3330,0.00000,0.15825,0.20300,0.18861,Manufacturing,0.31049,0.29742,0.30666,0.23748,0.27024,0.26556,0.01488,0.03357,0.02757,corporate,0.01488,0.03357,0.02757,0.01488,0.03357,0.02757,-0.00691,-0.03079,-0.02453
36,Computer and electronic products,0.00000,0.00000,3340,0.00000,0.20676,0.25015,0.23620,Manufacturing,0.51549,0.38642,0.41748,0.39428,0.35112,0.36153,0.02954,0.04769,0.04186,corporate,0.02954,0.04769,0.04186,0.02954,0.04769,0.04186,-0.00094,-0.02379,-0.01797
37,"Electrical equipment, appliances, and components",0.00000,0.00000,3350,0.00000,0.14807,0.19302,0.17858,Manufacturing,0.25098,0.26874,0.27237,0.19197,0.24418,0.23586,0.01201,0.03088,0.02483,corporate,0.01201,0.03088,0.02483,0.01201,0.03088,0.02483,0.00153,-0.02114,-0.01546
38,"Motor vehicles, bodies and trailers, and parts",0.00000,0.00000,336M,0.00000,0.17948,0.22446,0.20999,Manufacturing,0.40691,0.33812,0.35754,0.31123,0.30722,0.30962,0.02133,0.04004,0.03403,corporate,0.02133,0.04004,0.03403,0.02133,0.04004,0.03403,-0.01058,-0.03587,-0.02913
39,Other transportation equipment,0.00000,0.00000,336O,0.00000,0.15419,0.19902,0.18463,Manufacturing,0.27849,0.27742,0.28421,0.21301,0.25207,0.24612,0.01396,0.03281,0.02677,corporate,0.01396,0.03281,0.02677,0.01396,0.03281,0.02677,0.00179,-0.01740,-0.01257
40,Furniture and related products,0.00000,0.00000,3370,0.00000,0.14541,0.19119,0.17645,Manufacturing,0.23592,0.26323,0.26522,0.18045,0.23918,0.22967,0.01125,0.03041,0.02425,corporate,0.01125,0.03041,0.02425,0.01125,0.03041,0.02425,0.00418,-0.02572,-0.01824
41,Miscellaneous manufacturing,0.00000,0.00000,338A,0.00000,0.15938,0.20340,0.18926,Manufacturing,0.31457,0.29680,0.30681,0.24061,0.26968,0.26569,0.01526,0.03374,0.02781,corporate,0.01526,0.03374,0.02781,0.01526,0.03374,0.02781,0.00044,-0.01969,-0.01458
42,Oil and gas extraction,0.00000,0.00000,2110,0.00000,0.15745,0.20043,0.18654,Mining,0.35333,0.33895,0.34943,0.27025,0.30798,0.30260,0.01367,0.03135,0.02565,corporate,0.01367,0.03135,0.02565,0.01367,0.03135,0.02565,-0.03634,-0.06390,-0.05568
43,"Mining, except oil and gas",0.00000,0.00000,2120,0.00000,0.14174,0.18688,0.17231,Mining,0.23291,0.27902,0.27857,0.17815,0.25352,0.24124,0.00947,0.02814,0.02213,corporate,0.00947,0.02814,0.02213,0.00947,0.02814,0.02213,-0.02784,-0.05786,-0.04942
44,Support activities for mining,0.00000,0.00000,2130,0.00000,0.17526,0.22043,0.20583,Mining,0.43964,0.37271,0.39259,0.33626,0.33865,0.33997,0.01926,0.03767,0.03174,corporate,0.01926,0.03767,0.03174,0.01926,0.03767,0.03174,-0.04661,-0.07909,-0.06950
45,"Other services, except government",0.00000,0.00000,8100,0.00000,0.12802,0.17366,0.15888,"Other services, except government",0.13719,0.22881,0.22040,0.10493,0.20790,0.19086,0.00583,0.02503,0.01883,corporate,0.00583,0.02503,0.01883,0.00583,0.02503,0.01883,0.02263,-0.01973,-0.00940
46,Legal services,0.00000,0.00000,5411,0.00000,0.17182,0.21850,0.20341,"Professional, scientific, and technical services",0.36481,0.31668,0.33220,0.27903,0.28775,0.28768,0.01917,0.03857,0.03232,corporate,0.01917,0.03857,0.03232,0.01917,0.03857,0.03232,0.01262,-0.03067,-0.02000
47,"Miscellaneous professional, scientific, and technical services",0.00000,0.00000,5412,0.00000,0.20736,0.25179,0.23748,"Professional, scientific, and technical services",0.53438,0.40048,0.43268,0.40873,0.36389,0.37469,0.02952,0.04791,0.04199,corporate,0.02952,0.04791,0.04199,0.02952,0.04791,0.04199,-0.00838,-0.03593,-0.02866
48,Computer systems design and related services,0.00000,0.00000,5415,0.00000,0.24663,0.29372,0.27855,"Professional, scientific, and technical services",0.62418,0.44195,0.48394,0.47741,0.40157,0.41908,0.04179,0.06110,0.05488,corporate,0.04179,0.06110,0.05488,0.04179,0.06110,0.05488,-0.00354,-0.03735,-0.02858
49,Real estate,0.00000,0.00000,5310,0.00000,0.09673,0.14389,0.12875,Real estate and rental and leasing,-0.07892,0.15032,0.12106,-0.06036,0.13659,0.10483,-0.00315,0.01684,0.01042,corporate,-0.00315,0.01684,0.01042,-0.00315,0.01684,0.01042,0.01048,-0.00200,0.00100
50,Rental and leasing services and lessors of intangible assets,0.00000,0.00000,5320,0.00000,0.20448,0.24983,0.23519,Real estate and rental and leasing,0.56428,0.42687,0.46014,0.43160,0.38786,0.39847,0.02820,0.04664,0.04070,corporate,0.02820,0.04664,0.04070,0.02820,0.04664,0.04070,-0.03988,-0.06816,-0.05969
51,Retail trade,0.00000,0.00000,44RT,0.00000,0.12243,0.16918,0.15413,Retail trade,0.10084,0.20740,0.19610,0.07713,0.18845,0.16982,0.00461,0.02431,0.01798,corporate,0.00461,0.02431,0.01798,0.00461,0.02431,0.01798,0.01678,-0.01294,-0.00587
52,Air transportation,0.00000,0.00000,4810,0.00000,0.15610,0.20011,0.18588,Transportation and warehousing,0.32850,0.32019,0.32927,0.25126,0.29094,0.28514,0.01359,0.03177,0.02590,corporate,0.01359,0.03177,0.02590,0.01359,0.03177,0.02590,-0.02086,-0.05437,-0.04514
53,Railroad transportation,0.00000,0.00000,4820,0.00000,0.12842,0.17310,0.15859,Transportation and warehousing,0.14822,0.27730,0.26450,0.11337,0.25197,0.22905,0.00464,0.02281,0.01693,corporate,0.00464,0.02281,0.01693,0.00464,0.02281,0.01693,-0.08923,-0.13287,-0.12004
54,Water transportation,0.00000,0.00000,4830,0.00000,0.15588,0.20158,0.18678,Transportation and warehousing,0.33286,0.32929,0.33782,0.25459,0.29920,0.29254,0.01341,0.03204,0.02602,corporate,0.01341,0.03204,0.02602,0.01341,0.03204,0.02602,-0.05063,-0.09139,-0.07972
55,Truck transportation,0.00000,0.00000,4840,0.00000,0.19702,0.24279,0.22803,Transportation and warehousing,0.50763,0.39332,0.42184,0.38827,0.35739,0.36530,0.02624,0.04498,0.03895,corporate,0.02624,0.04498,0.03895,0.02624,0.04498,0.03895,-0.02515,-0.05386,-0.04572
56,Transit and ground passenger transportation,0.00000,0.00000,4850,0.00000,0.15817,0.20436,0.18942,Transportation and warehousing,0.31311,0.30100,0.31025,0.23949,0.27350,0.26867,0.01479,0.03395,0.02776,corporate,0.01479,0.03395,0.02776,0.01479,0.03395,0.02776,-0.00132,-0.04545,-0.03428
57,Pipeline transportation,0.00000,0.00000,4860,0.00000,0.14309,0.18575,0.17195,Transportation and warehousing,0.26123,0.30517,0.30569,0.19980,0.27729,0.26472,0.00925,0.02684,0.02116,corporate,0.00925,0.02684,0.02116,0.00925,0.02684,0.02116,-0.03661,-0.06576,-0.05714
58,Other transportation and support activities,0.00000,0.00000,487S,0.00000,0.14991,0.19582,0.18095,Transportation and warehousing,0.29049,0.30848,0.31312,0.22219,0.28030,0.27116,0.01174,0.03053,0.02446,corporate,0.01174,0.03053,0.02446,0.01174,0.03053,0.02446,-0.05255,-0.09419,-0.08264
59,Warehousing and storage,0.00000,0.00000,4930,0.00000,0.12760,0.17408,0.15905,Transportation and warehousing,0.13312,0.22308,0.21470,0.10182,0.20270,0.18593,0.00594,0.02549,0.01918,corporate,0.00594,0.02549,0.01918,0.00594,0.02549,0.01918,0.02634,-0.01886,-0.00815
60,Utilities,0.00000,0.00000,2200,0.00000,0.13811,0.18417,0.16920,Utilities,0.22737,0.30573,0.30106,0.17391,0.27780,0.26071,0.00763,0.02622,0.02020,corporate,0.00763,0.02622,0.02020,0.00763,0.02622,0.02020,-0.10062,-0.15122,-0.13645
61,Wholesale trade,0.00000,0.00000,4200,0.00000,0.13779,0.18416,0.16928,Wholesale trade,0.18909,0.24021,0.23791,0.14463,0.21826,0.20603,0.00922,0.02869,0.02245,corporate,0.00922,0.02869,0.02245,0.00922,0.02869,0.02245,0.00065,-0.01854,-0.01366
62,Accommodation,0.00000,0.00000,7210,0.00000,0.00083,0.00111,0.00103,Accommodation and food services,0.00325,0.00345,0.00340,0.00325,0.00345,0.00340,0.00021,0.00028,0.00026,non-corporate,0.00021,0.00028,0.00026,0.00021,0.00028,0.00026,-0.00473,-0.00582,-0.00551
63,Food services and drinking places,0.00000,0.00000,7220,0.00000,0.00391,0.00521,0.00482,Accommodation and food services,0.01681,0.01783,0.01757,0.01681,0.01783,0.01757,0.00098,0.00131,0.00121,non-corporate,0.00098,0.00131,0.00121,0.00098,0.00131,0.00121,-0.02271,-0.02792,-0.02644
64,Administrative and support services,0.00000,0.00000,5610,0.00000,0.00692,0.00913,0.00848,Administrative and waste management services,0.03350,0.03508,0.03470,0.03350,0.03508,0.03470,0.00174,0.00229,0.00212,non-corporate,0.00174,0.00229,0.00212,0.00174,0.00229,0.00212,-0.03144,-0.03875,-0.03667
65,Waste management and remediation services,0.00000,0.00000,5620,0.00000,0.00808,0.01142,0.01042,Administrative and waste management services,0.04071,0.04559,0.04432,0.04071,0.04559,0.04432,0.00203,0.00286,0.00261,non-corporate,0.00203,0.00286,0.00261,0.00203,0.00286,0.00261,-0.10278,-0.12163,-0.11643
66,Farms,0.00000,0.00000,110C,0.00000,0.00513,0.00715,0.00654,"Agriculture, forestry, fishing, and hunting",0.02254,0.02503,0.02438,0.02254,0.02503,0.02438,0.00129,0.00179,0.00164,non-corporate,0.00129,0.00179,0.00164,0.00129,0.00179,0.00164,-0.05732,-0.06802,-0.06506
67,"Forestry, fishing, and related activities",0.00000,0.00000,113F,0.00000,0.00187,0.00254,0.00234,"Agriculture, forestry, fishing, and hunting",0.00760,0.00817,0.00802,0.00760,0.00817,0.00802,0.00047,0.00064,0.00059,non-corporate,0.00047,0.00064,0.00059,0.00047,0.00064,0.00059,-0.01364,-0.01661,-0.01577
68,"Performing arts, spectator sports, museums, and related activities",0.00000,0.00000,711A,0.00000,0.00840,0.01161,0.01067,"Arts, entertainment, and recreation",0.04100,0.04490,0.04396,0.04100,0.04490,0.04396,0.00210,0.00291,0.00267,non-corporate,0.00210,0.00291,0.00267,0.00210,0.00291,0.00267,-0.05838,-0.07270,-0.06873
69,"Amusements, gambling, and recreation industries",0.00000,0.00000,7130,0.00000,0.00401,0.00565,0.00515,"Arts, entertainment, and recreation",0.01920,0.02145,0.02084,0.01920,0.02145,0.02084,0.00100,0.00142,0.00129,non-corporate,0.00100,0.00142,0.00129,0.00100,0.00142,0.00129,-0.04016,-0.04936,-0.04675
70,Construction,0.00000,0.00000,2300,0.00000,0.00377,0.00507,0.00468,Construction,0.01629,0.01739,0.01711,0.01629,0.01739,0.01711,0.00095,0.00127,0.00117,non-corporate,0.00095,0.00127,0.00117,0.00095,0.00127,0.00117,-0.02408,-0.02940,-0.02789
71,Educational services,0.00000,0.00000,6100,0.00000,0.00173,0.00231,0.00214,Educational services,0.00733,0.00772,0.00762,0.00733,0.00772,0.00762,0.00043,0.00058,0.00054,non-corporate,0.00043,0.00058,0.00054,0.00043,0.00058,0.00054,-0.00975,-0.01198,-0.01135
72,Credit intermediation and related activities,0.00000,0.00000,5220,0.00000,0.00593,0.00783,0.00726,Finance and insurance,0.02696,0.02832,0.02798,0.02696,0.02832,0.02798,0.00149,0.00196,0.00182,non-corporate,0.00149,0.00196,0.00182,0.00149,0.00196,0.00182,-0.02767,-0.03412,-0.03229
73,"Securities, commodity contracts, and investments",0.00000,0.00000,5230,0.00000,0.00163,0.00214,0.00199,Finance and insurance,0.00653,0.00683,0.00675,0.00653,0.00683,0.00675,0.00041,0.00054,0.00050,non-corporate,0.00041,0.00054,0.00050,0.00041,0.00054,0.00050,-0.00721,-0.00887,-0.00840
74,Insurance carriers and related activities,0.00000,0.00000,5240,0.00000,0.00405,0.00529,0.00492,Finance and insurance,0.01748,0.01814,0.01799,0.01748,0.01814,0.01799,0.00101,0.00132,0.00123,non-corporate,0.00101,0.00132,0.00123,0.00101,0.00132,0.00123,-0.01487,-0.01834,-0.01735
75,"Funds, trusts, and other financial vehicles",0.00000,0.00000,5250,0.00000,0.00022,0.00030,0.00028,Finance and insurance,0.00087,0.00092,0.00091,0.00087,0.00092,0.00091,0.00006,0.00008,0.00007,non-corporate,0.00006,0.00008,0.00007,0.00006,0.00008,0.00007,-0.00130,-0.00160,-0.00152
76,Ambulatory health care services,0.00000,0.00000,6210,0.00000,0.00505,0.00671,0.00622,Health care and social assistance,0.02276,0.02397,0.02367,0.02276,0.02397,0.02367,0.00127,0.00168,0.00156,non-corporate,0.00127,0.00168,0.00156,0.00127,0.00168,0.00156,-0.02738,-0.03367,-0.03189
77,Hospitals,0.00000,0.00000,622H,0.00000,0.00299,0.00397,0.00368,Health care and social assistance,0.01292,0.01358,0.01341,0.01292,0.01358,0.01341,0.00075,0.00100,0.00092,non-corporate,0.00075,0.00100,0.00092,0.00075,0.00100,0.00092,-0.01649,-0.02028,-0.01920
78,Nursing and residential care facilities,0.00000,0.00000,6230,0.00000,0.00281,0.00379,0.00350,Health care and social assistance,0.01222,0.01300,0.01280,0.01222,0.01300,0.01280,0.00071,0.00095,0.00088,non-corporate,0.00071,0.00095,0.00088,0.00071,0.00095,0.00088,-0.01820,-0.02234,-0.02116
79,Social assistance,0.00000,0.00000,6240,0.00000,0.00277,0.00375,0.00346,Health care and social assistance,0.01200,0.01287,0.01264,0.01200,0.01287,0.01264,0.00070,0.00094,0.00087,non-corporate,0.00070,0.00094,0.00087,0.00070,0.00094,0.00087,-0.01880,-0.02310,-0.02188
80,Publishing industries (including software),0.00000,0.00000,5110,0.00000,0.00829,0.01120,0.01035,Information,0.03889,0.04175,0.04109,0.03889,0.04175,0.04109,0.00208,0.00281,0.00259,non-corporate,0.00208,0.00281,0.00259,0.00208,0.00281,0.00259,-0.04360,-0.05474,-0.05167
81,Motion picture and sound recording industries,0.00000,0.00000,5120,0.00000,0.01809,0.02378,0.02211,Information,0.09093,0.09530,0.09428,0.09093,0.09530,0.09428,0.00453,0.00596,0.00554,non-corporate,0.00453,0.00596,0.00554,0.00453,0.00596,0.00554,-0.12119,-0.14487,-0.13830
82,Broadcasting and telecommunications,0.00000,0.00000,5130,0.00000,0.00963,0.01331,0.01221,Information,0.05066,0.05551,0.05425,0.05066,0.05551,0.05425,0.00241,0.00334,0.00306,non-corporate,0.00241,0.00334,0.00306,0.00241,0.00334,0.00306,-0.09708,-0.11651,-0.11110
83,Information and data processing services,0.00000,0.00000,5140,0.00000,0.00689,0.00904,0.00840,Information,0.03567,0.03719,0.03682,0.03567,0.03719,0.03682,0.00173,0.00227,0.00211,non-corporate,0.00173,0.00227,0.00211,0.00173,0.00227,0.00211,-0.02906,-0.03564,-0.03377
84,Management of companies and enterprises,0.00000,0.00000,5500,0.00000,0.00230,0.00303,0.00281,Management of companies and enterprises,0.00965,0.01008,0.00998,0.00965,0.01008,0.00998,0.00058,0.00076,0.00071,non-corporate,0.00058,0.00076,0.00071,0.00058,0.00076,0.00071,-0.00999,-0.01228,-0.01163
85,"Food, beverage, and tobacco products",0.00000,0.00000,311A,0.00000,0.00348,0.00470,0.00433,Manufacturing,0.01490,0.01607,0.01577,0.01490,0.01607,0.01577,0.00087,0.00118,0.00109,non-corporate,0.00087,0.00118,0.00109,0.00087,0.00118,0.00109,-0.02323,-0.02851,-0.02701
86,Textile mills and textile product mills,0.00000,0.00000,313T,0.00000,0.00312,0.00422,0.00389,Manufacturing,0.01317,0.01423,0.01396,0.01317,0.01423,0.01396,0.00078,0.00106,0.00097,non-corporate,0.00078,0.00106,0.00097,0.00078,0.00106,0.00097,-0.02144,-0.02631,-0.02493
87,Apparel and leather and allied products,0.00000,0.00000,315A,0.00000,0.00166,0.00224,0.00207,Manufacturing,0.00662,0.00717,0.00703,0.00662,0.00717,0.00703,0.00042,0.00056,0.00052,non-corporate,0.00042,0.00056,0.00052,0.00042,0.00056,0.00052,-0.01160,-0.01416,-0.01344
88,Wood products,0.00000,0.00000,3210,0.00000,0.00283,0.00381,0.00352,Manufacturing,0.01183,0.01274,0.01251,0.01183,0.01274,0.01251,0.00071,0.00096,0.00088,non-corporate,0.00071,0.00096,0.00088,0.00071,0.00096,0.00088,-0.01895,-0.02324,-0.02203
89,Paper products,0.00000,0.00000,3220,0.00000,0.00467,0.00631,0.00582,Manufacturing,0.02137,0.02306,0.02263,0.02137,0.02306,0.02263,0.00117,0.00158,0.00146,non-corporate,0.00117,0.00158,0.00146,0.00117,0.00158,0.00146,-0.03291,-0.04029,-0.03820
90,Printing and related support activities,0.00000,0.00000,3230,0.00000,0.00478,0.00643,0.00594,Manufacturing,0.02213,0.02372,0.02331,0.02213,0.02372,0.02331,0.00120,0.00161,0.00149,non-corporate,0.00120,0.00161,0.00149,0.00120,0.00161,0.00149,-0.03027,-0.03718,-0.03522
91,Petroleum and coal products,0.00000,0.00000,3240,0.00000,0.00318,0.00430,0.00396,Manufacturing,0.01354,0.01459,0.01432,0.01354,0.01459,0.01432,0.00080,0.00108,0.00099,non-corporate,0.00080,0.00108,0.00099,0.00080,0.00108,0.00099,-0.02203,-0.02702,-0.02560
92,Chemical products,0.00000,0.00000,3250,0.00000,0.00180,0.00242,0.00223,Manufacturing,0.00893,0.00958,0.00941,0.00893,0.00958,0.00941,0.00045,0.00061,0.00056,non-corporate,0.00045,0.00061,0.00056,0.00045,0.00061,0.00056,-0.01190,-0.01459,-0.01383
93,Plastics and rubber products,0.00000,0.00000,3260,0.00000,0.00385,0.00519,0.00479,Manufacturing,0.01717,0.01851,0.01817,0.01717,0.01851,0.01817,0.00097,0.00130,0.00120,non-corporate,0.00097,0.00130,0.00120,0.00097,0.00130,0.00120,-0.02534,-0.03114,-0.02949
94,Nonmetallic mineral products,0.00000,0.00000,3270,0.00000,0.00330,0.00444,0.00410,Manufacturing,0.01420,0.01525,0.01498,0.01420,0.01525,0.01498,0.00083,0.00111,0.00103,non-corporate,0.00083,0.00111,0.00103,0.00083,0.00111,0.00103,-0.02129,-0.02617,-0.02478
95,Primary metals,0.00000,0.00000,3310,0.00000,0.00438,0.00591,0.00546,Manufacturing,0.01900,0.02052,0.02013,0.01900,0.02052,0.02013,0.00110,0.00148,0.00137,non-corporate,0.00110,0.00148,0.00137,0.00110,0.00148,0.00137,-0.03087,-0.03771,-0.03578
96,Fabricated metal products,0.00000,0.00000,3320,0.00000,0.00458,0.00615,0.00568,Manufacturing,0.02032,0.02183,0.02145,0.02032,0.02183,0.02145,0.00115,0.00154,0.00142,non-corporate,0.00115,0.00154,0.00142,0.00115,0.00154,0.00142,-0.02936,-0.03603,-0.03414
97,Machinery,0.00000,0.00000,3330,0.00000,0.00326,0.00437,0.00404,Manufacturing,0.01441,0.01548,0.01520,0.01441,0.01548,0.01520,0.00082,0.00110,0.00101,non-corporate,0.00082,0.00110,0.00101,0.00082,0.00110,0.00101,-0.02078,-0.02545,-0.02413
98,Computer and electronic products,0.00000,0.00000,3340,0.00000,0.00311,0.00415,0.00384,Manufacturing,0.01496,0.01590,0.01567,0.01496,0.01590,0.01567,0.00078,0.00104,0.00096,non-corporate,0.00078,0.00104,0.00096,0.00078,0.00104,0.00096,-0.01789,-0.02190,-0.02077
99,"Electrical equipment, appliances, and components",0.00000,0.00000,3350,0.00000,0.00228,0.00306,0.00283,Manufacturing,0.00974,0.01046,0.01028,0.00974,0.01046,0.01028,0.00057,0.00077,0.00071,non-corporate,0.00057,0.00077,0.00071,0.00057,0.00077,0.00071,-0.01484,-0.01809,-0.01717
100,"Motor vehicles, bodies and trailers, and parts",0.00000,0.00000,336M,0.00000,0.00422,0.00565,0.00522,Manufacturing,0.01917,0.02050,0.02016,0.01917,0.02050,0.02016,0.00106,0.00142,0.00131,non-corporate,0.00106,0.00142,0.00131,0.00106,0.00142,0.00131,-0.02559,-0.03142,-0.02976
101,Other transportation equipment,0.00000,0.00000,336O,0.00000,0.00194,0.00260,0.00240,Manufacturing,0.00814,0.00875,0.00860,0.00814,0.00875,0.00860,0.00049,0.00065,0.00060,non-corporate,0.00049,0.00065,0.00060,0.00049,0.00065,0.00060,-0.01165,-0.01432,-0.01357
102,Furniture and related products,0.00000,0.00000,3370,0.00000,0.00307,0.00411,0.00380,Manufacturing,0.01304,0.01397,0.01374,0.01304,0.01397,0.01374,0.00077,0.00103,0.00095,non-corporate,0.00077,0.00103,0.00095,0.00077,0.00103,0.00095,-0.01863,-0.02288,-0.02167
103,Miscellaneous manufacturing,0.00000,0.00000,338A,0.00000,0.00231,0.00308,0.00285,Manufacturing,0.01029,0.01102,0.01083,0.01029,0.01102,0.01083,0.00058,0.00077,0.00071,non-corporate,0.00058,0.00077,0.00071,0.00058,0.00077,0.00071,-0.01383,-0.01697,-0.01608
104,Oil and gas extraction,0.00000,0.00000,2110,0.00000,0.00559,0.00779,0.00712,Mining,0.03102,0.03425,0.03338,0.03102,0.03425,0.03338,0.00140,0.00195,0.00179,non-corporate,0.00140,0.00195,0.00179,0.00140,0.00195,0.00179,-0.04803,-0.05945,-0.05619
105,"Mining, except oil and gas",0.00000,0.00000,2120,0.00000,0.00457,0.00635,0.00581,Mining,0.02178,0.02402,0.02342,0.02178,0.02402,0.02342,0.00115,0.00159,0.00146,non-corporate,0.00115,0.00159,0.00146,0.00115,0.00159,0.00146,-0.04078,-0.05003,-0.04741
106,Support activities for mining,0.00000,0.00000,2130,0.00000,0.00840,0.01138,0.01049,Mining,0.04461,0.04799,0.04711,0.04461,0.04799,0.04711,0.00211,0.00285,0.00263,non-corporate,0.00211,0.00285,0.00263,0.00211,0.00285,0.00263,-0.05998,-0.07348,-0.06965
107,"Other services, except government",0.00000,0.00000,8100,0.00000,0.00235,0.00317,0.00292,"Other services, except government",0.01033,0.01103,0.01085,0.01033,0.01103,0.01085,0.00059,0.00079,0.00073,non-corporate,0.00059,0.00079,0.00073,0.00059,0.00079,0.00073,-0.01562,-0.01918,-0.01817
108,Legal services,0.00000,0.00000,5411,0.00000,0.00530,0.00697,0.00647,"Professional, scientific, and technical services",0.02340,0.02442,0.02417,0.02340,0.02442,0.02417,0.00133,0.00175,0.00162,non-corporate,0.00133,0.00175,0.00162,0.00133,0.00175,0.00162,-0.02297,-0.02831,-0.02679
109,"Miscellaneous professional, scientific, and technical services",0.00000,0.00000,5412,0.00000,0.00577,0.00764,0.00709,"Professional, scientific, and technical services",0.02877,0.03027,0.02990,0.02877,0.03027,0.02990,0.00145,0.00192,0.00178,non-corporate,0.00145,0.00192,0.00178,0.00145,0.00192,0.00178,-0.02717,-0.03359,-0.03177
110,Computer systems design and related services,0.00000,0.00000,5415,0.00000,0.00912,0.01183,0.01103,"Professional, scientific, and technical services",0.04282,0.04419,0.04388,0.04282,0.04419,0.04388,0.00229,0.00296,0.00277,non-corporate,0.00229,0.00296,0.00277,0.00229,0.00296,0.00277,-0.02808,-0.03472,-0.03283
111,Real estate,0.00000,0.00000,5310,0.00000,0.00014,0.00020,0.00019,Real estate and rental and leasing,0.00056,0.00063,0.00061,0.00056,0.00063,0.00061,0.00004,0.00005,0.00005,non-corporate,0.00004,0.00005,0.00005,0.00004,0.00005,0.00005,-0.00162,-0.00194,-0.00185
112,Rental and leasing services and lessors of intangible assets,0.00000,0.00000,5320,0.00000,0.00936,0.01247,0.01154,Real estate and rental and leasing,0.04980,0.05274,0.05199,0.04980,0.05274,0.05199,0.00234,0.00313,0.00289,non-corporate,0.00234,0.00313,0.00289,0.00234,0.00313,0.00289,-0.05077,-0.06266,-0.05927
113,Retail trade,0.00000,0.00000,44RT,0.00000,0.00140,0.00187,0.00173,Retail trade,0.00543,0.00579,0.00570,0.00543,0.00579,0.00570,0.00035,0.00047,0.00043,non-corporate,0.00035,0.00047,0.00043,0.00035,0.00047,0.00043,-0.00762,-0.00937,-0.00888
114,Air transportation,0.00000,0.00000,4810,0.00000,0.00526,0.00724,0.00665,Transportation and warehousing,0.02720,0.02969,0.02903,0.02720,0.02969,0.02903,0.00132,0.00182,0.00167,non-corporate,0.00132,0.00182,0.00167,0.00132,0.00182,0.00167,-0.04110,-0.05075,-0.04800
115,Railroad transportation,0.00000,0.00000,4820,0.00000,0.00683,0.01002,0.00905,Transportation and warehousing,0.03842,0.04458,0.04293,0.03842,0.04458,0.04293,0.00171,0.00251,0.00227,non-corporate,0.00171,0.00251,0.00227,0.00171,0.00251,0.00227,-0.10496,-0.12549,-0.11978
116,Water transportation,0.00000,0.00000,4830,0.00000,0.00801,0.01103,0.01012,Transportation and warehousing,0.04175,0.04556,0.04456,0.04175,0.04556,0.04456,0.00201,0.00276,0.00254,non-corporate,0.00201,0.00276,0.00254,0.00201,0.00276,0.00254,-0.07024,-0.08560,-0.08127
117,Truck transportation,0.00000,0.00000,4840,0.00000,0.00835,0.01107,0.01026,Transportation and warehousing,0.04205,0.04433,0.04376,0.04205,0.04433,0.04376,0.00209,0.00278,0.00257,non-corporate,0.00209,0.00278,0.00257,0.00209,0.00278,0.00257,-0.04127,-0.05100,-0.04823
118,Transit and ground passenger transportation,0.00000,0.00000,4850,0.00000,0.00533,0.00717,0.00662,Transportation and warehousing,0.02448,0.02615,0.02572,0.02448,0.02615,0.02572,0.00134,0.00180,0.00166,non-corporate,0.00134,0.00180,0.00166,0.00134,0.00180,0.00166,-0.03533,-0.04299,-0.04083
119,Pipeline transportation,0.00000,0.00000,4860,0.00000,0.00489,0.00693,0.00631,Transportation and warehousing,0.02728,0.03065,0.02974,0.02728,0.03065,0.02974,0.00122,0.00174,0.00158,non-corporate,0.00122,0.00174,0.00158,0.00122,0.00174,0.00158,-0.04978,-0.06153,-0.05818
120,Other transportation and support activities,0.00000,0.00000,487S,0.00000,0.00692,0.00969,0.00886,Transportation and warehousing,0.03505,0.03887,0.03787,0.03505,0.03887,0.03787,0.00174,0.00243,0.00222,non-corporate,0.00174,0.00243,0.00222,0.00174,0.00243,0.00222,-0.07451,-0.08924,-0.08514
121,Warehousing and storage,0.00000,0.00000,4930,0.00000,0.00235,0.00316,0.00292,Transportation and warehousing,0.00986,0.01049,0.01033,0.00986,0.01049,0.01033,0.00059,0.00079,0.00073,non-corporate,0.00059,0.00079,0.00073,0.00059,0.00079,0.00073,-0.01480,-0.01813,-0.01719
122,Utilities,0.00000,0.00000,2200,0.00000,0.00877,0.01258,0.01143,Utilities,0.04849,0.05501,0.05329,0.04849,0.05501,0.05329,0.00220,0.00315,0.00286,non-corporate,0.00220,0.00315,0.00286,0.00220,0.00315,0.00286,-0.11832,-0.14148,-0.13505
123,Wholesale trade,0.00000,0.00000,4200,0.00000,0.00188,0.00249,0.00231,Wholesale trade,0.00728,0.00776,0.00764,0.00728,0.00776,0.00764,0.00047,0.00062,0.00058,non-corporate,0.00047,0.00062,0.00058,0.00047,0.00062,0.00058,-0.00946,-0.01165,-0.01103
124,Accommodation and food services,0.00000,0.00000,,0.00000,0.11955,0.16650,0.15138,Accommodation and food services,0.08260,0.20286,0.18960,0.06318,0.18432,0.16419,0.00366,0.02344,0.01708,corporate,0.00366,0.02344,0.01708,0.00366,0.02344,0.01708,0.01803,-0.01364,-0.00612
125,Administrative and waste management services,0.00000,0.00000,,0.00000,0.18174,0.22797,0.21303,Administrative and waste management services,0.43875,0.36097,0.38245,0.33559,0.32799,0.33119,0.02167,0.04064,0.03452,corporate,0.02167,0.04064,0.03452,0.02167,0.04064,0.03452,-0.03600,-0.07389,-0.06362
126,"Agriculture, forestry, fishing, and hunting",0.00000,0.00000,,0.00000,0.12976,0.17688,0.16171,"Agriculture, forestry, fishing, and hunting",0.15001,0.24427,0.23577,0.11474,0.22195,0.20417,0.00616,0.02561,0.01936,corporate,0.00616,0.02561,0.01936,0.00616,0.02561,0.01936,-0.05198,-0.07700,-0.06975
127,"Arts, entertainment, and recreation",0.00000,0.00000,,0.00000,0.14203,0.18823,0.17332,"Arts, entertainment, and recreation",0.23414,0.28036,0.28009,0.17909,0.25475,0.24255,0.00958,0.02861,0.02248,corporate,0.00958,0.02861,0.02248,0.00958,0.02861,0.02248,-0.02658,-0.06250,-0.05267
130,Finance and insurance,0.00000,0.00000,,0.00000,0.17588,0.22221,0.20725,Finance and insurance,0.38604,0.32704,0.34461,0.29527,0.29716,0.29843,0.02033,0.03958,0.03337,corporate,0.02033,0.03958,0.03337,0.02033,0.03958,0.03337,0.00759,-0.03196,-0.02208
131,Health care and social assistance,0.00000,0.00000,,0.00000,0.13884,0.18511,0.17013,Health care and social assistance,0.20257,0.25244,0.25088,0.15494,0.22938,0.21726,0.00914,0.02851,0.02225,corporate,0.00914,0.02851,0.02225,0.00914,0.02851,0.02225,0.02255,-0.02537,-0.01384
132,Information,0.00000,0.00000,,0.00000,0.17368,0.22095,0.20566,Information,0.42961,0.37123,0.38969,0.32860,0.33732,0.33746,0.01881,0.03789,0.03174,corporate,0.01881,0.03789,0.03174,0.01881,0.03789,0.03174,-0.07252,-0.11829,-0.10523
133,Management of companies and enterprises,0.00000,0.00000,,0.00000,0.14992,0.19618,0.18126,Management of companies and enterprises,0.25340,0.26444,0.26914,0.19382,0.24028,0.23307,0.01280,0.03226,0.02599,corporate,0.01280,0.03226,0.02599,0.01280,0.03226,0.02599,0.02343,-0.01285,-0.00431
134,Manufacturing,0.00000,0.00000,,0.00000,0.15905,0.20348,0.18919,Manufacturing,0.31560,0.29923,0.30908,0.24139,0.27189,0.26766,0.01510,0.03368,0.02771,corporate,0.01510,0.03368,0.02771,0.01510,0.03368,0.02771,-0.00408,-0.02717,-0.02119
135,Mining,0.00000,0.00000,,0.00000,0.15689,0.20032,0.18628,Mining,0.34528,0.33382,0.34371,0.26409,0.30332,0.29765,0.01359,0.03145,0.02569,corporate,0.01359,0.03145,0.02569,0.01359,0.03145,0.02569,-0.03609,-0.06435,-0.05599
136,"Other services, except government",0.00000,0.00000,,0.00000,0.12802,0.17366,0.15888,"Other services, except government",0.13719,0.22881,0.22040,0.10493,0.20790,0.19086,0.00583,0.02503,0.01883,corporate,0.00583,0.02503,0.01883,0.00583,0.02503,0.01883,0.02263,-0.01973,-0.00940
137,"Professional, scientific, and technical services",0.00000,0.00000,,0.00000,0.21048,0.25542,0.24094,"Professional, scientific, and technical services",0.53885,0.40160,0.43443,0.41214,0.36491,0.37621,0.03054,0.04912,0.04315,corporate,0.03054,0.04912,0.04315,0.03054,0.04912,0.04315,-0.00637,-0.03579,-0.02809
138,Real estate and rental and leasing,0.00000,0.00000,,0.00000,0.10630,0.15330,0.13820,Real estate and rental and leasing,-0.00895,0.17385,0.15136,-0.00685,0.15797,0.13108,-0.00037,0.01949,0.01311,corporate,-0.00037,0.01949,0.01311,-0.00037,0.01949,0.01311,0.00601,-0.00787,-0.00439
140,Transportation and warehousing,0.00000,0.00000,,0.00000,0.14772,0.19233,0.17789,Transportation and warehousing,0.28449,0.31020,0.31366,0.21760,0.28186,0.27162,0.01088,0.02918,0.02327,corporate,0.01088,0.02918,0.02327,0.01088,0.02918,0.02327,-0.04854,-0.08601,-0.07537
143,Accommodation and food services,0.00000,0.00000,,0.00000,0.00172,0.00230,0.00213,Accommodation and food services,0.00693,0.00735,0.00724,0.00693,0.00735,0.00724,0.00043,0.00058,0.00053,non-corporate,0.00043,0.00058,0.00053,0.00043,0.00058,0.00053,-0.00995,-0.01223,-0.01159
144,Administrative and waste management services,0.00000,0.00000,,0.00000,0.00732,0.00991,0.00914,Administrative and waste management services,0.03590,0.03858,0.03790,0.03590,0.03858,0.03790,0.00183,0.00248,0.00229,non-corporate,0.00183,0.00248,0.00229,0.00183,0.00248,0.00229,-0.05578,-0.06702,-0.06388
145,"Agriculture, forestry, fishing, and hunting",0.00000,0.00000,,0.00000,0.00445,0.00619,0.00567,"Agriculture, forestry, fishing, and hunting",0.01923,0.02128,0.02075,0.01923,0.02128,0.02075,0.00112,0.00155,0.00142,non-corporate,0.00112,0.00155,0.00142,0.00112,0.00155,0.00142,-0.04822,-0.05731,-0.05480
146,"Arts, entertainment, and recreation",0.00000,0.00000,,0.00000,0.00599,0.00835,0.00765,"Arts, entertainment, and recreation",0.02896,0.03195,0.03120,0.02896,0.03195,0.03120,0.00150,0.00209,0.00192,non-corporate,0.00150,0.00209,0.00192,0.00150,0.00209,0.00192,-0.04840,-0.05992,-0.05669
149,Finance and insurance,0.00000,0.00000,,0.00000,0.00271,0.00357,0.00331,Finance and insurance,0.01120,0.01173,0.01160,0.01120,0.01173,0.01160,0.00068,0.00089,0.00083,non-corporate,0.00068,0.00089,0.00083,0.00068,0.00089,0.00083,-0.01214,-0.01497,-0.01416
150,Health care and social assistance,0.00000,0.00000,,0.00000,0.00344,0.00458,0.00425,Health care and social assistance,0.01505,0.01584,0.01564,0.01505,0.01584,0.01564,0.00086,0.00115,0.00106,non-corporate,0.00086,0.00115,0.00106,0.00086,0.00115,0.00106,-0.01923,-0.02364,-0.02239
151,Information,0.00000,0.00000,,0.00000,0.01104,0.01498,0.01381,Information,0.05707,0.06147,0.06036,0.05707,0.06147,0.06036,0.00277,0.00375,0.00346,non-corporate,0.00277,0.00375,0.00346,0.00277,0.00375,0.00346,-0.09451,-0.11350,-0.10822
152,Management of companies and enterprises,0.00000,0.00000,,0.00000,0.00230,0.00303,0.00281,Management of companies and enterprises,0.00965,0.01008,0.00998,0.00965,0.01008,0.00998,0.00058,0.00076,0.00071,non-corporate,0.00058,0.00076,0.00071,0.00058,0.00076,0.00071,-0.00999,-0.01228,-0.01163
153,Manufacturing,0.00000,0.00000,,0.00000,0.00302,0.00406,0.00375,Manufacturing,0.01369,0.01470,0.01444,0.01369,0.01470,0.01444,0.00076,0.00102,0.00094,non-corporate,0.00076,0.00102,0.00094,0.00076,0.00102,0.00094,-0.01953,-0.02394,-0.02269
154,Mining,0.00000,0.00000,,0.00000,0.00568,0.00788,0.00721,Mining,0.03073,0.03382,0.03299,0.03073,0.03382,0.03299,0.00142,0.00197,0.00181,non-corporate,0.00142,0.00197,0.00181,0.00142,0.00197,0.00181,-0.04800,-0.05929,-0.05608
155,"Other services, except government",0.00000,0.00000,,0.00000,0.00235,0.00317,0.00292,"Other services, except government",0.01033,0.01103,0.01085,0.01033,0.01103,0.01085,0.00059,0.00079,0.00073,non-corporate,0.00059,0.00079,0.00073,0.00059,0.00079,0.00073,-0.01562,-0.01918,-0.01817
156,"Professional, scientific, and technical services",0.00000,0.00000,,0.00000,0.00611,0.00806,0.00748,"Professional, scientific, and technical services",0.02996,0.03140,0.03105,0.02996,0.03140,0.03105,0.00153,0.00202,0.00188,non-corporate,0.00153,0.00202,0.00188,0.00153,0.00202,0.00188,-0.02694,-0.03329,-0.03149
157,Real estate and rental and leasing,0.00000,0.00000,,0.00000,0.00031,0.00042,0.00039,Real estate and rental and leasing,0.00122,0.00132,0.00129,0.00122,0.00132,0.00129,0.00008,0.00011,0.00010,non-corporate,0.00008,0.00011,0.00010,0.00008,0.00011,0.00010,-0.00251,-0.00303,-0.00289
159,Transportation and warehousing,0.00000,0.00000,,0.00000,0.00626,0.00879,0.00803,Transportation and warehousing,0.03277,0.03643,0.03546,0.03277,0.03643,0.03546,0.00157,0.00220,0.00201,non-corporate,0.00157,0.00220,0.00201,0.00157,0.00220,0.00201,-0.06531,-0.07898,-0.07515
162,Overall,0.00000,0.00000,,0.00000,0.14492,0.19076,0.17597,Overall,0.24417,0.27601,0.27773,0.18676,0.25080,0.24051,0.01071,0.02974,0.02361,corporate,0.01071,0.02974,0.02361,0.01071,0.02974,0.02361,-0.01942,-0.05089,-0.04249
163,Overall,0.00000,0.00000,,0.00000,0.00166,0.00226,0.00208,Overall,0.00680,0.00734,0.00720,0.00680,0.00734,0.00720,0.00042,0.00057,0.00052,non-corporate,0.00042,0.00057,0.00052,0.00042,0.00057,0.00052,-0.01280,-0.01552,-0.01475
