,Y,asset_name,assets,bea_asset_code,delta,eatr_d,eatr_e,eatr_mix,major_asset_group,metr_d,metr_e,metr_mix,mettr_d,mettr_e,mettr_mix,minor_asset_group,rho_d,rho_e,rho_mix,tax_treat,tax_wedge_d,tax_wedge_e,tax_wedge_mix,ucc_d,ucc_e,ucc_mix,z_d,z_e,z_mix
0,0.00000,Prepackaged software,0.00000,ENS1,0.00000,0.11476,0.15431,0.14157,Equipment,0.01301,0.22560,0.19977,0.00995,0.20499,0.17300,Computers and Software,0.00036,0.01690,0.01158,corporate,0.00036,0.01690,0.01158,0.00036,0.01690,0.01158,-0.03173,-0.05161,-0.04538
1,0.00000,Custom software,0.00000,ENS2,0.00000,0.10255,0.13444,0.12410,Equipment,-0.13656,0.15677,0.11698,-0.10445,0.14244,0.10130,Computers and Software,-0.00340,0.01078,0.00620,corporate,-0.00340,0.01078,0.00620,-0.00340,0.01078,0.00620,-0.03173,-0.05161,-0.04538
2,0.00000,Mainframes,0.00000,EP1A,0.00000,0.11890,0.16098,0.14745,Equipment,0.05717,0.24624,0.22456,0.04373,0.22374,0.19447,Computers and Software,0.00163,0.01895,0.01339,corporate,0.00163,0.01895,0.01339,0.00163,0.01895,0.01339,-0.04214,-0.06750,-0.05963
3,0.00000,PCs,0.00000,EP1B,0.00000,0.11890,0.16098,0.14745,Equipment,0.05717,0.24624,0.22456,0.04373,0.22374,0.19447,Computers and Software,0.00163,0.01895,0.01339,corporate,0.00163,0.01895,0.01339,0.00163,0.01895,0.01339,-0.04214,-0.06750,-0.05963
4,0.00000,DASDs,0.00000,EP1C,0.00000,0.11890,0.16098,0.14745,Equipment,0.05717,0.24624,0.22456,0.04373,0.22374,0.19447,Computers and Software,0.00163,0.01895,0.01339,corporate,0.00163,0.01895,0.01339,0.00163,0.01895,0.01339,-0.04214,-0.06750,-0.05963
5,0.00000,Printers,0.00000,EP1D,0.00000,0.11890,0.16098,0.14745,Equipment,0.05717,0.24624,0.22456,0.04373,0.22374,0.19447,Computers and Software,0.00163,0.01895,0.01339,corporate,0.00163,0.01895,0.01339,0.00163,0.01895,0.01339,-0.04214,-0.06750,-0.05963
6,0.00000,Terminals,0.00000,EP1E,0.00000,0.11890,0.16098,0.14745,Equipment,0.05717,0.24624,0.22456,0.04373,0.22374,0.19447,Computers and Software,0.00163,0.01895,0.01339,corporate,0.00163,0.01895,0.01339,0.00163,0.01895,0.01339,-0.04214,-0.06750,-0.05963
7,0.00000,Tape drives,0.00000,EP1F,0.00000,0.11890,0.16098,0.14745,Equipment,0.05717,0.24624,0.22456,0.04373,0.22374,0.19447,Computers and Software,0.00163,0.01895,0.01339,corporate,0.00163,0.01895,0.01339,0.00163,0.01895,0.01339,-0.04214,-0.06750,-0.05963
8,0.00000,Storage devices,0.00000,EP1G,0.00000,0.11890,0.16098,0.14745,Equipment,0.05717,0.24624,0.22456,0.04373,0.22374,0.19447,Computers and Software,0.00163,0.01895,0.01339,corporate,0.00163,0.01895,0.01339,0.00163,0.01895,0.01339,-0.04214,-0.06750,-0.05963
9,0.00000,System integrators,0.00000,EP1H,0.00000,0.11890,0.16098,0.14745,Equipment,0.05717,0.24624,0.22456,0.04373,0.22374,0.19447,Computers and Software,0.00163,0.01895,0.01339,corporate,0.00163,0.01895,0.01339,0.00163,0.01895,0.01339,-0.04214,-0.06750,-0.05963
10,0.00000,Special industrial machinery,0.00000,EI40,0.00000,0.09586,0.12493,0.11537,Equipment,-0.23320,0.11927,0.06956,-0.17837,0.10838,0.06023,Industrial Machinery,-0.00546,0.00785,0.00352,corporate,-0.00546,0.00785,0.00352,-0.00546,0.00785,0.00352,-0.05746,-0.09055,-0.08040
11,0.00000,General industrial equipment,0.00000,EI50,0.00000,0.09627,0.12558,0.11594,Equipment,-0.22689,0.12194,0.07283,-0.17354,0.11080,0.06307,Industrial Machinery,-0.00533,0.00805,0.00369,corporate,-0.00533,0.00805,0.00369,-0.00533,0.00805,0.00369,-0.05746,-0.09055,-0.08040
12,0.00000,Office and accounting equipment,0.00000,EP12,0.00000,0.10774,0.14309,0.13165,Equipment,-0.06922,0.18818,0.15459,-0.05294,0.17099,0.13387,Instruments and Communications Equipment,-0.00180,0.01344,0.00852,corporate,-0.00180,0.01344,0.00852,-0.00180,0.01344,0.00852,-0.04214,-0.06750,-0.05963
13,0.00000,Communications,0.00000,EP20,0.00000,0.09684,0.12648,0.11675,Equipment,-0.21820,0.12562,0.07735,-0.16689,0.11414,0.06699,Instruments and Communications Equipment,-0.00515,0.00833,0.00394,corporate,-0.00515,0.00833,0.00394,-0.00515,0.00833,0.00394,-0.05746,-0.09055,-0.08040
14,0.00000,Photocopy and related equipment,0.00000,EP31,0.00000,0.09801,0.12751,0.11788,Equipment,-0.20082,0.12979,0.08369,-0.15360,0.11793,0.07247,Instruments and Communications Equipment,-0.00480,0.00865,0.00429,corporate,-0.00480,0.00865,0.00429,-0.00480,0.00865,0.00429,-0.04214,-0.06750,-0.05963
15,0.00000,Nonelectro medical instruments,0.00000,EP34,0.00000,0.09907,0.12998,0.11986,Equipment,-0.18536,0.13960,0.09451,-0.14178,0.12684,0.08184,Instruments and Communications Equipment,-0.00447,0.00941,0.00490,corporate,-0.00447,0.00941,0.00490,-0.00447,0.00941,0.00490,-0.05746,-0.09055,-0.08040
16,0.00000,Electro medical instruments,0.00000,EP35,0.00000,0.09907,0.12998,0.11986,Equipment,-0.18536,0.13960,0.09451,-0.14178,0.12684,0.08184,Instruments and Communications Equipment,-0.00447,0.00941,0.00490,corporate,-0.00447,0.00941,0.00490,-0.00447,0.00941,0.00490,-0.05746,-0.09055,-0.08040
17,0.00000,Nonmedical instruments,0.00000,EP36,0.00000,0.09907,0.12998,0.11986,Equipment,-0.18536,0.13960,0.09451,-0.14178,0.12684,0.08184,Instruments and Communications Equipment,-0.00447,0.00941,0.00490,corporate,-0.00447,0.00941,0.00490,-0.00447,0.00941,0.00490,-0.05746,-0.09055,-0.08040
18,0.00000,Household furniture,0.00000,EO11,0.00000,0.09487,0.12249,0.11345,Equipment,-0.24847,0.10914,0.05850,-0.19005,0.09917,0.05066,Office and Residential Equipment,-0.00576,0.00711,0.00292,corporate,-0.00576,0.00711,0.00292,-0.00576,0.00711,0.00292,-0.04214,-0.06750,-0.05963
19,0.00000,Other furniture,0.00000,EO12,0.00000,0.09735,0.12727,0.11745,Equipment,-0.21065,0.12882,0.08129,-0.16112,0.11705,0.07039,Office and Residential Equipment,-0.00500,0.00858,0.00416,corporate,-0.00500,0.00858,0.00416,-0.00500,0.00858,0.00416,-0.05746,-0.09055,-0.08040
20,0.00000,Household appliances,0.00000,EO71,0.00000,0.09690,0.12574,0.11632,Equipment,-0.21732,0.12261,0.07494,-0.16622,0.11141,0.06490,Office and Residential Equipment,-0.00514,0.00811,0.00381,corporate,-0.00514,0.00811,0.00381,-0.00514,0.00811,0.00381,-0.04214,-0.06750,-0.05963
21,0.00000,Service industry machinery,0.00000,EO60,0.00000,0.10086,0.13280,0.12236,Equipment,-0.15988,0.15053,0.10791,-0.12229,0.13678,0.09345,Other Equipment,-0.00392,0.01028,0.00567,corporate,-0.00392,0.01028,0.00567,-0.00392,0.01028,0.00567,-0.05746,-0.09055,-0.08040
22,0.00000,Other electrical,0.00000,EO72,0.00000,0.10393,0.13765,0.12667,Equipment,-0.11796,0.16870,0.13012,-0.09022,0.15328,0.11268,Other Equipment,-0.00297,0.01177,0.00699,corporate,-0.00297,0.01177,0.00699,-0.00297,0.01177,0.00699,-0.05746,-0.09055,-0.08040
23,0.00000,Other,0.00000,EO80,0.00000,0.10030,0.13193,0.12159,Equipment,-0.16766,0.14718,0.10381,-0.12824,0.13373,0.08989,Other Equipment,-0.00409,0.01001,0.00543,corporate,-0.00409,0.01001,0.00543,-0.00409,0.01001,0.00543,-0.05746,-0.09055,-0.08040
24,0.00000,Nuclear fuel,0.00000,EI11,0.00000,0.10317,0.13578,0.12519,Equipment,-0.12813,0.16179,0.12261,-0.09801,0.14700,0.10617,Other Industrial Equipment,-0.00321,0.01119,0.00654,corporate,-0.00321,0.01119,0.00654,-0.00321,0.01119,0.00654,-0.04214,-0.06750,-0.05963
25,0.00000,Other fabricated metals,0.00000,EI12,0.00000,0.09471,0.12312,0.11376,Equipment,-0.25102,0.11178,0.06033,-0.19200,0.10156,0.05225,Other Industrial Equipment,-0.00581,0.00730,0.00302,corporate,-0.00581,0.00730,0.00302,-0.00581,0.00730,0.00302,-0.05746,-0.09055,-0.08040
26,0.00000,Metalworking machinery,0.00000,EI30,0.00000,0.09781,0.12800,0.11810,Equipment,-0.20377,0.13175,0.08488,-0.15585,0.11971,0.07350,Other Industrial Equipment,-0.00486,0.00880,0.00436,corporate,-0.00486,0.00880,0.00436,-0.00486,0.00880,0.00436,-0.05746,-0.09055,-0.08040
27,0.00000,Electric transmission and distribution,0.00000,EI60,0.00000,0.09981,0.13437,0.12293,Equipment,-0.17466,0.15648,0.11089,-0.13359,0.14218,0.09602,Other Industrial Equipment,-0.00424,0.01076,0.00584,corporate,-0.00424,0.01076,0.00584,-0.00424,0.01076,0.00584,-0.12535,-0.18502,-0.16763
28,0.00000,Farm tractors,0.00000,EO21,0.00000,0.10009,0.13160,0.12129,Equipment,-0.17066,0.14590,0.10223,-0.13053,0.13257,0.08853,Other Industrial Equipment,-0.00416,0.00991,0.00534,corporate,-0.00416,0.00991,0.00534,-0.00416,0.00991,0.00534,-0.05746,-0.09055,-0.08040
29,0.00000,Construction tractors,0.00000,EO22,0.00000,0.09678,0.12554,0.11614,Equipment,-0.21921,0.12179,0.07394,-0.16766,0.11066,0.06403,Other Industrial Equipment,-0.00517,0.00804,0.00375,corporate,-0.00517,0.00804,0.00375,-0.00517,0.00804,0.00375,-0.04214,-0.06750,-0.05963
30,0.00000,Other agricultural machinery,0.00000,EO30,0.00000,0.09735,0.12727,0.11745,Equipment,-0.21065,0.12882,0.08129,-0.16112,0.11705,0.07039,Other Industrial Equipment,-0.00500,0.00858,0.00416,corporate,-0.00500,0.00858,0.00416,-0.00500,0.00858,0.00416,-0.05746,-0.09055,-0.08040
31,0.00000,Other construction machinery,0.00000,EO40,0.00000,0.09617,0.12456,0.11527,Equipment,-0.22851,0.11776,0.06902,-0.17478,0.10700,0.05977,Other Industrial Equipment,-0.00536,0.00774,0.00349,corporate,-0.00536,0.00774,0.00349,-0.00536,0.00774,0.00349,-0.04214,-0.06750,-0.05963
32,0.00000,Mining and oilfield machinery,0.00000,EO50,0.00000,0.10057,0.13236,0.12197,Equipment,-0.16383,0.14883,0.10582,-0.12531,0.13523,0.09164,Other Industrial Equipment,-0.00401,0.01014,0.00555,corporate,-0.00401,0.01014,0.00555,-0.00401,0.01014,0.00555,-0.05746,-0.09055,-0.08040
33,0.00000,Steam engines,0.00000,EI21,0.00000,0.10016,0.13489,0.12340,Equipment,-0.16967,0.15843,0.11334,-0.12977,0.14395,0.09815,Transportation Equipment,-0.00413,0.01092,0.00599,corporate,-0.00413,0.01092,0.00599,-0.00413,0.01092,0.00599,-0.12535,-0.18502,-0.16763
34,0.00000,Internal combustion engines,0.00000,EI22,0.00000,0.10624,0.14128,0.12989,Equipment,-0.08805,0.18179,0.14609,-0.06735,0.16518,0.12651,Transportation Equipment,-0.00226,0.01289,0.00798,corporate,-0.00226,0.01289,0.00798,-0.00226,0.01289,0.00798,-0.05746,-0.09055,-0.08040
35,0.00000,Light trucks (including utility vehicles),0.00000,ET11,0.00000,0.09746,0.12663,0.11710,Equipment,-0.20902,0.12621,0.07933,-0.15988,0.11468,0.06870,Transportation Equipment,-0.00497,0.00838,0.00405,corporate,-0.00497,0.00838,0.00405,-0.00497,0.00838,0.00405,-0.04214,-0.06750,-0.05963
36,0.00000,"Other trucks, buses and truck trailers",0.00000,ET12,0.00000,0.09746,0.12663,0.11710,Equipment,-0.20902,0.12621,0.07933,-0.15988,0.11468,0.06870,Transportation Equipment,-0.00497,0.00838,0.00405,corporate,-0.00497,0.00838,0.00405,-0.00497,0.00838,0.00405,-0.04214,-0.06750,-0.05963
37,0.00000,Autos,0.00000,ET20,0.00000,0.10931,0.14562,0.13388,Equipment,-0.04990,0.19692,0.16516,-0.03817,0.17893,0.14302,Transportation Equipment,-0.00132,0.01422,0.00921,corporate,-0.00132,0.01422,0.00921,-0.00132,0.01422,0.00921,-0.04214,-0.06750,-0.05963
38,0.00000,Aircraft,0.00000,ET30,0.00000,0.09107,0.11640,0.10806,Equipment,-0.31034,0.08272,0.02615,-0.23737,0.07516,0.02265,Transportation Equipment,-0.00693,0.00523,0.00127,corporate,-0.00693,0.00523,0.00127,-0.00693,0.00523,0.00127,-0.04214,-0.06750,-0.05963
39,0.00000,Ships and boats,0.00000,ET40,0.00000,0.09500,0.12474,0.11489,Equipment,-0.24657,0.11850,0.06683,-0.18859,0.10767,0.05787,Transportation Equipment,-0.00572,0.00780,0.00337,corporate,-0.00572,0.00780,0.00337,-0.00572,0.00780,0.00337,-0.07897,-0.12158,-0.10874
40,0.00000,Railroad equipment,0.00000,ET50,0.00000,0.09141,0.11792,0.10915,Equipment,-0.30455,0.08948,0.03284,-0.23294,0.08130,0.02843,Transportation Equipment,-0.00683,0.00570,0.00160,corporate,-0.00683,0.00570,0.00160,-0.00683,0.00570,0.00160,-0.05746,-0.09055,-0.08040
41,0.00000,Theatrical movies,0.00000,AE10,0.00000,0.10733,0.15015,0.13645,Intellectual Property,-0.07425,0.21212,0.17702,-0.05679,0.19274,0.15330,Intellectual Property,-0.00193,0.01562,0.01000,corporate,-0.00193,0.01562,0.01000,-0.00193,0.01562,0.01000,-0.11634,-0.19205,-0.17129
42,0.00000,Long-lived television programs,0.00000,AE20,0.00000,0.10733,0.15015,0.13645,Intellectual Property,-0.07425,0.21212,0.17702,-0.05679,0.19274,0.15330,Intellectual Property,-0.00193,0.01562,0.01000,corporate,-0.00193,0.01562,0.01000,-0.00193,0.01562,0.01000,-0.07187,-0.12832,-0.11194
43,0.00000,Books,0.00000,AE30,0.00000,0.10733,0.15015,0.13645,Intellectual Property,-0.07425,0.21212,0.17702,-0.05679,0.19274,0.15330,Intellectual Property,-0.00193,0.01562,0.01000,corporate,-0.00193,0.01562,0.01000,-0.00193,0.01562,0.01000,-0.09450,-0.16201,-0.14299
44,0.00000,Music,0.00000,AE40,0.00000,0.10733,0.15015,0.13645,Intellectual Property,-0.07425,0.21212,0.17702,-0.05679,0.19274,0.15330,Intellectual Property,-0.00193,0.01562,0.01000,corporate,-0.00193,0.01562,0.01000,-0.00193,0.01562,0.01000,-0.04776,-0.08923,-0.07681
45,0.00000,Other entertainment originals,0.00000,AE50,0.00000,0.10733,0.15015,0.13645,Intellectual Property,-0.07425,0.21212,0.17702,-0.05679,0.19274,0.15330,Intellectual Property,-0.00193,0.01562,0.01000,corporate,-0.00193,0.01562,0.01000,-0.00193,0.01562,0.01000,-0.10277,-0.17365,-0.15389
46,0.00000,Own account software,0.00000,ENS3,0.00000,0.08266,0.09940,0.09404,Intellectual Property,-0.46539,0.00000,-0.06844,-0.35596,0.00000,-0.05926,Intellectual Property,-0.00952,0.00000,-0.00305,corporate,-0.00952,0.00000,-0.00305,-0.00952,0.00000,-0.00305,0.00000,0.00000,0.00000
47,0.00000,Pharmaceutical and medicine manufacturing,0.00000,RD11,0.00000,0.08266,0.09940,0.09404,Intellectual Property,-0.46539,0.00000,-0.06844,-0.35596,0.00000,-0.05926,Intellectual Property,-0.00952,0.00000,-0.00305,corporate,-0.00952,0.00000,-0.00305,-0.00952,0.00000,-0.00305,0.00000,0.00000,0.00000
48,0.00000,"Chemical manufacturing, ex. pharma and med",0.00000,RD12,0.00000,0.08266,0.09940,0.09404,Intellectual Property,-0.46539,-0.00000,-0.06844,-0.35596,-0.00000,-0.05926,Intellectual Property,-0.00952,-0.00000,-0.00305,corporate,-0.00952,-0.00000,-0.00305,-0.00952,-0.00000,-0.00305,0.00000,0.00000,0.00000
49,0.00000,Computers and peripheral equipment manufacturing,0.00000,RD21,0.00000,0.08266,0.09940,0.09404,Intellectual Property,-0.46539,0.00000,-0.06844,-0.35596,0.00000,-0.05926,Intellectual Property,-0.00952,0.00000,-0.00305,corporate,-0.00952,0.00000,-0.00305,-0.00952,0.00000,-0.00305,0.00000,0.00000,0.00000
50,0.00000,Communications equipment manufacturing,0.00000,RD22,0.00000,0.08266,0.09940,0.09404,Intellectual Property,-0.46539,0.00000,-0.06844,-0.35596,0.00000,-0.05926,Intellectual Property,-0.00952,0.00000,-0.00305,corporate,-0.00952,0.00000,-0.00305,-0.00952,0.00000,-0.00305,0.00000,0.00000,0.00000
51,0.00000,Semiconductor and other component manufacturing,0.00000,RD23,0.00000,0.08266,0.09940,0.09404,Intellectual Property,-0.46539,0.00000,-0.06844,-0.35596,0.00000,-0.05926,Intellectual Property,-0.00952,0.00000,-0.00305,corporate,-0.00952,0.00000,-0.00305,-0.00952,0.00000,-0.00305,0.00000,0.00000,0.00000
52,0.00000,Navigational and other instruments manufacturing,0.00000,RD24,0.00000,0.08266,0.09940,0.09404,Intellectual Property,-0.46539,0.00000,-0.06844,-0.35596,0.00000,-0.05926,Intellectual Property,-0.00952,0.00000,-0.00305,corporate,-0.00952,0.00000,-0.00305,-0.00952,0.00000,-0.00305,0.00000,0.00000,0.00000
53,0.00000,"Other computer and electronic manufacturing, n.e.c.",0.00000,RD25,0.00000,0.08266,0.09940,0.09404,Intellectual Property,-0.46539,0.00000,-0.06844,-0.35596,0.00000,-0.05926,Intellectual Property,-0.00952,0.00000,-0.00305,corporate,-0.00952,0.00000,-0.00305,-0.00952,0.00000,-0.00305,0.00000,0.00000,0.00000
54,0.00000,Motor vehicles and parts manufacturing,0.00000,RD31,0.00000,0.08266,0.09940,0.09404,Intellectual Property,-0.46539,0.00000,-0.06844,-0.35596,0.00000,-0.05926,Intellectual Property,-0.00952,0.00000,-0.00305,corporate,-0.00952,0.00000,-0.00305,-0.00952,0.00000,-0.00305,0.00000,0.00000,0.00000
55,0.00000,Aerospace products and parts manufacturing,0.00000,RD32,0.00000,0.08266,0.09940,0.09404,Intellectual Property,-0.46539,0.00000,-0.06844,-0.35596,0.00000,-0.05926,Intellectual Property,-0.00952,0.00000,-0.00305,corporate,-0.00952,0.00000,-0.00305,-0.00952,0.00000,-0.00305,0.00000,0.00000,0.00000
56,0.00000,Software publishers,0.00000,RD40,0.00000,0.09644,0.12451,0.11536,Intellectual Property,-0.22434,0.11755,0.06951,-0.17159,0.10681,0.06019,Intellectual Property,-0.00528,0.00773,0.00351,corporate,-0.00528,0.00773,0.00351,-0.00528,0.00773,0.00351,-0.03173,-0.05161,-0.04538
57,0.00000,Financial and real estate services,0.00000,RD50,0.00000,0.08266,0.09940,0.09404,Intellectual Property,-0.46539,-0.00000,-0.06844,-0.35596,-0.00000,-0.05926,Intellectual Property,-0.00952,-0.00000,-0.00305,corporate,-0.00952,-0.00000,-0.00305,-0.00952,-0.00000,-0.00305,0.00000,0.00000,0.00000
58,0.00000,Computer systems design and related services,0.00000,RD60,0.00000,0.10421,0.13715,0.12648,Intellectual Property,-0.11426,0.16686,0.12916,-0.08739,0.15162,0.11185,Intellectual Property,-0.00289,0.01162,0.00693,corporate,-0.00289,0.01162,0.00693,-0.00289,0.01162,0.00693,-0.03173,-0.05161,-0.04538
59,0.00000,Scientific research and development services,0.00000,RD70,0.00000,0.08266,0.09940,0.09404,Intellectual Property,-0.46539,-0.00000,-0.06844,-0.35596,-0.00000,-0.05926,Intellectual Property,-0.00952,-0.00000,-0.00305,corporate,-0.00952,-0.00000,-0.00305,-0.00952,-0.00000,-0.00305,0.00000,0.00000,0.00000
60,0.00000,"All other nonmanufacturing, n.e.c.",0.00000,RD80,0.00000,0.08266,0.09940,0.09404,Intellectual Property,-0.46539,-0.00000,-0.06844,-0.35596,-0.00000,-0.05926,Intellectual Property,-0.00952,-0.00000,-0.00305,corporate,-0.00952,-0.00000,-0.00305,-0.00952,-0.00000,-0.00305,0.00000,0.00000,0.00000
61,0.00000,Private universities and colleges,0.00000,RD91,0.00000,0.09311,0.11909,0.11060,Intellectual Property,-0.27665,0.09458,0.04161,-0.21160,0.08593,0.03604,Intellectual Property,-0.00630,0.00606,0.00205,corporate,-0.00630,0.00606,0.00205,-0.00630,0.00606,0.00205,-0.03173,-0.05161,-0.04538
62,0.00000,Other nonprofit institutions,0.00000,RD92,0.00000,0.09311,0.11909,0.11060,Intellectual Property,-0.27665,0.09458,0.04161,-0.21160,0.08593,0.03604,Intellectual Property,-0.00630,0.00606,0.00205,corporate,-0.00630,0.00606,0.00205,-0.00630,0.00606,0.00205,-0.03173,-0.05161,-0.04538
63,0.00000,Other manufacturing,0.00000,RDOM,0.00000,0.08266,0.09940,0.09404,Intellectual Property,-0.46539,-0.00000,-0.06844,-0.35596,-0.00000,-0.05926,Intellectual Property,-0.00952,-0.00000,-0.00305,corporate,-0.00952,-0.00000,-0.00305,-0.00952,0.00000,-0.00305,0.00000,0.00000,0.00000
64,0.00000,Inventories,0.00000,INV,0.00000,0.09786,0.14462,0.12972,Inventories,-0.04949,0.14619,0.12032,-0.03785,0.13283,0.10419,Inventories,-0.00225,0.01764,0.01130,corporate,-0.00225,0.01764,0.01130,-0.00225,0.01764,0.01130,0.00000,0.00000,0.00000
65,0.00000,Land,0.00000,LAND,0.00000,0.09240,0.14000,0.12477,Land,-0.10950,0.14000,0.10794,-0.08376,0.12721,0.09347,Land,-0.00436,0.01581,0.00936,corporate,-0.00436,0.01581,0.00936,-0.00436,0.01581,0.00936,0.00000,0.00000,0.00000
66,0.00000,Petroleum and natural gas,0.00000,SM01,0.00000,0.09027,0.11512,0.10694,Structures,-0.32389,0.07699,0.01913,-0.24773,0.06995,0.01656,Mining and Drilling Structures,-0.00718,0.00484,0.00092,corporate,-0.00718,0.00484,0.00092,-0.00718,0.00484,0.00092,-0.04214,-0.06750,-0.05963
67,0.00000,Mining,0.00000,SM02,0.00000,0.09002,0.11572,0.10719,Structures,-0.32831,0.07969,0.02073,-0.25111,0.07241,0.01796,Mining and Drilling Structures,-0.00726,0.00502,0.00100,corporate,-0.00726,0.00502,0.00100,-0.00726,0.00502,0.00100,-0.05746,-0.09055,-0.08040
68,0.00000,Communication,0.00000,SU20,0.00000,0.09404,0.12585,0.11521,Structures,-0.26164,0.12306,0.06866,-0.20012,0.11182,0.05946,Mining and Drilling Structures,-0.00602,0.00814,0.00347,corporate,-0.00602,0.00814,0.00347,-0.00602,0.00814,0.00347,-0.12535,-0.18502,-0.16763
69,0.00000,Gas,0.00000,SU40,0.00000,0.09027,0.11512,0.10694,Structures,-0.32389,0.07699,0.01913,-0.24773,0.06995,0.01656,Mining and Drilling Structures,-0.00718,0.00484,0.00092,corporate,-0.00718,0.00484,0.00092,-0.00718,0.00484,0.00092,-0.04214,-0.06750,-0.05963
70,0.00000,Petroleum pipelines,0.00000,SU50,0.00000,0.08648,0.10905,0.10157,Structures,-0.39148,0.04870,-0.01564,-0.29943,0.04425,-0.01354,Mining and Drilling Structures,-0.00834,0.00297,-0.00073,corporate,-0.00834,0.00297,-0.00073,-0.00834,0.00297,-0.00073,-0.04214,-0.06750,-0.05963
71,0.00000,Religious,0.00000,SB10,0.00000,0.08967,0.13059,0.11700,Structures,-0.16840,0.12304,0.08314,-0.12880,0.11180,0.07199,Nonresidential Buildings,-0.00576,0.01215,0.00625,corporate,-0.00576,0.01215,0.00625,-0.00576,0.01215,0.00625,0.05243,0.00000,0.01231
72,0.00000,Educational and vocational,0.00000,SB20,0.00000,0.09120,0.13557,0.12092,Structures,-0.13532,0.13272,0.09663,-0.10350,0.12059,0.08368,Nonresidential Buildings,-0.00501,0.01409,0.00783,corporate,-0.00501,0.01409,0.00783,-0.00501,0.01409,0.00783,0.05806,0.00000,0.01305
73,0.00000,Hospitals,0.00000,SB31,0.00000,0.09120,0.13557,0.12092,Structures,-0.13532,0.13272,0.09663,-0.10350,0.12059,0.08368,Nonresidential Buildings,-0.00501,0.01409,0.00783,corporate,-0.00501,0.01409,0.00783,-0.00501,0.01409,0.00783,0.05806,0.00000,0.01305
74,0.00000,Special care,0.00000,SB32,0.00000,0.09120,0.13557,0.12092,Structures,-0.13532,0.13272,0.09663,-0.10350,0.12059,0.08368,Nonresidential Buildings,-0.00501,0.01409,0.00783,corporate,-0.00501,0.01409,0.00783,-0.00501,0.01409,0.00783,0.05806,0.00000,0.01305
75,0.00000,Lodging,0.00000,SB41,0.00000,0.09404,0.13995,0.12492,Structures,-0.09429,0.13993,0.10841,-0.07212,0.12714,0.09388,Nonresidential Buildings,-0.00383,0.01579,0.00941,corporate,-0.00383,0.01579,0.00941,-0.00383,0.01579,0.00941,0.05806,0.00000,0.01305
76,0.00000,Air transportation,0.00000,SB43,0.00000,0.09269,0.13788,0.12303,Structures,-0.11282,0.13666,0.10307,-0.08629,0.12417,0.08925,Nonresidential Buildings,-0.00439,0.01499,0.00866,corporate,-0.00439,0.01499,0.00866,-0.00439,0.01499,0.00866,0.05806,0.00000,0.01305
77,0.00000,Other transportation,0.00000,SB45,0.00000,0.09269,0.13788,0.12303,Structures,-0.11282,0.13666,0.10307,-0.08629,0.12417,0.08925,Nonresidential Buildings,-0.00439,0.01499,0.00866,corporate,-0.00439,0.01499,0.00866,-0.00439,0.01499,0.00866,0.05806,0.00000,0.01305
78,0.00000,Warehouses,0.00000,SC01,0.00000,0.09233,0.13731,0.12251,Structures,-0.11814,0.13572,0.10154,-0.09036,0.12332,0.08793,Nonresidential Buildings,-0.00454,0.01477,0.00846,corporate,-0.00454,0.01477,0.00846,-0.00454,0.01477,0.00846,0.05806,0.00000,0.01305
79,0.00000,Other commercial,0.00000,SC02,0.00000,0.09346,0.13906,0.12411,Structures,-0.10210,0.13854,0.10615,-0.07810,0.12589,0.09192,Nonresidential Buildings,-0.00407,0.01545,0.00908,corporate,-0.00407,0.01545,0.00908,-0.00407,0.01545,0.00908,0.05806,0.00000,0.01305
80,0.00000,Multimerchandise shopping,0.00000,SC03,0.00000,0.09346,0.13906,0.12411,Structures,-0.10210,0.13854,0.10615,-0.07810,0.12589,0.09192,Nonresidential Buildings,-0.00407,0.01545,0.00908,corporate,-0.00407,0.01545,0.00908,-0.00407,0.01545,0.00908,0.05806,0.00000,0.01305
81,0.00000,Food and beverage establishments,0.00000,SC04,0.00000,0.09346,0.13906,0.12411,Structures,-0.10210,0.13854,0.10615,-0.07810,0.12589,0.09192,Nonresidential Buildings,-0.00407,0.01545,0.00908,corporate,-0.00407,0.01545,0.00908,-0.00407,0.01545,0.00908,0.05806,0.00000,0.01305
82,0.00000,Manufacturing,0.00000,SI00,0.00000,0.09505,0.14151,0.12634,Structures,-0.08134,0.14222,0.11217,-0.06221,0.12923,0.09714,Nonresidential Buildings,-0.00341,0.01640,0.00997,corporate,-0.00341,0.01640,0.00997,-0.00341,0.01640,0.00997,0.05806,0.00000,0.01305
83,0.00000,Public safety,0.00000,SO03,0.00000,0.09269,0.13788,0.12303,Structures,-0.11282,0.13666,0.10307,-0.08629,0.12417,0.08925,Nonresidential Buildings,-0.00439,0.01499,0.00866,corporate,-0.00439,0.01499,0.00866,-0.00439,0.01499,0.00866,0.05806,0.00000,0.01305
84,0.00000,Office,0.00000,SOO1,0.00000,0.09300,0.13835,0.12346,Structures,-0.10847,0.13742,0.10431,-0.08297,0.12487,0.09033,Nonresidential Buildings,-0.00426,0.01517,0.00883,corporate,-0.00426,0.01517,0.00883,-0.00426,0.01517,0.00883,0.05806,0.00000,0.01305
85,0.00000,Medical buildings,0.00000,SOO2,0.00000,0.09300,0.13835,0.12346,Structures,-0.10847,0.13742,0.10431,-0.08297,0.12487,0.09033,Nonresidential Buildings,-0.00426,0.01517,0.00883,corporate,-0.00426,0.01517,0.00883,-0.00426,0.01517,0.00883,0.05806,0.00000,0.01305
86,0.00000,Amusement and recreation,0.00000,SB42,0.00000,0.08851,0.11334,0.10508,Structures,-0.35471,0.06888,0.00736,-0.27131,0.06259,0.00637,Other Structures,-0.00772,0.00429,0.00035,corporate,-0.00772,0.00429,0.00035,-0.00772,0.00429,0.00035,-0.05746,-0.09055,-0.08040
87,0.00000,Local transit structures,0.00000,SB44,0.00000,0.09269,0.13788,0.12303,Structures,-0.11282,0.13666,0.10307,-0.08629,0.12417,0.08925,Other Structures,-0.00439,0.01499,0.00866,corporate,-0.00439,0.01499,0.00866,-0.00439,0.01499,0.00866,0.05806,0.00000,0.01305
88,0.00000,Other land transportation,0.00000,SB46,0.00000,0.08648,0.10905,0.10157,Structures,-0.39148,0.04870,-0.01564,-0.29943,0.04425,-0.01354,Other Structures,-0.00834,0.00297,-0.00073,corporate,-0.00834,0.00297,-0.00073,-0.00834,0.00297,-0.00073,-0.04214,-0.06750,-0.05963
89,0.00000,Farm,0.00000,SN00,0.00000,0.09696,0.13148,0.11998,Structures,-0.21650,0.14543,0.09520,-0.16559,0.13215,0.08244,Other Structures,-0.00512,0.00987,0.00494,corporate,-0.00512,0.00987,0.00494,-0.00512,0.00987,0.00494,-0.15685,-0.22382,-0.20485
90,0.00000,Water supply,0.00000,SO01,0.00000,0.09657,0.13093,0.11948,Structures,-0.22231,0.14330,0.09247,-0.17003,0.13021,0.08008,Other Structures,-0.00524,0.00970,0.00478,corporate,-0.00524,0.00970,0.00478,-0.00524,0.00970,0.00478,-0.15685,-0.22382,-0.20485
91,0.00000,Sewage and waste disposal,0.00000,SO02,0.00000,0.09657,0.13093,0.11948,Structures,-0.22231,0.14330,0.09247,-0.17003,0.13021,0.08008,Other Structures,-0.00524,0.00970,0.00478,corporate,-0.00524,0.00970,0.00478,-0.00524,0.00970,0.00478,-0.15685,-0.22382,-0.20485
92,0.00000,Highway and conservation and development,0.00000,SO04,0.00000,0.09378,0.12546,0.11486,Structures,-0.26584,0.12147,0.06665,-0.20333,0.11038,0.05772,Other Structures,-0.00610,0.00802,0.00336,corporate,-0.00610,0.00802,0.00336,-0.00610,0.00802,0.00336,-0.12535,-0.18502,-0.16763
93,0.00000,Mobile structures,0.00000,SOMO,0.00000,0.09108,0.11740,0.10868,Structures,-0.31013,0.08717,0.02999,-0.23721,0.07921,0.02597,Other Structures,-0.00693,0.00554,0.00146,corporate,-0.00693,0.00554,0.00146,-0.00693,0.00554,0.00146,-0.05746,-0.09055,-0.08040
94,0.00000,Other railroad,0.00000,SU11,0.00000,0.09523,0.12901,0.11772,Structures,-0.24297,0.13576,0.08281,-0.18584,0.12336,0.07171,Other Structures,-0.00565,0.00911,0.00424,corporate,-0.00565,0.00911,0.00424,-0.00565,0.00911,0.00424,-0.15685,-0.22382,-0.20485
95,0.00000,Track replacement,0.00000,SU12,0.00000,0.08800,0.11254,0.10436,Structures,-0.36388,0.06515,0.00274,-0.27832,0.05920,0.00237,Other Structures,-0.00788,0.00404,0.00013,corporate,-0.00788,0.00404,0.00013,-0.00788,0.00404,0.00013,-0.05746,-0.09055,-0.08040
96,0.00000,Electric,0.00000,SU30,0.00000,0.09347,0.12501,0.11445,Structures,-0.27077,0.11961,0.06429,-0.20710,0.10869,0.05567,Other Structures,-0.00619,0.00788,0.00323,corporate,-0.00619,0.00788,0.00323,-0.00619,0.00788,0.00323,-0.12535,-0.18502,-0.16763
97,0.00000,Wind and solar,0.00000,SU60,0.00000,0.08697,0.10983,0.10226,Structures,-0.38250,0.05243,-0.01105,-0.29256,0.04764,-0.00957,Other Structures,-0.00819,0.00321,-0.00052,corporate,-0.00819,0.00321,-0.00052,-0.00819,0.00321,-0.00052,-0.04214,-0.06750,-0.05963
98,0.00000,Residential,0.00000,RES,0.00000,0.08838,0.12920,0.11547,Structures,-0.19134,0.12001,0.07729,-0.14635,0.10904,0.06693,Residential Buildings,-0.00628,0.01161,0.00567,corporate,-0.00628,0.01161,0.00567,-0.00628,0.01161,0.00567,0.05632,0.00000,0.01378
99,0.00000,Prepackaged software,0.00000,ENS1,0.00000,0.02292,0.02931,0.02745,Equipment,0.11957,0.12235,0.12180,0.11957,0.12235,0.12180,Computers and Software,0.00574,0.00735,0.00688,non-corporate,0.00574,0.00735,0.00688,0.00574,0.00735,0.00688,-0.03858,-0.04816,-0.04541
100,0.00000,Custom software,0.00000,ENS2,0.00000,0.01435,0.01861,0.01736,Equipment,0.07870,0.08132,0.08071,0.07870,0.08132,0.08071,Computers and Software,0.00360,0.00466,0.00435,non-corporate,0.00360,0.00466,0.00435,0.00360,0.00466,0.00435,-0.03858,-0.04816,-0.04541
101,0.00000,Mainframes,0.00000,EP1A,0.00000,0.02581,0.03291,0.03084,Equipment,0.13249,0.13533,0.13480,0.13249,0.13533,0.13480,Computers and Software,0.00647,0.00825,0.00773,non-corporate,0.00647,0.00825,0.00773,0.00647,0.00825,0.00773,-0.05096,-0.06316,-0.05967
102,0.00000,PCs,0.00000,EP1B,0.00000,0.02581,0.03291,0.03084,Equipment,0.13249,0.13533,0.13480,0.13249,0.13533,0.13480,Computers and Software,0.00647,0.00825,0.00773,non-corporate,0.00647,0.00825,0.00773,0.00647,0.00825,0.00773,-0.05096,-0.06316,-0.05967
103,0.00000,DASDs,0.00000,EP1C,0.00000,0.02581,0.03291,0.03084,Equipment,0.13249,0.13533,0.13480,0.13249,0.13533,0.13480,Computers and Software,0.00647,0.00825,0.00773,non-corporate,0.00647,0.00825,0.00773,0.00647,0.00825,0.00773,-0.05096,-0.06316,-0.05967
104,0.00000,Printers,0.00000,EP1D,0.00000,0.02581,0.03291,0.03084,Equipment,0.13249,0.13533,0.13480,0.13249,0.13533,0.13480,Computers and Software,0.00647,0.00825,0.00773,non-corporate,0.00647,0.00825,0.00773,0.00647,0.00825,0.00773,-0.05096,-0.06316,-0.05967
105,0.00000,Terminals,0.00000,EP1E,0.00000,0.02581,0.03291,0.03084,Equipment,0.13249,0.13533,0.13480,0.13249,0.13533,0.13480,Computers and Software,0.00647,0.00825,0.00773,non-corporate,0.00647,0.00825,0.00773,0.00647,0.00825,0.00773,-0.05096,-0.06316,-0.05967
106,0.00000,Tape drives,0.00000,EP1F,0.00000,0.02581,0.03291,0.03084,Equipment,0.13249,0.13533,0.13480,0.13249,0.13533,0.13480,Computers and Software,0.00647,0.00825,0.00773,non-corporate,0.00647,0.00825,0.00773,0.00647,0.00825,0.00773,-0.05096,-0.06316,-0.05967
107,0.00000,Storage devices,0.00000,EP1G,0.00000,0.02581,0.03291,0.03084,Equipment,0.13249,0.13533,0.13480,0.13249,0.13533,0.13480,Computers and Software,0.00647,0.00825,0.00773,non-corporate,0.00647,0.00825,0.00773,0.00647,0.00825,0.00773,-0.05096,-0.06316,-0.05967
108,0.00000,System integrators,0.00000,EP1H,0.00000,0.02581,0.03291,0.03084,Equipment,0.13249,0.13533,0.13480,0.13249,0.13533,0.13480,Computers and Software,0.00647,0.00825,0.00773,non-corporate,0.00647,0.00825,0.00773,0.00647,0.00825,0.00773,-0.05096,-0.06316,-0.05967
109,0.00000,Special industrial machinery,0.00000,EI40,0.00000,0.00986,0.01337,0.01232,Equipment,0.05560,0.05977,0.05868,0.05560,0.05977,0.05868,Industrial Machinery,0.00247,0.00335,0.00309,non-corporate,0.00247,0.00335,0.00309,0.00247,0.00335,0.00309,-0.06910,-0.08496,-0.08046
110,0.00000,General industrial equipment,0.00000,EI50,0.00000,0.01015,0.01372,0.01265,Equipment,0.05711,0.06125,0.06017,0.05711,0.06125,0.06017,Industrial Machinery,0.00254,0.00344,0.00317,non-corporate,0.00254,0.00344,0.00317,0.00254,0.00344,0.00317,-0.06910,-0.08496,-0.08046
111,0.00000,Office and accounting equipment,0.00000,EP12,0.00000,0.01802,0.02325,0.02172,Equipment,0.09672,0.09957,0.09895,0.09672,0.09957,0.09895,Instruments and Communications Equipment,0.00452,0.00583,0.00544,non-corporate,0.00452,0.00583,0.00544,0.00452,0.00583,0.00544,-0.05096,-0.06316,-0.05967
112,0.00000,Communications,0.00000,EP20,0.00000,0.01055,0.01421,0.01312,Equipment,0.05921,0.06329,0.06224,0.05921,0.06329,0.06224,Instruments and Communications Equipment,0.00264,0.00356,0.00329,non-corporate,0.00264,0.00356,0.00329,0.00264,0.00356,0.00329,-0.06910,-0.08496,-0.08046
113,0.00000,Photocopy and related equipment,0.00000,EP31,0.00000,0.01123,0.01484,0.01377,Equipment,0.06279,0.06593,0.06514,0.06279,0.06593,0.06514,Instruments and Communications Equipment,0.00282,0.00372,0.00345,non-corporate,0.00282,0.00372,0.00345,0.00282,0.00372,0.00345,-0.05096,-0.06316,-0.05967
114,0.00000,Nonelectro medical instruments,0.00000,EP34,0.00000,0.01209,0.01610,0.01491,Equipment,0.06723,0.07114,0.07015,0.06723,0.07114,0.07015,Instruments and Communications Equipment,0.00303,0.00404,0.00374,non-corporate,0.00303,0.00404,0.00374,0.00303,0.00404,0.00374,-0.06910,-0.08496,-0.08046
115,0.00000,Electro medical instruments,0.00000,EP35,0.00000,0.01209,0.01610,0.01491,Equipment,0.06723,0.07114,0.07015,0.06723,0.07114,0.07015,Instruments and Communications Equipment,0.00303,0.00404,0.00374,non-corporate,0.00303,0.00404,0.00374,0.00303,0.00404,0.00374,-0.06910,-0.08496,-0.08046
116,0.00000,Nonmedical instruments,0.00000,EP36,0.00000,0.01209,0.01610,0.01491,Equipment,0.06723,0.07114,0.07015,0.06723,0.07114,0.07015,Instruments and Communications Equipment,0.00303,0.00404,0.00374,non-corporate,0.00303,0.00404,0.00374,0.00303,0.00404,0.00374,-0.06910,-0.08496,-0.08046
117,0.00000,Household furniture,0.00000,EO11,0.00000,0.00905,0.01213,0.01121,Equipment,0.05124,0.05454,0.05369,0.05124,0.05454,0.05369,Office and Residential Equipment,0.00227,0.00304,0.00281,non-corporate,0.00227,0.00304,0.00281,0.00227,0.00304,0.00281,-0.05096,-0.06316,-0.05967
118,0.00000,Other furniture,0.00000,EO12,0.00000,0.01090,0.01464,0.01352,Equipment,0.06104,0.06508,0.06404,0.06104,0.06508,0.06404,Office and Residential Equipment,0.00273,0.00367,0.00339,non-corporate,0.00273,0.00367,0.00339,0.00273,0.00367,0.00339,-0.06910,-0.08496,-0.08046
119,0.00000,Household appliances,0.00000,EO71,0.00000,0.01046,0.01388,0.01287,Equipment,0.05875,0.06194,0.06113,0.05875,0.06194,0.06113,Office and Residential Equipment,0.00262,0.00348,0.00322,non-corporate,0.00262,0.00348,0.00322,0.00262,0.00348,0.00322,-0.05096,-0.06316,-0.05967
120,0.00000,Service industry machinery,0.00000,EO60,0.00000,0.01333,0.01763,0.01636,Equipment,0.07358,0.07736,0.07642,0.07358,0.07736,0.07642,Other Equipment,0.00334,0.00442,0.00410,non-corporate,0.00334,0.00442,0.00410,0.00334,0.00442,0.00410,-0.06910,-0.08496,-0.08046
121,0.00000,Other electrical,0.00000,EO72,0.00000,0.01547,0.02026,0.01884,Equipment,0.08428,0.08787,0.08701,0.08428,0.08787,0.08701,Other Equipment,0.00388,0.00508,0.00472,non-corporate,0.00388,0.00508,0.00472,0.00388,0.00508,0.00472,-0.06910,-0.08496,-0.08046
122,0.00000,Other,0.00000,EO80,0.00000,0.01295,0.01716,0.01591,Equipment,0.07163,0.07545,0.07449,0.07163,0.07545,0.07449,Other Equipment,0.00325,0.00430,0.00399,non-corporate,0.00325,0.00430,0.00399,0.00325,0.00430,0.00399,-0.06910,-0.08496,-0.08046
123,0.00000,Nuclear fuel,0.00000,EI11,0.00000,0.01484,0.01931,0.01799,Equipment,0.08114,0.08409,0.08340,0.08114,0.08409,0.08340,Other Industrial Equipment,0.00372,0.00484,0.00451,non-corporate,0.00372,0.00484,0.00451,0.00372,0.00484,0.00451,-0.05096,-0.06316,-0.05967
124,0.00000,Other fabricated metals,0.00000,EI12,0.00000,0.00907,0.01239,0.01139,Equipment,0.05137,0.05564,0.05452,0.05137,0.05564,0.05452,Other Industrial Equipment,0.00227,0.00311,0.00286,non-corporate,0.00227,0.00311,0.00286,0.00227,0.00311,0.00286,-0.06910,-0.08496,-0.08046
125,0.00000,Metalworking machinery,0.00000,EI30,0.00000,0.01122,0.01503,0.01390,Equipment,0.06271,0.06672,0.06569,0.06271,0.06672,0.06569,Other Industrial Equipment,0.00281,0.00377,0.00348,non-corporate,0.00281,0.00377,0.00348,0.00281,0.00377,0.00348,-0.06910,-0.08496,-0.08046
126,0.00000,Electric transmission and distribution,0.00000,EI60,0.00000,0.01313,0.01821,0.01669,Equipment,0.07256,0.07968,0.07784,0.07256,0.07968,0.07784,Other Industrial Equipment,0.00329,0.00456,0.00418,non-corporate,0.00329,0.00456,0.00418,0.00329,0.00456,0.00418,-0.14733,-0.17554,-0.16773
127,0.00000,Farm tractors,0.00000,EO21,0.00000,0.01280,0.01698,0.01574,Equipment,0.07088,0.07472,0.07375,0.07088,0.07472,0.07375,Other Industrial Equipment,0.00321,0.00426,0.00394,non-corporate,0.00321,0.00426,0.00394,0.00321,0.00426,0.00394,-0.06910,-0.08496,-0.08046
128,0.00000,Construction tractors,0.00000,EO22,0.00000,0.01037,0.01378,0.01276,Equipment,0.05829,0.06149,0.06068,0.05829,0.06149,0.06068,Other Industrial Equipment,0.00260,0.00345,0.00320,non-corporate,0.00260,0.00345,0.00320,0.00260,0.00345,0.00320,-0.05096,-0.06316,-0.05967
129,0.00000,Other agricultural machinery,0.00000,EO30,0.00000,0.01090,0.01464,0.01352,Equipment,0.06104,0.06508,0.06404,0.06104,0.06508,0.06404,Other Industrial Equipment,0.00273,0.00367,0.00339,non-corporate,0.00273,0.00367,0.00339,0.00273,0.00367,0.00339,-0.06910,-0.08496,-0.08046
130,0.00000,Other construction machinery,0.00000,EO40,0.00000,0.00995,0.01325,0.01226,Equipment,0.05603,0.05926,0.05844,0.05603,0.05926,0.05844,Other Industrial Equipment,0.00249,0.00332,0.00307,non-corporate,0.00249,0.00332,0.00307,0.00249,0.00332,0.00307,-0.05096,-0.06316,-0.05967
131,0.00000,Mining and oilfield machinery,0.00000,EO50,0.00000,0.01314,0.01739,0.01613,Equipment,0.07259,0.07639,0.07544,0.07259,0.07639,0.07544,Other Industrial Equipment,0.00329,0.00436,0.00404,non-corporate,0.00329,0.00436,0.00404,0.00329,0.00436,0.00404,-0.06910,-0.08496,-0.08046
132,0.00000,Steam engines,0.00000,EI21,0.00000,0.01337,0.01849,0.01696,Equipment,0.07377,0.08082,0.07900,0.07377,0.08082,0.07900,Transportation Equipment,0.00335,0.00463,0.00425,non-corporate,0.00335,0.00463,0.00425,0.00335,0.00463,0.00425,-0.14733,-0.17554,-0.16773
133,0.00000,Internal combustion engines,0.00000,EI22,0.00000,0.01707,0.02222,0.02070,Equipment,0.09211,0.09558,0.09477,0.09211,0.09558,0.09477,Transportation Equipment,0.00428,0.00557,0.00519,non-corporate,0.00428,0.00557,0.00519,0.00428,0.00557,0.00519,-0.06910,-0.08496,-0.08046
134,0.00000,Light trucks (including utility vehicles),0.00000,ET11,0.00000,0.01085,0.01436,0.01332,Equipment,0.06077,0.06394,0.06314,0.06077,0.06394,0.06314,Transportation Equipment,0.00272,0.00360,0.00334,non-corporate,0.00272,0.00360,0.00334,0.00272,0.00360,0.00334,-0.05096,-0.06316,-0.05967
135,0.00000,"Other trucks, buses and truck trailers",0.00000,ET12,0.00000,0.01085,0.01436,0.01332,Equipment,0.06077,0.06394,0.06314,0.06077,0.06394,0.06314,Transportation Equipment,0.00272,0.00360,0.00334,non-corporate,0.00272,0.00360,0.00334,0.00272,0.00360,0.00334,-0.05096,-0.06316,-0.05967
136,0.00000,Autos,0.00000,ET20,0.00000,0.01912,0.02462,0.02301,Equipment,0.10198,0.10480,0.10420,0.10198,0.10480,0.10420,Transportation Equipment,0.00479,0.00617,0.00577,non-corporate,0.00479,0.00617,0.00577,0.00479,0.00617,0.00577,-0.05096,-0.06316,-0.05967
137,0.00000,Aircraft,0.00000,ET30,0.00000,0.00639,0.00884,0.00810,Equipment,0.03680,0.04034,0.03939,0.03680,0.04034,0.03939,Transportation Equipment,0.00160,0.00222,0.00203,non-corporate,0.00160,0.00222,0.00203,0.00160,0.00222,0.00203,-0.05096,-0.06316,-0.05967
138,0.00000,Ships and boats,0.00000,ET40,0.00000,0.00945,0.01316,0.01204,Equipment,0.05341,0.05891,0.05745,0.05341,0.05891,0.05745,Transportation Equipment,0.00237,0.00330,0.00302,non-corporate,0.00237,0.00330,0.00302,0.00237,0.00330,0.00302,-0.09420,-0.11453,-0.10881
139,0.00000,Railroad equipment,0.00000,ET50,0.00000,0.00678,0.00958,0.00873,Equipment,0.03896,0.04355,0.04231,0.03896,0.04355,0.04231,Transportation Equipment,0.00170,0.00240,0.00219,non-corporate,0.00170,0.00240,0.00219,0.00170,0.00240,0.00219,-0.06910,-0.08496,-0.08046
140,0.00000,Theatrical movies,0.00000,AE10,0.00000,0.01932,0.02661,0.02450,Intellectual Property,0.10292,0.11233,0.11018,0.10292,0.11233,0.11018,Intellectual Property,0.00484,0.00667,0.00614,non-corporate,0.00484,0.00667,0.00614,0.00484,0.00667,0.00614,-0.14576,-0.18085,-0.17141
141,0.00000,Long-lived television programs,0.00000,AE20,0.00000,0.01932,0.02661,0.02450,Intellectual Property,0.10292,0.11233,0.11018,0.10292,0.11233,0.11018,Intellectual Property,0.00484,0.00667,0.00614,non-corporate,0.00484,0.00667,0.00614,0.00484,0.00667,0.00614,-0.09276,-0.11939,-0.11204
142,0.00000,Books,0.00000,AE30,0.00000,0.01932,0.02661,0.02450,Intellectual Property,0.10292,0.11233,0.11018,0.10292,0.11233,0.11018,Intellectual Property,0.00484,0.00667,0.00614,non-corporate,0.00484,0.00667,0.00614,0.00484,0.00667,0.00614,-0.12013,-0.15170,-0.14310
143,0.00000,Music,0.00000,AE40,0.00000,0.01932,0.02661,0.02450,Intellectual Property,0.10292,0.11233,0.11018,0.10292,0.11233,0.11018,Intellectual Property,0.00484,0.00667,0.00614,non-corporate,0.00484,0.00667,0.00614,0.00484,0.00667,0.00614,-0.06268,-0.08242,-0.07688
144,0.00000,Other entertainment originals,0.00000,AE50,0.00000,0.01932,0.02661,0.02450,Intellectual Property,0.10292,0.11233,0.11018,0.10292,0.11233,0.11018,Intellectual Property,0.00484,0.00667,0.00614,non-corporate,0.00484,0.00667,0.00614,0.00484,0.00667,0.00614,-0.12992,-0.16296,-0.15400
145,0.00000,Own account software,0.00000,ENS3,0.00000,0.00000,0.00000,0.00000,Intellectual Property,0.00000,0.00000,0.00000,0.00000,0.00000,0.00000,Intellectual Property,0.00000,0.00000,0.00000,non-corporate,0.00000,0.00000,0.00000,0.00000,0.00000,0.00000,0.00000,0.00000,0.00000
146,0.00000,Pharmaceutical and medicine manufacturing,0.00000,RD11,0.00000,0.00000,0.00000,0.00000,Intellectual Property,0.00000,0.00000,0.00000,0.00000,0.00000,0.00000,Intellectual Property,0.00000,0.00000,0.00000,non-corporate,0.00000,0.00000,0.00000,0.00000,0.00000,0.00000,0.00000,0.00000,0.00000
147,0.00000,"Chemical manufacturing, ex. pharma and med",0.00000,RD12,0.00000,0.00000,0.00000,0.00000,Intellectual Property,0.00000,0.00000,0.00000,0.00000,0.00000,0.00000,Intellectual Property,0.00000,0.00000,0.00000,non-corporate,0.00000,0.00000,0.00000,0.00000,0.00000,0.00000,0.00000,0.00000,0.00000
148,0.00000,Computers and peripheral equipment manufacturing,0.00000,RD21,0.00000,0.00000,0.00000,0.00000,Intellectual Property,0.00000,0.00000,0.00000,0.00000,0.00000,0.00000,Intellectual Property,0.00000,0.00000,0.00000,non-corporate,0.00000,0.00000,0.00000,0.00000,0.00000,0.00000,0.00000,0.00000,0.00000
149,0.00000,Communications equipment manufacturing,0.00000,RD22,0.00000,0.00000,0.00000,0.00000,Intellectual Property,0.00000,0.00000,0.00000,0.00000,0.00000,0.00000,Intellectual Property,0.00000,0.00000,0.00000,non-corporate,0.00000,0.00000,0.00000,0.00000,0.00000,0.00000,0.00000,0.00000,0.00000
150,0.00000,Semiconductor and other component manufacturing,0.00000,RD23,0.00000,0.00000,0.00000,0.00000,Intellectual Property,0.00000,0.00000,0.00000,0.00000,0.00000,0.00000,Intellectual Property,0.00000,0.00000,0.00000,non-corporate,0.00000,0.00000,0.00000,0.00000,0.00000,0.00000,0.00000,0.00000,0.00000
151,0.00000,Navigational and other instruments manufacturing,0.00000,RD24,0.00000,0.00000,0.00000,0.00000,Intellectual Property,0.00000,0.00000,0.00000,0.00000,0.00000,0.00000,Intellectual Property,0.00000,0.00000,0.00000,non-corporate,0.00000,0.00000,0.00000,0.00000,0.00000,0.00000,0.00000,0.00000,0.00000
152,0.00000,"Other computer and electronic manufacturing, n.e.c.",0.00000,RD25,0.00000,0.00000,0.00000,0.00000,Intellectual Property,0.00000,0.00000,0.00000,0.00000,0.00000,0.00000,Intellectual Property,0.00000,0.00000,0.00000,non-corporate,0.00000,0.00000,0.00000,0.00000,0.00000,0.00000,0.00000,0.00000,0.00000
153,0.00000,Motor vehicles and parts manufacturing,0.00000,RD31,0.00000,0.00000,0.00000,0.00000,Intellectual Property,0.00000,0.00000,0.00000,0.00000,0.00000,0.00000,Intellectual Property,0.00000,0.00000,0.00000,non-corporate,0.00000,0.00000,0.00000,0.00000,0.00000,0.00000,0.00000,0.00000,0.00000
154,0.00000,Aerospace products and parts manufacturing,0.00000,RD32,0.00000,0.00000,0.00000,0.00000,Intellectual Property,0.00000,0.00000,0.00000,0.00000,0.00000,0.00000,Intellectual Property,0.00000,0.00000,0.00000,non-corporate,0.00000,0.00000,0.00000,0.00000,0.00000,0.00000,0.00000,0.00000,0.00000
155,0.00000,Software publishers,0.00000,RD40,0.00000,0.01006,0.01326,0.01231,Intellectual Property,0.05664,0.05933,0.05866,0.05664,0.05933,0.05866,Intellectual Property,0.00252,0.00332,0.00309,non-corporate,0.00252,0.00332,0.00309,0.00252,0.00332,0.00309,-0.03858,-0.04816,-0.04541
156,0.00000,Financial and real estate services,0.00000,RD50,0.00000,0.00000,0.00000,0.00000,Intellectual Property,0.00000,0.00000,0.00000,0.00000,0.00000,0.00000,Intellectual Property,0.00000,0.00000,0.00000,non-corporate,0.00000,0.00000,0.00000,0.00000,0.00000,0.00000,0.00000,0.00000,0.00000
157,0.00000,Computer systems design and related services,0.00000,RD60,0.00000,0.01552,0.02007,0.01873,Intellectual Property,0.08452,0.08714,0.08655,0.08452,0.08714,0.08655,Intellectual Property,0.00389,0.00503,0.00470,non-corporate,0.00389,0.00503,0.00470,0.00389,0.00503,0.00470,-0.03858,-0.04816,-0.04541
158,0.00000,Scientific research and development services,0.00000,RD70,0.00000,0.00000,0.00000,0.00000,Intellectual Property,0.00000,0.00000,0.00000,0.00000,0.00000,0.00000,Intellectual Property,0.00000,0.00000,0.00000,non-corporate,0.00000,0.00000,0.00000,0.00000,0.00000,0.00000,0.00000,0.00000,0.00000
159,0.00000,"All other nonmanufacturing, n.e.c.",0.00000,RD80,0.00000,0.00000,0.00000,0.00000,Intellectual Property,0.00000,0.00000,0.00000,0.00000,0.00000,0.00000,Intellectual Property,0.00000,0.00000,0.00000,non-corporate,0.00000,0.00000,0.00000,0.00000,0.00000,0.00000,0.00000,0.00000,0.00000
160,0.00000,Private universities and colleges,0.00000,RD91,0.00000,0.00772,0.01035,0.00956,Intellectual Property,0.04412,0.04689,0.04617,0.04412,0.04689,0.04617,Intellectual Property,0.00194,0.00259,0.00240,non-corporate,0.00194,0.00259,0.00240,0.00194,0.00259,0.00240,-0.03858,-0.04816,-0.04541
161,0.00000,Other nonprofit institutions,0.00000,RD92,0.00000,0.00772,0.01035,0.00956,Intellectual Property,0.04412,0.04689,0.04617,0.04412,0.04689,0.04617,Intellectual Property,0.00194,0.00259,0.00240,non-corporate,0.00194,0.00259,0.00240,0.00194,0.00259,0.00240,-0.03858,-0.04816,-0.04541
162,0.00000,Other manufacturing,0.00000,RDOM,0.00000,0.00000,0.00000,0.00000,Intellectual Property,0.00000,0.00000,0.00000,0.00000,0.00000,0.00000,Intellectual Property,0.00000,0.00000,0.00000,non-corporate,0.00000,0.00000,0.00000,0.00000,0.00000,0.00000,0.00000,0.00000,0.00000
163,0.00000,Inventories,0.00000,INV,0.00000,0.00000,0.00000,0.00000,Inventories,0.00000,0.00000,0.00000,0.00000,0.00000,0.00000,Inventories,0.00000,0.00000,0.00000,non-corporate,0.00000,0.00000,0.00000,0.00000,0.00000,0.00000,0.00000,0.00000,0.00000
164,0.00000,Land,0.00000,LAND,0.00000,0.00000,0.00000,0.00000,Land,0.00000,0.00000,0.00000,0.00000,0.00000,0.00000,Land,0.00000,0.00000,0.00000,non-corporate,0.00000,0.00000,0.00000,0.00000,0.00000,0.00000,0.00000,0.00000,0.00000
165,0.00000,Petroleum and natural gas,0.00000,SM01,0.00000,0.00583,0.00815,0.00745,Structures,0.03372,0.03732,0.03635,0.03372,0.03732,0.03635,Mining and Drilling Structures,0.00146,0.00204,0.00187,non-corporate,0.00146,0.00204,0.00187,0.00146,0.00204,0.00187,-0.05096,-0.06316,-0.05967
166,0.00000,Mining,0.00000,SM02,0.00000,0.00581,0.00838,0.00760,Structures,0.03359,0.03834,0.03705,0.03359,0.03834,0.03705,Mining and Drilling Structures,0.00146,0.00210,0.00190,non-corporate,0.00146,0.00210,0.00190,0.00146,0.00210,0.00190,-0.06910,-0.08496,-0.08046
167,0.00000,Communication,0.00000,SU20,0.00000,0.00922,0.01354,0.01223,Structures,0.05217,0.06051,0.05829,0.05217,0.06051,0.05829,Mining and Drilling Structures,0.00231,0.00339,0.00307,non-corporate,0.00231,0.00339,0.00307,0.00231,0.00339,0.00307,-0.14733,-0.17554,-0.16773
168,0.00000,Gas,0.00000,SU40,0.00000,0.00583,0.00815,0.00745,Structures,0.03372,0.03732,0.03635,0.03372,0.03732,0.03635,Mining and Drilling Structures,0.00146,0.00204,0.00187,non-corporate,0.00146,0.00204,0.00187,0.00146,0.00204,0.00187,-0.05096,-0.06316,-0.05967
169,0.00000,Petroleum pipelines,0.00000,SU50,0.00000,0.00319,0.00487,0.00435,Structures,0.01874,0.02265,0.02157,0.01874,0.02265,0.02157,Mining and Drilling Structures,0.00080,0.00122,0.00109,non-corporate,0.00080,0.00122,0.00109,0.00080,0.00122,0.00109,-0.05096,-0.06316,-0.05967
170,0.00000,Religious,0.00000,SB10,0.00000,0.00000,0.00000,0.00000,Structures,0.00000,0.00000,0.00000,0.00000,0.00000,0.00000,Nonresidential Buildings,0.00000,0.00000,0.00000,non-corporate,0.00000,0.00000,0.00000,0.00000,0.00000,0.00000,0.00000,0.00000,0.00000
171,0.00000,Educational and vocational,0.00000,SB20,0.00000,0.00000,0.00000,0.00000,Structures,0.00000,0.00000,0.00000,0.00000,0.00000,0.00000,Nonresidential Buildings,0.00000,0.00000,0.00000,non-corporate,0.00000,0.00000,0.00000,0.00000,0.00000,0.00000,0.00000,0.00000,0.00000
172,0.00000,Hospitals,0.00000,SB31,0.00000,0.00000,0.00000,0.00000,Structures,0.00000,0.00000,0.00000,0.00000,0.00000,0.00000,Nonresidential Buildings,0.00000,0.00000,0.00000,non-corporate,0.00000,0.00000,0.00000,0.00000,0.00000,0.00000,0.00000,0.00000,0.00000
173,0.00000,Special care,0.00000,SB32,0.00000,0.00000,0.00000,0.00000,Structures,0.00000,0.00000,0.00000,0.00000,0.00000,0.00000,Nonresidential Buildings,0.00000,0.00000,0.00000,non-corporate,0.00000,0.00000,0.00000,0.00000,0.00000,0.00000,0.00000,0.00000,0.00000
174,0.00000,Lodging,0.00000,SB41,0.00000,0.00000,0.00000,0.00000,Structures,0.00000,0.00000,0.00000,0.00000,0.00000,0.00000,Nonresidential Buildings,0.00000,0.00000,0.00000,non-corporate,0.00000,0.00000,0.00000,0.00000,0.00000,0.00000,0.00000,0.00000,0.00000
175,0.00000,Air transportation,0.00000,SB43,0.00000,0.00000,0.00000,0.00000,Structures,0.00000,0.00000,0.00000,0.00000,0.00000,0.00000,Nonresidential Buildings,0.00000,0.00000,0.00000,non-corporate,0.00000,0.00000,0.00000,0.00000,0.00000,0.00000,0.00000,0.00000,0.00000
176,0.00000,Other transportation,0.00000,SB45,0.00000,0.00000,0.00000,0.00000,Structures,0.00000,0.00000,0.00000,0.00000,0.00000,0.00000,Nonresidential Buildings,0.00000,0.00000,0.00000,non-corporate,0.00000,0.00000,0.00000,0.00000,0.00000,0.00000,0.00000,0.00000,0.00000
177,0.00000,Warehouses,0.00000,SC01,0.00000,0.00000,0.00000,0.00000,Structures,0.00000,0.00000,0.00000,0.00000,0.00000,0.00000,Nonresidential Buildings,0.00000,0.00000,0.00000,non-corporate,0.00000,0.00000,0.00000,0.00000,0.00000,0.00000,0.00000,0.00000,0.00000
178,0.00000,Other commercial,0.00000,SC02,0.00000,0.00000,0.00000,0.00000,Structures,0.00000,0.00000,0.00000,0.00000,0.00000,0.00000,Nonresidential Buildings,0.00000,0.00000,0.00000,non-corporate,0.00000,0.00000,0.00000,0.00000,0.00000,0.00000,0.00000,0.00000,0.00000
179,0.00000,Multimerchandise shopping,0.00000,SC03,0.00000,0.00000,0.00000,0.00000,Structures,0.00000,0.00000,0.00000,0.00000,0.00000,0.00000,Nonresidential Buildings,0.00000,0.00000,0.00000,non-corporate,0.00000,0.00000,0.00000,0.00000,0.00000,0.00000,0.00000,0.00000,0.00000
180,0.00000,Food and beverage establishments,0.00000,SC04,0.00000,0.00000,0.00000,0.00000,Structures,0.00000,0.00000,0.00000,0.00000,0.00000,0.00000,Nonresidential Buildings,0.00000,0.00000,0.00000,non-corporate,0.00000,0.00000,0.00000,0.00000,0.00000,0.00000,0.00000,0.00000,0.00000
181,0.00000,Manufacturing,0.00000,SI00,0.00000,0.00000,0.00000,0.00000,Structures,0.00000,0.00000,0.00000,0.00000,0.00000,0.00000,Nonresidential Buildings,0.00000,0.00000,0.00000,non-corporate,0.00000,0.00000,0.00000,0.00000,0.00000,0.00000,0.00000,0.00000,0.00000
182,0.00000,Public safety,0.00000,SO03,0.00000,0.00000,0.00000,0.00000,Structures,0.00000,0.00000,0.00000,0.00000,0.00000,0.00000,Nonresidential Buildings,0.00000,0.00000,0.00000,non-corporate,0.00000,0.00000,0.00000,0.00000,0.00000,0.00000,0.00000,0.00000,0.00000
183,0.00000,Office,0.00000,SOO1,0.00000,0.00000,0.00000,0.00000,Structures,0.00000,0.00000,0.00000,0.00000,0.00000,0.00000,Nonresidential Buildings,0.00000,0.00000,0.00000,non-corporate,0.00000,0.00000,0.00000,0.00000,0.00000,0.00000,0.00000,0.00000,0.00000
184,0.00000,Medical buildings,0.00000,SOO2,0.00000,0.00000,0.00000,0.00000,Structures,0.00000,0.00000,0.00000,0.00000,0.00000,0.00000,Nonresidential Buildings,0.00000,0.00000,0.00000,non-corporate,0.00000,0.00000,0.00000,0.00000,0.00000,0.00000,0.00000,0.00000,0.00000
185,0.00000,Amusement and recreation,0.00000,SB42,0.00000,0.00476,0.00710,0.00638,Structures,0.02772,0.03264,0.03129,0.02772,0.03264,0.03129,Other Structures,0.00119,0.00178,0.00160,non-corporate,0.00119,0.00178,0.00160,0.00119,0.00178,0.00160,-0.06910,-0.08496,-0.08046
186,0.00000,Local transit structures,0.00000,SB44,0.00000,0.00000,0.00000,0.00000,Structures,0.00000,0.00000,0.00000,0.00000,0.00000,0.00000,Other Structures,0.00000,0.00000,0.00000,non-corporate,0.00000,0.00000,0.00000,0.00000,0.00000,0.00000,0.00000,0.00000,0.00000
187,0.00000,Other land transportation,0.00000,SB46,0.00000,0.00319,0.00487,0.00435,Structures,0.01874,0.02265,0.02157,0.01874,0.02265,0.02157,Other Structures,0.00080,0.00122,0.00109,non-corporate,0.00080,0.00122,0.00109,0.00080,0.00122,0.00109,-0.05096,-0.06316,-0.05967
188,0.00000,Farm,0.00000,SN00,0.00000,0.01143,0.01652,0.01499,Structures,0.06383,0.07283,0.07049,0.06383,0.07283,0.07049,Other Structures,0.00287,0.00414,0.00376,non-corporate,0.00287,0.00414,0.00376,0.00287,0.00414,0.00376,-0.18212,-0.21353,-0.20495
189,0.00000,Water supply,0.00000,SO01,0.00000,0.01118,0.01622,0.01470,Structures,0.06249,0.07160,0.06922,0.06249,0.07160,0.06922,Other Structures,0.00280,0.00406,0.00368,non-corporate,0.00280,0.00406,0.00368,0.00280,0.00406,0.00368,-0.18212,-0.21353,-0.20495
190,0.00000,Sewage and waste disposal,0.00000,SO02,0.00000,0.01118,0.01622,0.01470,Structures,0.06249,0.07160,0.06922,0.06249,0.07160,0.06922,Other Structures,0.00280,0.00406,0.00368,non-corporate,0.00280,0.00406,0.00368,0.00280,0.00406,0.00368,-0.18212,-0.21353,-0.20495
191,0.00000,Highway and conservation and development,0.00000,SO04,0.00000,0.00904,0.01333,0.01203,Structures,0.05122,0.05962,0.05738,0.05122,0.05962,0.05738,Other Structures,0.00227,0.00334,0.00301,non-corporate,0.00227,0.00334,0.00301,0.00227,0.00334,0.00301,-0.14733,-0.17554,-0.16773
192,0.00000,Mobile structures,0.00000,SOMO,0.00000,0.00655,0.00929,0.00846,Structures,0.03769,0.04232,0.04107,0.03769,0.04232,0.04107,Other Structures,0.00164,0.00233,0.00212,non-corporate,0.00164,0.00233,0.00212,0.00164,0.00233,0.00212,-0.06910,-0.08496,-0.08046
193,0.00000,Other railroad,0.00000,SU11,0.00000,0.01027,0.01516,0.01368,Structures,0.05777,0.06724,0.06476,0.05777,0.06724,0.06476,Other Structures,0.00258,0.00380,0.00343,non-corporate,0.00258,0.00380,0.00343,0.00258,0.00380,0.00343,-0.18212,-0.21353,-0.20495
194,0.00000,Track replacement,0.00000,SU12,0.00000,0.00441,0.00666,0.00597,Structures,0.02571,0.03069,0.02932,0.02571,0.03069,0.02932,Other Structures,0.00110,0.00167,0.00149,non-corporate,0.00110,0.00167,0.00149,0.00110,0.00167,0.00149,-0.06910,-0.08496,-0.08046
195,0.00000,Electric,0.00000,SU30,0.00000,0.00883,0.01308,0.01179,Structures,0.05010,0.05857,0.05632,0.05010,0.05857,0.05632,Other Structures,0.00221,0.00328,0.00296,non-corporate,0.00221,0.00328,0.00296,0.00221,0.00328,0.00296,-0.14733,-0.17554,-0.16773
196,0.00000,Wind and solar,0.00000,SU60,0.00000,0.00353,0.00529,0.00475,Structures,0.02070,0.02456,0.02349,0.02070,0.02456,0.02349,Other Structures,0.00088,0.00133,0.00119,non-corporate,0.00088,0.00133,0.00119,0.00088,0.00133,0.00119,-0.05096,-0.06316,-0.05967
197,0.00000,Residential,0.00000,RES,0.00000,0.00000,0.00000,0.00000,Structures,0.00000,0.00000,0.00000,0.00000,0.00000,0.00000,Residential Buildings,0.00000,0.00000,0.00000,non-corporate,0.00000,0.00000,0.00000,0.00000,0.00000,0.00000,0.00000,0.00000,0.00000
198,0.00000,Computers and Software,0.00000,,0.00000,0.11005,0.14663,0.13482,Equipment,-0.04101,0.20037,0.16954,-0.03137,0.18206,0.14681,Computers and Software,-0.00109,0.01453,0.00950,corporate,-0.00109,0.01453,0.00950,-0.00109,0.01453,0.00950,-0.03510,-0.05675,-0.04999
199,0.00000,Industrial Machinery,0.00000,,0.00000,0.09612,0.12534,0.11573,Equipment,-0.22921,0.12096,0.07163,-0.17532,0.10991,0.06203,Industrial Machinery,-0.00538,0.00798,0.00363,corporate,-0.00538,0.00798,0.00363,-0.00538,0.00798,0.00363,-0.05746,-0.09055,-0.08040
200,0.00000,Instruments and Communications Equipment,0.00000,,0.00000,0.09780,0.12796,0.11807,Equipment,-0.20387,0.13159,0.08473,-0.15593,0.11956,0.07337,Instruments and Communications Equipment,-0.00486,0.00879,0.00435,corporate,-0.00486,0.00879,0.00435,-0.00486,0.00879,0.00435,-0.05688,-0.08967,-0.07961
201,0.00000,Intellectual Property,0.00000,,0.00000,0.08907,0.11248,0.10498,Intellectual Property,-0.34478,0.06489,0.00671,-0.26371,0.05896,0.00581,Intellectual Property,-0.00755,0.00402,0.00032,corporate,-0.00755,0.00402,0.00032,-0.00755,0.00402,0.00032,-0.02364,-0.04020,-0.03552
204,0.00000,Mining and Drilling Structures,0.00000,,0.00000,0.09107,0.11769,0.10887,Structures,-0.31033,0.08844,0.03114,-0.23736,0.08036,0.02697,Mining and Drilling Structures,-0.00693,0.00563,0.00152,corporate,-0.00693,0.00563,0.00152,-0.00693,0.00563,0.00152,-0.06489,-0.09968,-0.08919
205,0.00000,Nonresidential Buildings,0.00000,,0.00000,0.09324,0.13867,0.12376,Structures,-0.10520,0.13793,0.10519,-0.08046,0.12533,0.09109,Nonresidential Buildings,-0.00416,0.01529,0.00895,corporate,-0.00416,0.01529,0.00895,-0.00416,0.01529,0.00895,0.05793,0.00000,0.01304
206,0.00000,Office and Residential Equipment,0.00000,,0.00000,0.09724,0.12705,0.11727,Equipment,-0.21228,0.12794,0.08027,-0.16236,0.11625,0.06951,Office and Residential Equipment,-0.00503,0.00851,0.00410,corporate,-0.00503,0.00851,0.00410,-0.00503,0.00851,0.00410,-0.05662,-0.08929,-0.07927
207,0.00000,Other Equipment,0.00000,,0.00000,0.10065,0.13248,0.12207,Equipment,-0.16278,0.14928,0.10638,-0.12450,0.13564,0.09212,Other Equipment,-0.00398,0.01018,0.00558,corporate,-0.00398,0.01018,0.00558,-0.00398,0.01018,0.00558,-0.05746,-0.09055,-0.08040
208,0.00000,Other Industrial Equipment,0.00000,,0.00000,0.09835,0.13003,0.11960,Equipment,-0.19576,0.13980,0.09313,-0.14973,0.12703,0.08065,Other Industrial Equipment,-0.00469,0.00943,0.00482,corporate,-0.00469,0.00943,0.00482,-0.00469,0.00943,0.00482,-0.08265,-0.12538,-0.11263
209,0.00000,Other Structures,0.00000,,0.00000,0.09257,0.12282,0.11271,Structures,-0.28415,0.11048,0.05434,-0.21733,0.10038,0.04706,Other Structures,-0.00646,0.00722,0.00271,corporate,-0.00646,0.00722,0.00271,-0.00646,0.00722,0.00271,-0.11214,-0.16600,-0.15029
210,0.00000,Residential Buildings,0.00000,,0.00000,0.08838,0.12920,0.11547,Structures,-0.19134,0.12001,0.07729,-0.14635,0.10904,0.06693,Residential Buildings,-0.00628,0.01161,0.00567,corporate,-0.00628,0.01161,0.00567,-0.00628,0.01161,0.00567,0.05632,0.00000,0.01378
211,0.00000,Transportation Equipment,0.00000,,0.00000,0.09690,0.12636,0.11670,Equipment,-0.21741,0.12511,0.07708,-0.16629,0.11368,0.06675,Transportation Equipment,-0.00514,0.00829,0.00392,corporate,-0.00514,0.00829,0.00392,-0.00514,0.00829,0.00392,-0.05436,-0.08508,-0.07569
212,0.00000,Computers and Software,0.00000,,0.00000,0.02012,0.02582,0.02415,Equipment,0.10669,0.10935,0.10880,0.10669,0.10935,0.10880,Computers and Software,0.00504,0.00647,0.00605,non-corporate,0.00504,0.00647,0.00605,0.00504,0.00647,0.00605,-0.04328,-0.05386,-0.05083
213,0.00000,Industrial Machinery,0.00000,,0.00000,0.01006,0.01360,0.01254,Equipment,0.05662,0.06076,0.05969,0.05662,0.06076,0.05969,Industrial Machinery,0.00252,0.00341,0.00314,non-corporate,0.00252,0.00341,0.00314,0.00252,0.00341,0.00314,-0.06910,-0.08496,-0.08046
214,0.00000,Instruments and Communications Equipment,0.00000,,0.00000,0.01166,0.01557,0.01441,Equipment,0.06501,0.06893,0.06793,0.06501,0.06893,0.06793,Instruments and Communications Equipment,0.00292,0.00390,0.00361,non-corporate,0.00292,0.00390,0.00361,0.00292,0.00390,0.00361,-0.06845,-0.08418,-0.07971
215,0.00000,Intellectual Property,0.00000,,0.00000,0.00461,0.00629,0.00579,Intellectual Property,0.02682,0.02902,0.02851,0.02682,0.02902,0.02851,Intellectual Property,0.00115,0.00158,0.00145,non-corporate,0.00115,0.00158,0.00145,0.00115,0.00158,0.00145,-0.02583,-0.03250,-0.03066
218,0.00000,Mining and Drilling Structures,0.00000,,0.00000,0.00622,0.00884,0.00805,Structures,0.03587,0.04034,0.03914,0.03587,0.04034,0.03914,Mining and Drilling Structures,0.00156,0.00222,0.00202,non-corporate,0.00156,0.00222,0.00202,0.00156,0.00222,0.00202,-0.06758,-0.08257,-0.07833
219,0.00000,Nonresidential Buildings,0.00000,,0.00000,0.00000,0.00000,0.00000,Structures,0.00000,0.00000,0.00000,0.00000,0.00000,0.00000,Nonresidential Buildings,0.00000,0.00000,0.00000,non-corporate,0.00000,0.00000,0.00000,0.00000,0.00000,0.00000,0.00000,0.00000,0.00000
220,0.00000,Office and Residential Equipment,0.00000,,0.00000,0.01074,0.01442,0.01333,Equipment,0.06022,0.06419,0.06317,0.06022,0.06419,0.06317,Office and Residential Equipment,0.00269,0.00361,0.00334,non-corporate,0.00269,0.00361,0.00334,0.00269,0.00361,0.00334,-0.06730,-0.08279,-0.07839
221,0.00000,Other Equipment,0.00000,,0.00000,0.01314,0.01740,0.01614,Equipment,0.07262,0.07642,0.07548,0.07262,0.07642,0.07548,Other Equipment,0.00329,0.00436,0.00404,non-corporate,0.00329,0.00436,0.00404,0.00329,0.00436,0.00404,-0.06910,-0.08496,-0.08046
222,0.00000,Other Industrial Equipment,0.00000,,0.00000,0.01102,0.01482,0.01369,Equipment,0.06169,0.06585,0.06478,0.06169,0.06585,0.06478,Other Industrial Equipment,0.00276,0.00371,0.00343,non-corporate,0.00276,0.00371,0.00343,0.00276,0.00371,0.00343,-0.07301,-0.08925,-0.08465
223,0.00000,Other Structures,0.00000,,0.00000,0.00833,0.01219,0.01102,Structures,0.04730,0.05466,0.05271,0.04730,0.05466,0.05271,Other Structures,0.00209,0.00305,0.00276,non-corporate,0.00209,0.00305,0.00276,0.00209,0.00305,0.00276,-0.13259,-0.15734,-0.15050
224,0.00000,Residential Buildings,0.00000,,0.00000,0.00000,0.00000,0.00000,Structures,0.00000,0.00000,0.00000,0.00000,0.00000,0.00000,Residential Buildings,0.00000,0.00000,0.00000,non-corporate,0.00000,0.00000,0.00000,0.00000,0.00000,0.00000,0.00000,0.00000,0.00000
225,0.00000,Transportation Equipment,0.00000,,0.00000,0.01051,0.01402,0.01297,Equipment,0.05899,0.06248,0.06159,0.05899,0.06248,0.06159,Transportation Equipment,0.00263,0.00351,0.00325,non-corporate,0.00263,0.00351,0.00325,0.00263,0.00351,0.00325,-0.05706,-0.07038,-0.06658
226,0.00000,Equipment,0.00000,,0.00000,0.09871,0.12959,0.11947,Equipment,-0.19051,0.13804,0.09239,-0.14571,0.12543,0.08001,Equipment,-0.00458,0.00929,0.00478,corporate,-0.00458,0.00929,0.00478,-0.00458,0.00929,0.00478,-0.06053,-0.09427,-0.08400
230,0.00000,Structures,0.00000,,0.00000,0.09239,0.12989,0.11752,Structures,-0.17386,0.12650,0.08488,-0.13298,0.11494,0.07351,Structures,-0.00540,0.01111,0.00571,corporate,-0.00540,0.01111,0.00571,-0.00540,0.01111,0.00571,-0.00764,-0.05902,-0.04602
231,0.00000,Equipment,0.00000,,0.00000,0.01193,0.01586,0.01469,Equipment,0.06638,0.07015,0.06920,0.06638,0.07015,0.06920,Equipment,0.00299,0.00398,0.00368,non-corporate,0.00299,0.00398,0.00368,0.00299,0.00398,0.00368,-0.06515,-0.08010,-0.07586
235,0.00000,Structures,0.00000,,0.00000,0.00140,0.00203,0.00184,Structures,0.00601,0.00688,0.00665,0.00601,0.00688,0.00665,Structures,0.00035,0.00051,0.00046,non-corporate,0.00035,0.00051,0.00046,0.00035,0.00051,0.00046,-0.02022,-0.02416,-0.02307
236,0.00000,Overall,0.00000,,0.00000,0.09396,0.13128,0.11912,Overall,-0.16032,0.13141,0.09157,-0.12262,0.11940,0.07930,Overall,-0.00497,0.01144,0.00612,corporate,-0.00497,0.01144,0.00612,-0.00497,0.01144,0.00612,-0.01894,-0.05050,-0.04208
237,0.00000,Overall,0.00000,,0.00000,0.00165,0.00225,0.00207,Overall,0.00676,0.00730,0.00716,0.00676,0.00730,0.00716,Overall,0.00041,0.00056,0.00052,non-corporate,0.00041,0.00056,0.00052,0.00041,0.00056,0.00052,-0.01274,-0.01547,-0.01470
