,index,Industry,Y,assets,bea_ind_code,delta,eatr_d,eatr_e,eatr_mix,major_industry,metr_d,metr_e,metr_mix,mettr_d,mettr_e,mettr_mix,rho_d,rho_e,rho_mix,tax_treat,tax_wedge_d,tax_wedge_e,tax_wedge_mix,ucc_d,ucc_e,ucc_mix,z_d,z_e,z_mix
0,0,Accommodation,66.19342,251468621610.90228,7210,0.02163,0.24560,0.36256,0.32501,Accommodation and food services,-0.08609,0.37699,0.28639,0.16932,0.43393,0.38206,0.04788,0.09310,0.07859,corporate,0.00811,0.04040,0.03002,0.06951,0.11473,0.10022,0.27697,0.20591,0.22426
1,1,Food services and drinking places,44.78708,170870560831.60550,7220,0.05189,0.26180,0.37321,0.33739,Accommodation and food services,0.01628,0.39818,0.31940,0.24762,0.45319,0.41065,0.05286,0.09637,0.08240,corporate,0.01309,0.04368,0.03384,0.10475,0.14826,0.13429,0.49522,0.41767,0.43807
2,2,Administrative and support services,21.90018,106492097790.52309,5610,0.14921,0.32228,0.42544,0.39228,Administrative and waste management services,0.27243,0.48419,0.43517,0.44353,0.53134,0.51089,0.07147,0.11244,0.09929,corporate,0.03170,0.05975,0.05073,0.22068,0.26165,0.24849,0.75009,0.69149,0.70733
3,3,Waste management and remediation services,30.79958,69464866307.19232,5620,0.04823,0.24975,0.35295,0.31973,Administrative and waste management services,-0.05790,0.35655,0.27133,0.19088,0.41536,0.36902,0.04915,0.09014,0.07696,corporate,0.00938,0.03744,0.02840,0.09738,0.13837,0.12519,0.69514,0.63573,0.65221
4,4,Farms,56.63261,359601192716.54291,110C,0.03762,0.25002,0.35775,0.32319,"Agriculture, forestry, fishing, and hunting",-0.05614,0.36691,0.28127,0.19223,0.42478,0.37763,0.04924,0.09161,0.07803,corporate,0.00946,0.03892,0.02947,0.08685,0.12923,0.11564,0.44806,0.42252,0.42994
5,5,"Forestry, fishing, and related activities",58.69871,34352705962.83144,113F,0.04638,0.25588,0.36581,0.33055,"Agriculture, forestry, fishing, and hunting",-0.01882,0.38361,0.30154,0.22077,0.43995,0.39518,0.05104,0.09410,0.08029,corporate,0.01127,0.04140,0.03173,0.09742,0.14048,0.12667,0.40452,0.37541,0.38351
6,6,"Performing arts, spectator sports, museums, and related activities",26.45100,79922779339.33067,711A,0.07496,0.27027,0.37523,0.34149,"Arts, entertainment, and recreation",0.06249,0.40202,0.32966,0.28296,0.45668,0.41953,0.05547,0.09699,0.08366,corporate,0.01569,0.04430,0.03510,0.13042,0.17195,0.15862,0.72355,0.65386,0.67283
7,7,"Amusements, gambling, and recreation industries",36.30666,103100531850.12755,7130,0.04042,0.24552,0.34965,0.31619,"Arts, entertainment, and recreation",-0.08670,0.34923,0.26086,0.16886,0.40871,0.35995,0.04785,0.08912,0.07587,corporate,0.00808,0.03643,0.02731,0.08827,0.12954,0.11629,0.62187,0.57785,0.59010
8,8,Construction,50.93484,167674309864.19751,2300,0.06772,0.27098,0.37890,0.34428,Construction,0.06619,0.40891,0.33647,0.28579,0.46294,0.42543,0.05569,0.09812,0.08452,corporate,0.01591,0.04542,0.03596,0.12341,0.16585,0.15224,0.48106,0.44994,0.45861
9,9,Educational services,34.22480,321852335173.16290,6100,0.04393,0.25529,0.36801,0.33163,Educational services,-0.02245,0.38800,0.30443,0.21799,0.44394,0.39768,0.05086,0.09477,0.08062,corporate,0.01109,0.04207,0.03206,0.09479,0.13870,0.12456,0.54996,0.42239,0.45540
10,10,Credit intermediation and related activities,22.91675,742471769336.48633,5220,0.11423,0.30039,0.40630,0.37222,Finance and insurance,0.19674,0.45567,0.39772,0.38564,0.50542,0.47846,0.06474,0.10655,0.09311,corporate,0.02496,0.05385,0.04455,0.17896,0.22078,0.20734,0.71761,0.63722,0.65863
11,11,"Securities, commodity contracts, and investments",54.61699,117288646632.75099,5230,0.05913,0.26862,0.38189,0.34551,Finance and insurance,0.05388,0.41440,0.33942,0.27637,0.46793,0.42798,0.05496,0.09904,0.08490,corporate,0.01519,0.04635,0.03633,0.11409,0.15818,0.14403,0.40029,0.33218,0.34993
12,12,Insurance carriers and related activities,29.98132,242704259871.50098,5240,0.11475,0.30439,0.41396,0.37870,Finance and insurance,0.21171,0.46745,0.41035,0.39709,0.51613,0.48940,0.06597,0.10891,0.09511,corporate,0.02619,0.05621,0.04655,0.18071,0.22366,0.20985,0.62568,0.52977,0.55481
13,13,"Funds, trusts, and other financial vehicles",54.39351,34266597921.94995,5250,0.02110,0.24495,0.36202,0.32434,Finance and insurance,-0.09067,0.37586,0.28454,0.16582,0.43291,0.38045,0.04768,0.09293,0.07838,corporate,0.00791,0.04023,0.02982,0.06877,0.11402,0.09948,0.36151,0.25453,0.28205
14,14,Ambulatory health care services,27.21407,187676386626.35760,6210,0.07631,0.27533,0.38348,0.34864,Health care and social assistance,0.08810,0.41727,0.34684,0.30255,0.47053,0.43440,0.05702,0.09953,0.08586,corporate,0.01725,0.04683,0.03730,0.13334,0.17585,0.16217,0.65992,0.56431,0.58952
15,15,Hospitals,33.81604,476870682069.54419,622H,0.05038,0.25881,0.37017,0.33426,Health care and social assistance,-0.00114,0.39227,0.31133,0.23429,0.44782,0.40366,0.05194,0.09544,0.08143,corporate,0.01217,0.04274,0.03287,0.10232,0.14582,0.13181,0.57024,0.45656,0.48615
16,16,Nursing and residential care facilities,30.33509,45367688456.12007,6230,0.04907,0.25764,0.36836,0.33265,Health care and social assistance,-0.00813,0.38870,0.30712,0.22894,0.44458,0.40001,0.05158,0.09488,0.08094,corporate,0.01181,0.04218,0.03238,0.10065,0.14395,0.13001,0.60323,0.48560,0.51625
17,17,Social assistance,34.19701,32821172821.68540,6240,0.05176,0.25965,0.36983,0.33434,Health care and social assistance,0.00383,0.39161,0.31155,0.23810,0.44722,0.40385,0.05220,0.09533,0.08146,corporate,0.01243,0.04263,0.03290,0.10396,0.14709,0.13322,0.58120,0.48063,0.50694
18,18,Publishing industries (including software),25.89745,205722166040.08698,5110,0.14041,0.31739,0.42211,0.38852,Information,0.25678,0.47945,0.42850,0.43156,0.52703,0.50512,0.06997,0.11142,0.09813,corporate,0.03019,0.05872,0.04957,0.21038,0.25183,0.23854,0.73159,0.67231,0.68838
19,19,Motion picture and sound recording industries,20.76147,275276618185.14124,5120,0.10233,0.29200,0.39549,0.36225,Information,0.16335,0.43813,0.37721,0.36010,0.48949,0.46070,0.06215,0.10323,0.09005,corporate,0.02238,0.05053,0.04148,0.16448,0.20556,0.19238,0.80491,0.74630,0.76315
20,20,Broadcasting and telecommunications,17.19061,1290507877813.33496,5130,0.07035,0.26218,0.36157,0.32956,Information,0.01846,0.37494,0.29890,0.24928,0.43207,0.39289,0.05298,0.09279,0.07999,corporate,0.01321,0.04009,0.03143,0.12332,0.16314,0.15033,0.83403,0.77860,0.79445
21,21,Information and data processing services,13.10574,118194411065.61374,5140,0.21016,0.35972,0.45763,0.42620,Information,0.37342,0.52594,0.48889,0.52077,0.56927,0.55741,0.08299,0.12235,0.10972,corporate,0.04322,0.06965,0.06116,0.29315,0.33250,0.31988,0.86497,0.82766,0.83795
22,22,Management of companies and enterprises,44.32188,424413435043.75659,5500,0.07542,0.27864,0.39078,0.35472,Management of companies and enterprises,0.10409,0.43013,0.36075,0.31478,0.48222,0.44645,0.05804,0.10178,0.08773,corporate,0.01827,0.04908,0.03917,0.13346,0.17720,0.16315,0.48744,0.40143,0.42376
23,23,"Food, beverage, and tobacco products",42.79805,382744557828.22290,311A,0.06063,0.26729,0.37540,0.34070,Manufacturing,0.04678,0.40234,0.32769,0.27094,0.45697,0.41782,0.05455,0.09705,0.08341,corporate,0.01478,0.04435,0.03485,0.11518,0.15767,0.14404,0.54128,0.48491,0.49999
24,24,Textile mills and textile product mills,37.17402,39763433350.66293,313T,0.05621,0.26535,0.37499,0.33975,Manufacturing,0.03622,0.40157,0.32534,0.26287,0.45627,0.41579,0.05395,0.09692,0.08312,corporate,0.01418,0.04422,0.03456,0.11017,0.15313,0.13934,0.56978,0.48607,0.50810
25,25,Apparel and leather and allied products,56.66281,23802489967.04707,315A,0.03920,0.25888,0.37139,0.33530,Manufacturing,-0.00071,0.39466,0.31404,0.23462,0.44999,0.40600,0.05196,0.09581,0.08175,corporate,0.01219,0.04312,0.03319,0.09116,0.13501,0.12095,0.38864,0.32604,0.34238
26,26,Wood products,48.66972,45996624948.89117,3210,0.04991,0.26204,0.37271,0.33718,Manufacturing,0.01767,0.39720,0.31886,0.24868,0.45230,0.41018,0.05294,0.09622,0.08233,corporate,0.01316,0.04352,0.03377,0.10285,0.14613,0.13225,0.47175,0.40870,0.42535
27,27,Paper products,32.30789,129541595783.70657,3220,0.07437,0.27266,0.37747,0.34380,Manufacturing,0.07478,0.40624,0.33531,0.29236,0.46051,0.42442,0.05620,0.09768,0.08437,corporate,0.01643,0.04498,0.03581,0.13057,0.17205,0.15874,0.65430,0.59873,0.61377
28,28,Printing and related support activities,27.31311,49933189821.85918,3230,0.08738,0.28115,0.38555,0.35200,Manufacturing,0.11587,0.42098,0.35461,0.32379,0.47390,0.44113,0.05882,0.10017,0.08689,corporate,0.01904,0.04747,0.03833,0.14620,0.18755,0.17428,0.69690,0.63354,0.65055
29,29,Petroleum and coal products,59.57314,329428164622.01349,3240,0.04248,0.25554,0.36623,0.33073,Manufacturing,-0.02088,0.38444,0.30205,0.21920,0.44071,0.39562,0.05094,0.09422,0.08035,corporate,0.01117,0.04153,0.03179,0.09341,0.13670,0.12283,0.38831,0.35372,0.36308
30,30,Chemical products,25.25661,863500170455.36816,3250,0.08141,0.27070,0.36903,0.33751,Manufacturing,0.06474,0.39002,0.31969,0.28468,0.44577,0.41090,0.05560,0.09508,0.08243,corporate,0.01583,0.04239,0.03387,0.13701,0.17649,0.16384,0.75588,0.72774,0.73525
31,31,Plastics and rubber products,35.77905,110331312312.70663,3260,0.07510,0.27443,0.37960,0.34584,Manufacturing,0.08367,0.41020,0.34022,0.29916,0.46411,0.42867,0.05675,0.09834,0.08500,corporate,0.01698,0.04564,0.03644,0.13185,0.17344,0.16010,0.62236,0.57173,0.58540
32,32,Nonmetallic mineral products,49.77944,116582519996.16560,3270,0.05528,0.26321,0.37251,0.33744,Manufacturing,0.02431,0.39682,0.31951,0.25376,0.45195,0.41074,0.05330,0.09616,0.08241,corporate,0.01352,0.04346,0.03385,0.10858,0.15144,0.13769,0.47670,0.42937,0.44204
33,33,Primary metals,39.02286,186378975799.42520,3310,0.06098,0.26703,0.37476,0.34016,Manufacturing,0.04536,0.40113,0.32636,0.26986,0.45587,0.41667,0.05447,0.09685,0.08325,corporate,0.01470,0.04415,0.03469,0.11545,0.15782,0.14422,0.57585,0.51384,0.53049
34,34,Fabricated metal products,36.46005,185026333665.73004,3320,0.07307,0.27404,0.38020,0.34611,Manufacturing,0.08170,0.41131,0.34086,0.29765,0.46512,0.42923,0.05663,0.09852,0.08508,corporate,0.01685,0.04582,0.03652,0.12970,0.17160,0.15815,0.60956,0.55459,0.56944
35,35,Machinery,38.17436,272319888397.28802,3330,0.08052,0.27824,0.38309,0.34945,Manufacturing,0.10221,0.41656,0.34873,0.31334,0.46989,0.43604,0.05792,0.09941,0.08611,corporate,0.01815,0.04671,0.03755,0.13844,0.17993,0.16663,0.60648,0.56249,0.57432
36,36,Computer and electronic products,26.26678,503974938260.46338,3340,0.14992,0.32179,0.42317,0.39064,Manufacturing,0.27089,0.48096,0.43228,0.44235,0.52840,0.50839,0.07132,0.11174,0.09878,corporate,0.03155,0.05905,0.05022,0.22124,0.26166,0.24870,0.72480,0.67946,0.69152
37,37,"Electrical equipment, appliances, and components",46.30998,97409347475.05879,3350,0.06863,0.27282,0.38022,0.34578,Manufacturing,0.07558,0.41135,0.34006,0.29297,0.46515,0.42853,0.05625,0.09853,0.08498,corporate,0.01648,0.04583,0.03642,0.12488,0.16716,0.15361,0.51869,0.47210,0.48441
38,38,"Motor vehicles, bodies and trailers, and parts",35.25214,238664334578.38879,336M,0.10965,0.29782,0.40216,0.36868,Manufacturing,0.18680,0.44908,0.39060,0.37804,0.49944,0.47229,0.06394,0.10528,0.09202,corporate,0.02417,0.05258,0.04346,0.17360,0.21493,0.20168,0.63580,0.59122,0.60331
39,39,Other transportation equipment,49.50530,222225359206.18329,336O,0.07733,0.28018,0.38772,0.35326,Manufacturing,0.11136,0.42482,0.35746,0.32034,0.47740,0.44360,0.05852,0.10084,0.08728,corporate,0.01874,0.04814,0.03872,0.13585,0.17817,0.16461,0.49018,0.45078,0.46122
40,40,Furniture and related products,43.14781,27298970230.41120,3370,0.06489,0.27111,0.37997,0.34503,Manufacturing,0.06684,0.41089,0.33826,0.28629,0.46474,0.42698,0.05572,0.09845,0.08475,corporate,0.01595,0.04576,0.03618,0.12061,0.16334,0.14963,0.53103,0.46878,0.48523
41,41,Miscellaneous manufacturing,39.11052,132809342156.77454,338A,0.08377,0.27993,0.38434,0.35086,Manufacturing,0.11020,0.41881,0.35198,0.31945,0.47194,0.43886,0.05844,0.09980,0.08654,corporate,0.01867,0.04710,0.03798,0.14221,0.18357,0.17031,0.60204,0.56147,0.57224
42,42,Oil and gas extraction,8.69835,1206378685719.62354,2110,0.07337,0.25967,0.35438,0.32393,Mining,0.00393,0.35967,0.28336,0.23817,0.41820,0.37943,0.05220,0.09058,0.07825,corporate,0.01243,0.03788,0.02969,0.12557,0.16395,0.15162,0.91235,0.87902,0.88885
43,43,"Mining, except oil and gas",31.00869,190223523014.26080,2120,0.05531,0.25566,0.35849,0.32544,Mining,-0.02014,0.36848,0.28761,0.21976,0.42621,0.38312,0.05097,0.09184,0.07872,corporate,0.01120,0.03914,0.03016,0.10629,0.14716,0.13404,0.67716,0.63290,0.64529
44,44,Support activities for mining,14.80506,120225750256.28439,2130,0.09587,0.27955,0.37749,0.34600,Mining,0.10843,0.40627,0.34060,0.31810,0.46054,0.42900,0.05832,0.09769,0.08505,corporate,0.01855,0.04499,0.03648,0.15420,0.19356,0.18092,0.85450,0.81579,0.82711
45,45,"Other services, except government",38.49273,227393671624.08221,8100,0.04298,0.25257,0.36270,0.32719,"Other services, except government",-0.03953,0.37728,0.29245,0.20493,0.43420,0.38730,0.05002,0.09314,0.07926,corporate,0.01025,0.04044,0.03070,0.09301,0.13612,0.12224,0.56670,0.46760,0.49387
46,46,Legal services,28.84422,20028299847.23765,5411,0.10067,0.29388,0.40294,0.36784,"Professional, scientific, and technical services",0.17110,0.45035,0.38888,0.36603,0.50059,0.47081,0.06273,0.10552,0.09177,corporate,0.02296,0.05282,0.04320,0.16340,0.20619,0.19243,0.64225,0.54861,0.57325
47,47,"Miscellaneous professional, scientific, and technical services",19.64137,249009155856.58878,5412,0.14708,0.31865,0.41953,0.38713,"Professional, scientific, and technical services",0.26088,0.47571,0.42601,0.43470,0.52363,0.50296,0.07035,0.11062,0.09770,corporate,0.03058,0.05793,0.04914,0.21743,0.25771,0.24478,0.78540,0.73566,0.74908
48,48,Computer systems design and related services,22.08806,42903264705.68482,5415,0.20021,0.36135,0.46677,0.43289,"Professional, scientific, and technical services",0.37719,0.53660,0.49831,0.52366,0.57896,0.56557,0.08349,0.12516,0.11178,corporate,0.04372,0.07246,0.06322,0.28370,0.32537,0.31199,0.73802,0.67290,0.69036
49,49,Real estate,84.50235,2545926908840.65576,5310,0.00522,0.23308,0.35077,0.31302,Real estate and rental and leasing,-0.18117,0.35173,0.25124,0.09660,0.41098,0.35162,0.04402,0.08947,0.07490,corporate,0.00425,0.03677,0.02634,0.04924,0.09469,0.08011,0.12593,0.09398,0.10250
50,50,Rental and leasing services and lessors of intangible assets,12.60970,248115752512.01251,5320,0.13613,0.30770,0.40537,0.37398,Real estate and rental and leasing,0.22372,0.45420,0.40122,0.40627,0.50409,0.48149,0.06699,0.10627,0.09366,corporate,0.02721,0.05357,0.04510,0.20312,0.24240,0.22979,0.87555,0.84250,0.85229
51,51,Retail trade,59.09235,1608593695005.15381,44RT,0.03643,0.25604,0.37037,0.33366,Retail trade,-0.01783,0.39267,0.30978,0.22153,0.44818,0.40231,0.05109,0.09550,0.08125,corporate,0.01132,0.04280,0.03269,0.08752,0.13193,0.11768,0.35371,0.28466,0.30264
52,52,Air transportation,14.66966,190656359022.74890,4810,0.07385,0.26440,0.36350,0.33161,Transportation and warehousing,0.03098,0.37891,0.30439,0.25886,0.43568,0.39764,0.05366,0.09338,0.08062,corporate,0.01389,0.04069,0.03206,0.12752,0.16724,0.15447,0.82935,0.77485,0.78990
53,53,Railroad transportation,14.87954,331352975210.21057,4820,0.03044,0.22896,0.32457,0.29376,Transportation and warehousing,-0.21621,0.28752,0.18692,0.06980,0.35264,0.29592,0.04276,0.08141,0.06897,corporate,0.00298,0.02871,0.02041,0.07319,0.11184,0.09941,0.87334,0.82943,0.84234
54,54,Water transportation,17.09966,36714023796.14972,4830,0.06970,0.26210,0.36171,0.32965,Transportation and warehousing,0.01802,0.37523,0.29913,0.24895,0.43234,0.39309,0.05295,0.09283,0.08001,corporate,0.01318,0.04014,0.03145,0.12265,0.16254,0.14971,0.82474,0.77067,0.78603
55,55,Truck transportation,20.61584,108471874449.86627,4840,0.12901,0.30643,0.40770,0.37517,Transportation and warehousing,0.21915,0.45787,0.40354,0.40278,0.50742,0.48350,0.06659,0.10698,0.09402,corporate,0.02682,0.05429,0.04546,0.19560,0.23599,0.22303,0.78057,0.73818,0.75012
56,56,Transit and ground passenger transportation,25.85441,35034660346.86049,4850,0.08027,0.27688,0.38374,0.34933,Transportation and warehousing,0.09569,0.41774,0.34844,0.30835,0.47096,0.43579,0.05750,0.09961,0.08607,corporate,0.01773,0.04691,0.03751,0.13778,0.17989,0.16634,0.68289,0.59443,0.61789
57,57,Pipeline transportation,8.41826,169678725932.06000,4860,0.05383,0.24532,0.33980,0.30941,Transportation and warehousing,-0.08807,0.32630,0.23997,0.16781,0.38788,0.34186,0.04779,0.08609,0.07379,corporate,0.00802,0.03339,0.02522,0.10162,0.13992,0.12761,0.91309,0.87662,0.88727
58,58,Other transportation and support activities,23.59937,110872018726.73232,487S,0.06367,0.25928,0.36081,0.32813,Transportation and warehousing,0.00166,0.37336,0.29500,0.23644,0.43064,0.38951,0.05209,0.09256,0.07955,corporate,0.01232,0.03986,0.03098,0.11575,0.15622,0.14321,0.75550,0.69719,0.71336
59,59,Warehousing and storage,40.27303,33575803410.77195,4930,0.04356,0.25651,0.36920,0.33291,Transportation and warehousing,-0.01497,0.39037,0.30781,0.22371,0.44609,0.40060,0.05123,0.09514,0.08102,corporate,0.01146,0.04244,0.03246,0.09479,0.13870,0.12458,0.51179,0.40614,0.43361
60,60,Utilities,15.06813,2043225324419.22656,2200,0.04186,0.23873,0.33574,0.30447,Utilities,-0.13626,0.31639,0.22399,0.13095,0.37888,0.32803,0.04576,0.08484,0.07227,corporate,0.00599,0.03215,0.02371,0.08763,0.12671,0.11413,0.86705,0.81474,0.82999
61,61,Wholesale trade,62.56787,973137443870.90881,4200,0.05422,0.26927,0.38111,0.34527,Wholesale trade,0.05730,0.41297,0.33884,0.27899,0.46663,0.42748,0.05516,0.09880,0.08482,corporate,0.01539,0.04610,0.03626,0.10938,0.15303,0.13904,0.34924,0.31058,0.32086
62,62,Accommodation,57.79905,321835229078.19275,7210,0.02700,0.28233,0.29762,0.29307,Accommodation and food services,0.21448,0.29050,0.27516,0.21448,0.29050,0.27516,0.04463,0.07428,0.06565,non-corporate,0.00957,0.02158,0.01806,0.07163,0.10128,0.09265,0.33314,0.26926,0.28508
63,63,Food services and drinking places,37.79544,131618330778.79922,7220,0.05846,0.27328,0.28243,0.27964,Accommodation and food services,0.16605,0.24637,0.23005,0.16605,0.24637,0.23005,0.04204,0.06993,0.06180,non-corporate,0.00698,0.01723,0.01422,0.10050,0.12839,0.12026,0.54574,0.48287,0.49865
64,64,Administrative and support services,22.90398,87779837154.60233,5610,0.14729,0.26259,0.26447,0.26382,Administrative and waste management services,0.10051,0.18651,0.16911,0.10051,0.18651,0.16911,0.03897,0.06478,0.05727,non-corporate,0.00392,0.01208,0.00968,0.18626,0.21207,0.20456,0.73261,0.69102,0.70167
65,65,Waste management and remediation services,28.00786,45442362954.18396,5620,0.05017,0.25870,0.25974,0.25929,Administrative and waste management services,0.07403,0.16912,0.14984,0.07403,0.16912,0.14984,0.03786,0.06343,0.05597,non-corporate,0.00280,0.01073,0.00839,0.08803,0.11360,0.10614,0.71507,0.67065,0.68224
66,66,Farms,61.51678,695254770987.64246,110C,0.03338,0.27182,0.27956,0.27726,"Agriculture, forestry, fishing, and hunting",0.15764,0.23740,0.22144,0.15764,0.23740,0.22144,0.04162,0.06910,0.06112,non-corporate,0.00656,0.01641,0.01353,0.07500,0.10248,0.09450,0.39478,0.37852,0.38291
67,67,"Forestry, fishing, and related activities",80.96268,182890160759.96515,113F,0.02138,0.27808,0.29170,0.28772,"Agriculture, forestry, fishing, and hunting",0.19244,0.27394,0.25785,0.19244,0.27394,0.25785,0.04341,0.07258,0.06411,non-corporate,0.00835,0.01988,0.01653,0.06479,0.09396,0.08549,0.18470,0.17506,0.17758
68,68,"Performing arts, spectator sports, museums, and related activities",24.88765,85913620169.51553,711A,0.07655,0.26215,0.26535,0.26431,"Arts, entertainment, and recreation",0.09757,0.18967,0.17116,0.09757,0.18967,0.17116,0.03885,0.06503,0.05741,non-corporate,0.00379,0.01234,0.00983,0.11540,0.14158,0.13396,0.72936,0.67821,0.69137
69,69,"Amusements, gambling, and recreation industries",35.67483,103963170327.32812,7130,0.04082,0.26146,0.26397,0.26314,"Arts, entertainment, and recreation",0.09301,0.18471,0.16628,0.09301,0.18471,0.16628,0.03865,0.06464,0.05707,non-corporate,0.00360,0.01194,0.00949,0.07947,0.10546,0.09789,0.62220,0.59028,0.59863
70,70,Construction,61.58594,416883328406.94965,2300,0.05302,0.27268,0.28180,0.27910,Construction,0.16260,0.24440,0.22811,0.16260,0.24440,0.22811,0.04186,0.06974,0.06164,non-corporate,0.00681,0.01705,0.01406,0.09489,0.12277,0.11467,0.37344,0.35594,0.36052
71,71,Educational services,34.08224,223504365062.32428,6100,0.04403,0.27337,0.28479,0.28126,Educational services,0.16653,0.25358,0.23577,0.16653,0.25358,0.23577,0.04206,0.07060,0.06226,non-corporate,0.00700,0.01790,0.01468,0.08609,0.11463,0.10629,0.53303,0.44096,0.46380
72,72,Credit intermediation and related activities,29.58426,75859556179.73862,5220,0.10435,0.26859,0.27418,0.27244,Finance and insurance,0.13850,0.22001,0.20345,0.13850,0.22001,0.20345,0.04069,0.06756,0.05974,non-corporate,0.00564,0.01486,0.01215,0.14504,0.17191,0.16408,0.64542,0.59261,0.60598
73,73,"Securities, commodity contracts, and investments",68.67047,178435565511.13712,5230,0.04082,0.27984,0.29367,0.28959,Finance and insurance,0.20175,0.27953,0.26399,0.20175,0.27953,0.26399,0.04392,0.07314,0.06465,non-corporate,0.00886,0.02045,0.01707,0.08474,0.11397,0.10547,0.26972,0.23587,0.24431
74,74,Insurance carriers and related activities,34.29784,22117554581.34229,5240,0.10767,0.27303,0.28186,0.27916,Finance and insurance,0.16463,0.24459,0.22834,0.16463,0.24459,0.22834,0.04197,0.06976,0.06166,non-corporate,0.00691,0.01706,0.01408,0.14964,0.17743,0.16933,0.57446,0.50968,0.52585
75,75,"Funds, trusts, and other financial vehicles",58.69939,32975922704.02256,5250,0.01910,0.28244,0.29853,0.29373,Finance and insurance,0.21506,0.29301,0.27725,0.21506,0.29301,0.27725,0.04466,0.07454,0.06584,non-corporate,0.00960,0.02184,0.01825,0.06377,0.09364,0.08494,0.31357,0.24378,0.26102
76,76,Ambulatory health care services,26.88893,165185547973.71588,6210,0.07665,0.26887,0.27558,0.27347,Health care and social assistance,0.14018,0.22461,0.20738,0.14018,0.22461,0.20738,0.04077,0.06796,0.06003,non-corporate,0.00572,0.01527,0.01245,0.11743,0.14462,0.13669,0.64951,0.58040,0.59778
77,77,Hospitals,33.25928,468740246235.20782,622H,0.05080,0.27167,0.28165,0.27856,Health care and social assistance,0.15677,0.24396,0.22615,0.15677,0.24396,0.22615,0.04157,0.06970,0.06149,non-corporate,0.00652,0.01700,0.01391,0.09238,0.12050,0.11229,0.55889,0.47635,0.49692
78,78,Nursing and residential care facilities,30.33509,44969311542.03897,6230,0.04907,0.27130,0.28069,0.27777,Health care and social assistance,0.15463,0.24097,0.22330,0.15463,0.24097,0.22330,0.04147,0.06943,0.06126,non-corporate,0.00641,0.01673,0.01368,0.09054,0.11850,0.11033,0.58667,0.50198,0.52309
79,79,Social assistance,36.92941,33500693280.97236,6240,0.04961,0.27182,0.28105,0.27821,Health care and social assistance,0.15764,0.24208,0.22491,0.15764,0.24208,0.22491,0.04162,0.06953,0.06139,non-corporate,0.00656,0.01683,0.01381,0.09123,0.11914,0.11100,0.54355,0.47416,0.49151
80,80,Publishing industries (including software),33.44919,10531454693.98520,5110,0.12610,0.26660,0.27137,0.26993,Information,0.12630,0.21059,0.19376,0.12630,0.21059,0.19376,0.04012,0.06676,0.05902,non-corporate,0.00507,0.01406,0.01144,0.16623,0.19286,0.18512,0.64984,0.61157,0.62139
81,81,Motion picture and sound recording industries,22.07241,32648570358.87631,5120,0.10064,0.26629,0.26857,0.26782,Information,0.12432,0.20099,0.18542,0.12432,0.20099,0.18542,0.04003,0.06595,0.05841,non-corporate,0.00498,0.01326,0.01083,0.14067,0.16659,0.15905,0.78434,0.74297,0.75405
82,82,Broadcasting and telecommunications,19.11518,114376654728.14319,5130,0.06871,0.25550,0.25374,0.25411,Information,0.05104,0.14601,0.12672,0.05104,0.14601,0.12672,0.03694,0.06171,0.05449,non-corporate,0.00189,0.00901,0.00690,0.10565,0.13042,0.12320,0.80778,0.76892,0.77929
83,83,Information and data processing services,17.05502,9622690881.11265,5140,0.20060,0.25545,0.25272,0.25344,Information,0.05066,0.14194,0.12362,0.05066,0.14194,0.12362,0.03693,0.06142,0.05429,non-corporate,0.00187,0.00872,0.00671,0.23753,0.26202,0.25490,0.82094,0.79536,0.80200
84,84,Management of companies and enterprises,43.27634,90403382551.37852,5500,0.07684,0.27526,0.28598,0.28274,Management of companies and enterprises,0.17713,0.25716,0.24096,0.17713,0.25716,0.24096,0.04260,0.07094,0.06269,non-corporate,0.00755,0.01824,0.01511,0.11944,0.14778,0.13953,0.48421,0.42112,0.43681
85,85,"Food, beverage, and tobacco products",48.30489,75311838089.07274,311A,0.05479,0.27409,0.28193,0.27958,Manufacturing,0.17060,0.24480,0.22983,0.17060,0.24480,0.22983,0.04227,0.06978,0.06178,non-corporate,0.00721,0.01708,0.01420,0.09706,0.12457,0.11657,0.48219,0.44555,0.45486
86,86,Textile mills and textile product mills,40.68702,7854948624.36963,313T,0.05307,0.27535,0.28421,0.28154,Manufacturing,0.17762,0.25183,0.23676,0.17762,0.25183,0.23676,0.04263,0.07044,0.06234,non-corporate,0.00757,0.01774,0.01476,0.09570,0.12351,0.11541,0.52691,0.47003,0.48431
87,87,Apparel and leather and allied products,57.59360,5338390836.40291,315A,0.03836,0.28107,0.29267,0.28923,Manufacturing,0.20810,0.27670,0.26282,0.20810,0.27670,0.26282,0.04427,0.07286,0.06455,non-corporate,0.00921,0.02016,0.01696,0.08263,0.11121,0.10290,0.37169,0.32759,0.33860
88,88,Wood products,49.75998,13100141973.21793,3210,0.04885,0.27617,0.28579,0.28292,Manufacturing,0.18215,0.25658,0.24156,0.18215,0.25658,0.24156,0.04286,0.07089,0.06274,non-corporate,0.00781,0.01819,0.01515,0.09172,0.11974,0.11159,0.45316,0.40875,0.41993
89,89,Paper products,35.24665,18990987477.75871,3220,0.07114,0.26723,0.27123,0.26999,Manufacturing,0.13015,0.21014,0.19397,0.13015,0.21014,0.19397,0.04030,0.06672,0.05903,non-corporate,0.00525,0.01402,0.01145,0.11145,0.13786,0.13018,0.61870,0.58049,0.59028
90,90,Printing and related support activities,29.64849,7652157518.59406,3230,0.08458,0.26622,0.26965,0.26856,Manufacturing,0.12391,0.20472,0.18836,0.12391,0.20472,0.18836,0.04001,0.06626,0.05862,non-corporate,0.00496,0.01357,0.01104,0.12459,0.15084,0.14320,0.66614,0.62204,0.63327
91,91,Petroleum and coal products,57.31094,36804972259.27284,3240,0.04485,0.27410,0.28305,0.28040,Manufacturing,0.17070,0.24827,0.23274,0.17070,0.24827,0.23274,0.04227,0.07010,0.06202,non-corporate,0.00722,0.01740,0.01443,0.08713,0.11496,0.10687,0.40510,0.37884,0.38557
92,92,Chemical products,28.24831,155956627360.72098,3250,0.07815,0.25660,0.25422,0.25487,Manufacturing,0.05912,0.14788,0.13018,0.05912,0.14788,0.13018,0.03726,0.06184,0.05470,non-corporate,0.00220,0.00915,0.00712,0.11541,0.13999,0.13285,0.72191,0.70248,0.70741
93,93,Plastics and rubber products,41.70295,18759113941.02066,3260,0.06817,0.26980,0.27486,0.27333,Manufacturing,0.14579,0.22225,0.20683,0.14579,0.22225,0.20683,0.04104,0.06776,0.05999,non-corporate,0.00598,0.01506,0.01241,0.10921,0.13593,0.12816,0.55872,0.52567,0.53412
94,94,Nonmetallic mineral products,50.65769,17930326841.17467,3270,0.05431,0.27301,0.28116,0.27873,Manufacturing,0.16451,0.24243,0.22678,0.16451,0.24243,0.22678,0.04196,0.06956,0.06154,non-corporate,0.00690,0.01686,0.01396,0.09627,0.12388,0.11585,0.46200,0.42855,0.43706
95,95,Primary metals,43.39133,31384946425.55616,3310,0.05661,0.27311,0.28031,0.27814,Manufacturing,0.16506,0.23976,0.22464,0.16506,0.23976,0.22464,0.04199,0.06932,0.06137,non-corporate,0.00693,0.01662,0.01379,0.09859,0.12593,0.11797,0.52674,0.48534,0.49589
96,96,Fabricated metal products,40.57109,33868174282.69432,3320,0.06834,0.27065,0.27629,0.27457,Manufacturing,0.15080,0.22690,0.21152,0.15080,0.22690,0.21152,0.04128,0.06817,0.06035,non-corporate,0.00623,0.01547,0.01276,0.10963,0.13651,0.12869,0.56315,0.52619,0.53565
97,97,Machinery,45.59719,44994036766.73473,3330,0.07085,0.27030,0.27547,0.27392,Manufacturing,0.14876,0.22424,0.20905,0.14876,0.22424,0.20905,0.04118,0.06793,0.06016,non-corporate,0.00613,0.01523,0.01258,0.11204,0.13878,0.13101,0.52839,0.50056,0.50766
98,98,Computer and electronic products,27.75599,67202508361.14622,3340,0.14689,0.26096,0.26121,0.26107,Manufacturing,0.08962,0.17459,0.15753,0.08962,0.17459,0.15753,0.03851,0.06385,0.05648,non-corporate,0.00345,0.01115,0.00890,0.18540,0.21074,0.20337,0.70403,0.67208,0.68016
99,99,"Electrical equipment, appliances, and components",51.19822,13457767002.27841,3350,0.06238,0.27358,0.28075,0.27862,Manufacturing,0.16776,0.24113,0.22637,0.16776,0.24113,0.22637,0.04212,0.06944,0.06151,non-corporate,0.00707,0.01674,0.01392,0.10450,0.13182,0.12389,0.46559,0.43512,0.44279
100,100,"Motor vehicles, bodies and trailers, and parts",39.59103,37968439962.33989,336M,0.10231,0.26796,0.27189,0.27069,Manufacturing,0.13470,0.21236,0.19672,0.13470,0.21236,0.19672,0.04051,0.06691,0.05924,non-corporate,0.00546,0.01421,0.01165,0.14282,0.16921,0.16154,0.58757,0.55768,0.56535
101,101,Other transportation equipment,55.71089,37605705698.82620,336O,0.06783,0.27533,0.28303,0.28076,Manufacturing,0.17756,0.24820,0.23402,0.17756,0.24820,0.23402,0.04263,0.07010,0.06212,non-corporate,0.00757,0.01740,0.01454,0.11045,0.13793,0.12995,0.42516,0.40029,0.40657
102,102,Furniture and related products,46.12348,3398491339.24600,3370,0.06149,0.27465,0.28275,0.28033,Manufacturing,0.17373,0.24737,0.23248,0.17373,0.24737,0.23248,0.04243,0.07002,0.06200,non-corporate,0.00737,0.01732,0.01441,0.10392,0.13151,0.12349,0.49505,0.45260,0.46330
103,103,Miscellaneous manufacturing,44.10283,21983133311.41251,338A,0.07690,0.26870,0.27291,0.27165,Manufacturing,0.13916,0.21580,0.20042,0.13916,0.21580,0.20042,0.04072,0.06720,0.05951,non-corporate,0.00567,0.01450,0.01193,0.11763,0.14410,0.13641,0.54754,0.52074,0.52751
104,104,Oil and gas extraction,9.26036,250060628349.92041,2110,0.07292,0.24756,0.24072,0.24260,Mining,-0.01120,0.09105,0.07045,-0.01120,0.09105,0.07045,0.03467,0.05798,0.05119,non-corporate,-0.00039,0.00528,0.00361,0.10758,0.13089,0.12410,0.90267,0.87896,0.88543
105,105,"Mining, except oil and gas",36.47161,42556976403.16281,2120,0.05093,0.26244,0.26510,0.26424,Mining,0.09955,0.18878,0.17085,0.09955,0.18878,0.17085,0.03893,0.06496,0.05739,non-corporate,0.00388,0.01226,0.00980,0.08987,0.11590,0.10832,0.61823,0.58897,0.59666
106,106,Support activities for mining,15.74712,25044165259.30807,2130,0.09481,0.25385,0.25041,0.25131,Mining,0.03875,0.13258,0.11362,0.03875,0.13258,0.11362,0.03647,0.06075,0.05368,non-corporate,0.00141,0.00805,0.00610,0.13128,0.15557,0.14850,0.84032,0.81289,0.82033
107,107,"Other services, except government",36.31857,434659499245.39331,8100,0.04450,0.26941,0.27788,0.27522,"Other services, except government",0.14343,0.23205,0.21395,0.14343,0.23205,0.21395,0.04093,0.06862,0.06053,non-corporate,0.00587,0.01592,0.01295,0.08543,0.11313,0.10504,0.57254,0.49872,0.51736
108,108,Legal services,29.93984,24694671280.08685,5411,0.09912,0.27147,0.27933,0.27691,"Professional, scientific, and technical services",0.15565,0.23668,0.22017,0.15565,0.23668,0.22017,0.04152,0.06904,0.06102,non-corporate,0.00646,0.01634,0.01343,0.14064,0.16815,0.16013,0.61950,0.55315,0.56981
109,109,"Miscellaneous professional, scientific, and technical services",19.84614,250145961935.08807,5412,0.14671,0.25870,0.25811,0.25820,"Professional, scientific, and technical services",0.07403,0.16296,0.14506,0.07403,0.16296,0.14506,0.03786,0.06296,0.05566,non-corporate,0.00280,0.01026,0.00807,0.18457,0.20966,0.20236,0.77666,0.74099,0.75011
110,110,Computer systems design and related services,22.66047,34987856978.92335,5415,0.19874,0.26743,0.27153,0.27024,"Professional, scientific, and technical services",0.13139,0.21115,0.19495,0.13139,0.21115,0.19495,0.04036,0.06680,0.05911,non-corporate,0.00530,0.01411,0.01152,0.23910,0.26554,0.25784,0.72376,0.67727,0.68910
111,111,Real estate,84.96022,10194539931205.20117,5310,0.00516,0.28149,0.29809,0.29321,Real estate and rental and leasing,0.21023,0.29178,0.27561,0.21023,0.29178,0.27561,0.04439,0.07441,0.06569,non-corporate,0.00933,0.02171,0.01810,0.04955,0.07957,0.07084,0.11808,0.09578,0.10143
112,112,Rental and leasing services and lessors of intangible assets,14.26025,187611316433.88910,5320,0.13356,0.25430,0.25074,0.25169,Real estate and rental and leasing,0.04217,0.13395,0.11543,0.04217,0.13395,0.11543,0.03660,0.06085,0.05379,non-corporate,0.00154,0.00815,0.00621,0.17016,0.19441,0.18735,0.85506,0.83185,0.83821
113,113,Retail trade,68.40422,599107994988.67297,44RT,0.02814,0.28439,0.29850,0.29434,Retail trade,0.22473,0.29292,0.27917,0.22473,0.29292,0.27917,0.04522,0.07453,0.06601,non-corporate,0.01016,0.02183,0.01843,0.07336,0.10267,0.09415,0.26568,0.22728,0.23685
114,114,Air transportation,14.96155,47796425035.43796,4810,0.07360,0.25442,0.25199,0.25257,Transportation and warehousing,0.04307,0.13900,0.11958,0.04307,0.13900,0.11958,0.03663,0.06121,0.05405,non-corporate,0.00158,0.00851,0.00646,0.11024,0.13481,0.12765,0.81931,0.78031,0.79045
115,115,Railroad transportation,15.14169,83039763589.18028,4820,0.03034,0.24662,0.24060,0.24220,Transportation and warehousing,-0.01911,0.09053,0.06836,-0.01911,0.09053,0.06836,0.03440,0.05794,0.05107,non-corporate,-0.00066,0.00525,0.00349,0.06474,0.08829,0.08142,0.86528,0.83391,0.84245
116,116,Water transportation,17.50642,9217710064.52573,4830,0.06936,0.25541,0.25352,0.25393,Transportation and warehousing,0.05038,0.14512,0.12589,0.05038,0.14512,0.12589,0.03692,0.06164,0.05444,non-corporate,0.00186,0.00895,0.00685,0.10628,0.13100,0.12379,0.81380,0.77520,0.78545
117,117,Truck transportation,19.74733,37317255861.67974,4840,0.13042,0.25936,0.25889,0.25894,Transportation and warehousing,0.07866,0.16594,0.14832,0.07866,0.16594,0.14832,0.03805,0.06318,0.05587,non-corporate,0.00299,0.01048,0.00829,0.16847,0.19360,0.18629,0.78356,0.75281,0.76092
118,118,Transit and ground passenger transportation,25.50512,10233125938.31284,4850,0.08065,0.26694,0.27232,0.27061,Transportation and warehousing,0.12838,0.21380,0.19639,0.12838,0.21380,0.19639,0.04022,0.06703,0.05921,non-corporate,0.00516,0.01433,0.01163,0.12087,0.14768,0.13986,0.67381,0.60987,0.62602
119,119,Pipeline transportation,8.49334,33708295455.20280,4860,0.05378,0.24639,0.23917,0.24115,Transportation and warehousing,-0.02108,0.08403,0.06284,-0.02108,0.08403,0.06284,0.03433,0.05753,0.05077,non-corporate,-0.00072,0.00483,0.00319,0.08812,0.11132,0.10456,0.90782,0.88171,0.88878
120,120,Other transportation and support activities,23.54062,34235605978.81979,487S,0.06371,0.25755,0.25752,0.25739,Transportation and warehousing,0.06589,0.16070,0.14149,0.06589,0.16070,0.14149,0.03753,0.06279,0.05542,non-corporate,0.00247,0.01009,0.00784,0.10124,0.12650,0.11914,0.74840,0.70648,0.71742
121,121,Warehousing and storage,38.87182,15189477206.55462,4930,0.04458,0.27527,0.28655,0.28311,Transportation and warehousing,0.17719,0.25887,0.24222,0.17719,0.25887,0.24222,0.04261,0.07111,0.06279,non-corporate,0.00755,0.01841,0.01521,0.08719,0.11568,0.10737,0.50854,0.43069,0.45007
122,122,Utilities,16.13995,110848021471.90637,2200,0.04133,0.24968,0.24531,0.24641,Utilities,0.00621,0.11119,0.08987,0.00621,0.11119,0.08987,0.03528,0.05929,0.05228,non-corporate,0.00022,0.00659,0.00470,0.07661,0.10062,0.09361,0.84972,0.81267,0.82270
123,123,Wholesale trade,74.90337,387578651034.04889,4200,0.03635,0.28475,0.29768,0.29391,Wholesale trade,0.22651,0.29068,0.27780,0.22651,0.29068,0.27780,0.04532,0.07429,0.06589,non-corporate,0.01027,0.02160,0.01830,0.08168,0.11065,0.10224,0.23058,0.21193,0.21664
124,124,Accommodation and food services,57.53282,422339182442.50781,,0.03387,0.25215,0.36687,0.33002,Accommodation and food services,-0.04221,0.38574,0.30013,0.20288,0.44188,0.39395,0.04989,0.09442,0.08013,corporate,0.01012,0.04172,0.03157,0.08377,0.12829,0.11400,0.36527,0.29158,0.31076
125,125,Administrative and waste management services,25.41352,175956964097.71542,,0.10934,0.29365,0.39682,0.36364,Administrative and waste management services,0.17013,0.44036,0.38015,0.36529,0.49152,0.46325,0.06266,0.10364,0.09047,corporate,0.02289,0.05094,0.04191,0.17200,0.21298,0.19981,0.72840,0.66947,0.68557
126,126,"Agriculture, forestry, fishing, and hunting",56.81278,393953898679.37433,,0.03838,0.25053,0.35845,0.32383,"Agriculture, forestry, fishing, and hunting",-0.05278,0.36840,0.28309,0.19480,0.42614,0.37920,0.04939,0.09183,0.07822,corporate,0.00962,0.03913,0.02966,0.08778,0.13021,0.11661,0.44426,0.41841,0.42589
127,127,"Arts, entertainment, and recreation",32.00288,183023311189.45822,,0.05550,0.25632,0.36082,0.32724,"Arts, entertainment, and recreation",-0.01609,0.37339,0.29257,0.22286,0.43066,0.38741,0.05118,0.09256,0.07927,corporate,0.01141,0.03986,0.03071,0.10668,0.14806,0.13477,0.66627,0.61104,0.62623
130,130,Finance and insurance,28.64482,1136731273762.68823,,0.10585,0.29630,0.40408,0.36940,Finance and insurance,0.18079,0.45216,0.39207,0.37344,0.50224,0.47357,0.06348,0.10587,0.09225,corporate,0.02370,0.05317,0.04369,0.16932,0.21172,0.19809,0.65451,0.57127,0.59326
131,131,Health care and social assistance,31.95205,742735929973.70728,,0.05691,0.26295,0.37341,0.33780,Health care and social assistance,0.02283,0.39855,0.32042,0.25262,0.45352,0.41153,0.05321,0.09643,0.08252,corporate,0.01344,0.04373,0.03396,0.11013,0.15335,0.13943,0.59540,0.48662,0.51503
132,132,Information,18.40316,1889701073104.17749,,0.09138,0.27863,0.37911,0.34679,Information,0.10408,0.40929,0.34247,0.31477,0.46329,0.43062,0.05804,0.09819,0.08529,corporate,0.01827,0.04549,0.03673,0.14942,0.18956,0.17667,0.82057,0.76539,0.78106
133,133,Management of companies and enterprises,44.32188,424413435043.75659,,0.07542,0.27864,0.39078,0.35472,Management of companies and enterprises,0.10409,0.43013,0.36075,0.31478,0.48222,0.44645,0.05804,0.10178,0.08773,corporate,0.01827,0.04908,0.03917,0.13346,0.17720,0.16315,0.48744,0.40143,0.42376
134,134,Manufacturing,36.92289,3957731548856.36719,,0.08262,0.27850,0.38298,0.34946,Manufacturing,0.10346,0.41636,0.34874,0.31430,0.46971,0.43605,0.05800,0.09938,0.08611,corporate,0.01823,0.04668,0.03755,0.14062,0.18200,0.16873,0.61687,0.57289,0.58467
135,135,Mining,11.98029,1516827958990.16870,,0.07289,0.26074,0.35673,0.32587,Mining,0.01019,0.36473,0.28878,0.24296,0.42280,0.38413,0.05254,0.09130,0.07885,corporate,0.01276,0.03860,0.03029,0.12542,0.16419,0.15174,0.87827,0.84315,0.85341
136,136,"Other services, except government",38.49273,227393671624.08221,,0.04298,0.25257,0.36270,0.32719,"Other services, except government",-0.03953,0.37728,0.29245,0.20493,0.43420,0.38730,0.05002,0.09314,0.07926,corporate,0.01025,0.04044,0.03070,0.09301,0.13612,0.12224,0.56670,0.46760,0.49387
137,137,"Professional, scientific, and technical services",20.56875,311940720409.51123,,0.15141,0.32293,0.42496,0.39219,"Professional, scientific, and technical services",0.27447,0.48351,0.43501,0.44509,0.53072,0.51075,0.07167,0.11230,0.09926,corporate,0.03190,0.05960,0.05070,0.22308,0.26370,0.25067,0.76970,0.71502,0.72972
138,138,Real estate and rental and leasing,78.11816,2794042661352.66748,,0.01684,0.23971,0.35562,0.31843,Real estate and rental and leasing,-0.12888,0.36236,0.26754,0.13659,0.42064,0.36573,0.04606,0.09096,0.07656,corporate,0.00629,0.03826,0.02800,0.06291,0.10780,0.09341,0.19250,0.16045,0.16908
140,140,Transportation and warehousing,16.62231,1016356440895.40027,,0.06020,0.25367,0.35210,0.32041,Transportation and warehousing,-0.03254,0.35466,0.27333,0.21028,0.41365,0.37075,0.05036,0.08988,0.07717,corporate,0.01059,0.03718,0.02861,0.11056,0.15008,0.13738,0.82870,0.77870,0.79282
143,143,Accommodation and food services,51.99285,453453559856.99200,,0.03613,0.27970,0.29321,0.28917,Accommodation and food services,0.20101,0.27823,0.26262,0.20101,0.27823,0.26262,0.04388,0.07301,0.06453,non-corporate,0.00882,0.02031,0.01695,0.08001,0.10914,0.10066,0.39485,0.33126,0.34707
144,144,Administrative and waste management services,24.64493,133222200108.78630,,0.11416,0.26126,0.26286,0.26227,Administrative and waste management services,0.09165,0.18066,0.16264,0.09165,0.18066,0.16264,0.03859,0.06432,0.05682,non-corporate,0.00354,0.01162,0.00924,0.15276,0.17848,0.17099,0.72662,0.68407,0.69504
145,145,"Agriculture, forestry, fishing, and hunting",65.56676,878144931747.60754,,0.03088,0.27312,0.28209,0.27944,"Agriculture, forestry, fishing, and hunting",0.16513,0.24531,0.22932,0.16513,0.24531,0.22932,0.04199,0.06983,0.06174,non-corporate,0.00693,0.01713,0.01416,0.07287,0.10071,0.09262,0.35103,0.33615,0.34015
146,146,"Arts, entertainment, and recreation",30.79395,189876790496.84369,,0.05699,0.26177,0.26460,0.26367,"Arts, entertainment, and recreation",0.09508,0.18697,0.16850,0.09508,0.18697,0.16850,0.03874,0.06482,0.05722,non-corporate,0.00368,0.01212,0.00964,0.09573,0.12180,0.11421,0.67069,0.63006,0.64059
149,149,Finance and insurance,55.56686,309388598976.24060,,0.05886,0.27687,0.28856,0.28508,Finance and insurance,0.18598,0.26484,0.24898,0.18598,0.26484,0.24898,0.04307,0.07168,0.06336,non-corporate,0.00801,0.01898,0.01577,0.10193,0.13054,0.12222,0.38830,0.34375,0.35490
150,150,Health care and social assistance,31.77017,712395799031.93506,,0.05663,0.27100,0.28016,0.27731,Health care and social assistance,0.15289,0.23928,0.22164,0.15289,0.23928,0.22164,0.04138,0.06927,0.06113,non-corporate,0.00633,0.01658,0.01355,0.09801,0.12591,0.11776,0.58093,0.50199,0.52170
151,151,Information,20.47709,167179370662.11737,,0.08615,0.25830,0.25769,0.25775,Information,0.07124,0.16137,0.14309,0.07124,0.16137,0.14309,0.03775,0.06284,0.05553,non-corporate,0.00269,0.01014,0.00795,0.12390,0.14899,0.14168,0.79401,0.75546,0.76572
152,152,Management of companies and enterprises,43.27634,90403382551.37852,,0.07684,0.27526,0.28598,0.28274,Management of companies and enterprises,0.17713,0.25716,0.24096,0.17713,0.25716,0.24096,0.04260,0.07094,0.06269,non-corporate,0.00755,0.01824,0.01511,0.11944,0.14778,0.13953,0.48421,0.42112,0.43681
153,153,Manufacturing,40.15757,649562708071.83960,,0.07667,0.26724,0.27104,0.26988,Manufacturing,0.13022,0.20947,0.19354,0.13022,0.20947,0.19354,0.04031,0.06666,0.05900,non-corporate,0.00525,0.01396,0.01142,0.11698,0.14333,0.13567,0.57955,0.54958,0.55720
154,154,Mining,13.41725,317661770012.39130,,0.07170,0.25005,0.24475,0.24619,Mining,0.00919,0.10880,0.08874,0.00919,0.10880,0.08874,0.03538,0.05913,0.05222,non-corporate,0.00032,0.00643,0.00463,0.10708,0.13083,0.12391,0.85965,0.83490,0.84161
155,155,"Other services, except government",36.31857,434659499245.39331,,0.04450,0.26941,0.27788,0.27522,"Other services, except government",0.14343,0.23205,0.21395,0.14343,0.23205,0.21395,0.04093,0.06862,0.06053,non-corporate,0.00587,0.01592,0.01295,0.08543,0.11313,0.10504,0.57254,0.49872,0.51736
156,156,"Professional, scientific, and technical services",20.96846,309828490194.09827,,0.14879,0.26070,0.26131,0.26105,"Professional, scientific, and technical services",0.08786,0.17500,0.15742,0.08786,0.17500,0.15742,0.03843,0.06388,0.05647,non-corporate,0.00338,0.01118,0.00889,0.18722,0.21267,0.20526,0.75816,0.71883,0.72885
157,157,Real estate and rental and leasing,83.68263,10382151247639.08984,,0.00748,0.28100,0.29723,0.29246,Real estate and rental and leasing,0.20772,0.28944,0.27323,0.20772,0.28944,0.27323,0.04425,0.07417,0.06547,non-corporate,0.00919,0.02147,0.01789,0.05173,0.08164,0.07295,0.13140,0.10908,0.11474
159,159,Transportation and warehousing,17.78260,270737659129.71378,,0.06294,0.25378,0.25131,0.25190,Transportation and warehousing,0.03825,0.13625,0.11641,0.03825,0.13625,0.11641,0.03645,0.06101,0.05385,non-corporate,0.00139,0.00831,0.00627,0.09939,0.12395,0.11679,0.80741,0.77002,0.77986
162,162,Overall,38.79367,20307631178754.23438,,0.06162,0.26362,0.36976,0.33565,Overall,0.02659,0.39146,0.31494,0.25551,0.44708,0.40678,0.05342,0.09531,0.08186,corporate,0.01365,0.04261,0.03330,0.11504,0.15693,0.14348,0.59012,0.53659,0.55112
163,163,Overall,68.60454,17036588368688.33008,,0.02639,0.27694,0.28971,0.28593,Overall,0.18634,0.26820,0.25186,0.18634,0.26820,0.25186,0.04309,0.07201,0.06360,non-corporate,0.00803,0.01931,0.01602,0.06948,0.09840,0.08999,0.27914,0.24902,0.25666
