Item,All industries,"Agriculture, forestry, fishing, and hunting",Crop production,Animal production,"Forestry 
and logging","Fishing, hunting, 
and trapping","Support activities for 
agriculture and forestry",Mining,"Oil and gas 
extraction",Other mining,"Support activities 
for mining",Utilities,Construction,"Construction 
of buildings",Heavy and civil engineering construction,"Utility 
system 
construction",Land subdivision,"Other heavy and 
civil engineering 
 construction",Special trade contractors,"Foundation,
structure, and 
building exterior
contractors","Electrical 
contractors","Plumbing,
heating and
air-conditioning
contractors","Building
finishing
contractors","Other
 specialty
trade
contractors",Manufacturing,"Food
manufacturing","Beverage and
tobacco
product
manufacturing","Textile mills
and textile
product mills","Apparel 
manufacturing","Leather and
allied
product
manufacturing","Wood
product
manufacturing","Paper
manufacturing","Printing
and related
support
activities","Petroleum 
and coal 
products 
manufacturing","Chemical
manufacturing","Plastics and
rubber
products
manufacturing","Nonmetallic
 mineral
products
manufacturing","Primary
metal
manufacturing","Fabricated
metal
products
manufacturing","Machinery
manufacturing","Computer
and electrical
product
manufacturing","Electrical
equipment,
appliance and
component
manufacturing","Transportation
equipment
manufacturing","Furniture
and related
product
manufacturing","Miscellaneous
manufacturing",Wholesale trade,"Merchant 
wholesalers,
durable goods","Merchant 
wholesalers,
nondurable 
 goods","Wholesale
electronic
markets and
agents and
brokers",Retail trade,"Motor
vehicle and
parts dealers","Furniture
and home
furnishing
stores","Electronics
and appliance
stores","Building
materials and
garden
equipment and
supplies dealers","Food
and beverage
stores","Health
and personal
care stores","Gasoline
stations","Clothing and
clothing
accessories
stores","Sporting
goods, hobby,
book, and
music stores","General
merchandise
stores","Miscellaneous
store
retailers","Nonstore
retailers",Transportation and warehousing,"Air
and
rail
transportation","Water
transportation","Truck 
transportation","Other transit
and ground
passenger
transportation","Pipeline
transportation","Scenic and
sightseeing
transportation","Support
activities for
transportation","Couriers
and
messengers","Warehousing
and
storage",Information,"Publishing
industries
(except internet)","Motion picture
and sound
recording
industries","Broadcasting
(except internet)","Tele-
communications","Data
processing 
services","Other 
information
services",Finance and insurance,"Depository
credit
intermediation","Nondepository
credit
intermediation","Activities
related to credit
intermediation","Securities, commodity contracts and 
other financial investments and related activities","Securities
and
commodity
contracts
and exchanges","Other
financial
investment
activities","Insurance
carriers
and
related
activities","Funds, trusts,
and other
financial
 vehicles",Real estate and rental and leasing,Real estate,"Lessors of
residential 
buildings and 
dwellings and 
cooperative 
housing","Lessors of
nonresidential
buildings (except 
miniwarehouses)","Lessors of
miniwarehouses
and self-storage
 units","Lessors of
other real 
estate
property","Other
real estate
activities","Rental
and
leasing
services","Lessors of
nonfinancial 
intangible assets 
(except copyrighted
works)","Professional, scientific, and technical services","Legal
services","Accounting,
tax preparation,
bookkeeping
and payroll
services","Architectural,
engineering
and related
services","Specialized
design 
services","Computer
systems
design and
related
services","Other professional, scientific, and technical services","Management,
scientific, and 
technical
consulting
services","Advertising
and related
services","Other
miscellaneous
professional,
scientific and
technical 
services","Management
of companies
(holding
companies)"," Administrative and support and waste 
management and remediation services ","Administrative
and
support
services","Waste 
management
and
remediation
services","Educational 
services", Health care and social assistance,"Offices of
physicians
and dentists","Offices 
of other
health
practitioners","Outpatient
care
centers","Medical
and
diagnostic
laboratories","Home
health
care
services","Other
ambulatory
health care
services",Hospitals,"Nursing
and
residential
care
facilities","Social
assistance","Arts, entertainment, and recreation","Performing arts,
spectator sports
and related
industries","Museums,
historical sites,
and similar
institutions","Amusement,
gambling,
and recreation
industries",Accommodation and food services,Accommodation,"Food
services
and
drinking
places",Other services,Repair and maintenance,"Automotive
repair and
maintenance","Other
repair and
maintenance ","Personal
and laundry
services","Religious,
grantmaking,
civic, professional,
and similar
organizations"
Number of partnerships [1],3388561,151291,75988,44701,12442,4016,14144,32276,25208,1949,5119,3053,160553,74992,19663,567,16615,2481,65898,12696,9687,10758,12388,20369,66983,12402,3024,358,586,337,2859,260,6165,383,1760,3336,915,527,5720,5588,2297,539,5133,758,14038,63917,42071,19652,2194,158529,16531,4548,4881,5623,22005,7611,8938,21966,10131,2690,29337,24268,41567,5233,246,20975,5609,475,19,7226,812,973,38380,10839,11886,3779,6020,1153,4704,306245,16,18120,1581,231455,12676,218779,13311,41762,1664237,1622349,509675,657146,17266,99915,338347,33535,8353,233635,33528,33835,17298,14698,30100,104175,59510,8860,35805,28157,70213,63186,7027,14380,83535,29678,13723,7997,6840,3245,2619,1116,8673,9643,66228,41766,335,24128,123779,32232,91547,81602,38868,32017,6851,40325,2409
    Number of partners,25333616,485553,236173,161805,44992,9071,33513,1861948,1637839,180393,43715,138093,425663,220232,55352,1716,45766,7870,150078,27028,21390,23642,30084,47934,847487,43613,15459,1273,1502,729,7737,1371,19385,345503,257718,11405,3553,2777,18785,24031,16549,2923,14720,3114,55338,587790,123412,454888,9490,648016,43579,10265,21446,19414,55310,49387,22043,47620,22569,5791,70919,279674,2968476,11570,72767,46735,17399,2757455,78,58015,1831,2625,204379,45532,42387,49453,41382,3711,21914,6296529,197,140746,6351,4444389,525163,3919226,54488,1650358,7326019,7133255,2149943,2806620,59615,516370,1600707,110044,82720,793315,174708,105249,51825,52392,98593,310549,167936,31501,111112,1149013,185862,146413,39449,37308,375345,130238,33903,69736,35507,7828,17828,14265,42818,23223,314098,156195,993,156910,443599,147437,296162,245123,82795,67321,15474,157511,4817
    Number of partnerships,2540028,107964,53661,36410,8490,842,8561,25771,19564,1949,4257,3019,104217,50082,16006,557,13007,2442,38129,4894,7815,6805,4828,13788,45854,8618,3003,337,258,0,2520,257,3422,357,1699,3290,896,428,4948,1974,1956,0,1372,758,9214,50030,31023,17472,1536,104444,12791,3891,4002,4219,17724,7284,8331,10894,4215,2686,13848,14558,30042,5219,0,12833,5609,406,19,3952,0,959,24234,2840,8667,2580,4699,0,0,256134,16,10839,1441,191664,6983,184681,12964,39210,1327038,1301503,387949,559144,12403,72120,269886,19591,5943,143914,27872,20850,14181,3765,16516,60731,34425,4888,21417,21432,41617,35262,6355,7811,63020,25376,10519,7019,4803,1376,828,1087,7584,4429,40216,22847,335,17035,92358,26855,65502,50912,21730,18462,3267,29179,4
    Number of partners,22747559,373725,167898,143686,37076,2723,22342,1837811,1615607,180393,41811,137699,299264,161533,47566,1676,38173,7717,90165,11424,17647,15736,14298,31061,798699,35746,15186,1201,801,0,7051,1357,13886,345388,257090,11186,3499,2579,17240,14308,15808,0,4649,3114,45613,550757,94320,448912,7525,526680,35028,8924,19521,16076,45026,48728,20658,23069,9958,5782,39592,254319,2943648,11542,0,30418,17399,2757183,78,49883,0,2598,117557,10303,32522,11211,38737,0,0,6004997,197,122733,6072,4183201,512470,3670730,53725,1639069,6195865,6045544,1837025,2369452,49859,396950,1392258,78074,72248,591105,160395,78427,37925,25614,70503,218241,112603,23531,82106,1132520,128019,89917,38102,20819,323569,120784,26959,64987,26165,4385,13702,13611,40555,12422,232451,98522,993,132936,348381,119327,229053,183994,48338,40040,8298,135648,7
Total assets,22014928866,206267740,73325576,62918874,56249331,3959496,9814463,498947460,424784785,55164975,18997700,301316906,185368061,102195291,60207473,8933363,34135845,17138265,22965297,2898458,2716487,4618216,2091531,10640604,766973149,50540052,49928858,2646128,3194222,78260,7512230,50056665,4033829,186826414,124596742,19400243,8590459,22724861,22713069,69576674,16635618,5234975,82142816,2589783,37951251,229545873,81002938,146071766,2471169,168389062,46758703,4904654,1666737,6918370,22929777,5939345,16784403,11887303,7236994,4845730,10524289,27992756,436329482,18847768,22247944,8966219,2340509,335716895,404116,28465356,60078,19280595,662748863,23122749,24533422,145574583,444196813,10961657,14359639,12151867789,8624933,275565641,29167091,10359613108,566371544,9793241564,27903466,1450993551,4952793483,4820459417,1223006770,2338893110,41831207,175532819,1041195511,109629541,22704526,226437030,39884778,25831904,11312004,2834831,20484972,126088541,63622956,13084674,49380911,637075485,76611446,63290366,13321079,4435201,142843317,14328332,2837121,21518691,8387807,2067354,1031071,44539592,45529141,2604208,107642256,57726109,99763,49816384,239198260,193619833,45578427,20138002,8520110,5784240,2735870,11231772,386120
    Cash,1066981227,11390430,5580414,3679145,1184741,200025,746105,22151730,19340529,1539684,1271517,7153896,19794028,9844143,6633191,1343724,1007234,4282234,3316694,485502,486622,582434,324335,1437800,34891388,2001684,884440,111560,168110,23221,375663,500099,333912,7109589,4390410,719115,327871,1780067,1155667,1954008,2084095,216515,9994757,120863,639741,11319770,4902739,6067271,349760,12626549,4086409,495710,329435,269318,2222823,629299,638494,737319,638349,319521,841682,1418191,11754727,1128334,1105761,905784,133721,6688891,68709,1372581,7979,342968,14869075,992775,2093480,4591325,4067363,783407,2340726,599895442,2923091,6649724,2581636,531318117,52904598,478413520,4111612,52311261,194741489,189642524,51048720,86901324,896958,7798593,42996929,4088484,1010481,47234443,18200894,6585808,1761380,128421,2893898,17664041,10978625,1867329,4818088,31730399,7837811,6940710,897101,523275,12997984,3319724,789710,3024676,993065,290318,76227,1652752,2633586,217925,9089126,6125983,9374,2953770,14711495,10171552,4539943,2268171,632803,351223,281580,1634521,846
    Trade notes and accounts receivable,810689885,6278845,1863498,2298019,996639,58180,1062509,28483227,22594725,3319308,2569193,16818203,24366000,11065853,5931907,978791,1484760,3468355,7368241,1182736,1065414,1462130,729787,2928175,116262602,6434046,6813888,630811,670468,21218,912482,3284107,985191,21743089,22362805,2327001,1258630,3314465,3294370,15704983,2913335,744968,12203990,255276,10387478,56365920,21061527,34663886,640508,15809804,5133389,858124,357461,808878,968070,1095361,1662024,486550,436283,407572,472840,3123252,53942331,8532546,765121,2400222,176379,32674135,39766,3400816,34334,5919012,58305476,3406195,3808821,15925965,29552324,4009770,1602400,286926248,50413,139996314,2996881,134056271,67886748,66169523,1981511,7844859,47357682,37320862,4001766,21534578,381748,1502843,9899928,7947719,2089100,30677666,3533013,5130221,3149852,364016,3463518,15037046,6122981,2727159,6186905,12688781,14627476,13314759,1312717,347142,29557974,2542871,397758,4553974,2028342,631788,293308,13331297,5609298,169338,4659646,3082306,11558,1565782,5884458,3190507,2693951,1330403,721105,160262,560844,608339,958
        Less:  Allowance for bad debts,27584783,41699,13186,3483,2103,124,22803,215839,159787,16968,39085,130323,119744,41342,17890,2281,0,15609,60512,15741,7184,16202,6268,15117,1311870,132989,12243,24810,26085,196,16602,28726,24803,77849,223494,48805,39862,33354,83399,304984,74452,10606,92692,5129,50792,827066,475108,346387,5572,435216,38651,29420,3346,11745,53088,62287,10406,28124,7994,23435,3865,162855,106810,9447,5448,31970,4307,13829,100,33332,1903,6475,1920259,285712,94559,438596,1035598,50360,15433,8130135,0,7140765,9245,780989,163676,617314,30284,168852,1396299,1257491,404395,577629,6051,74729,194686,136604,2204,1096142,50078,466543,46159,2534,181739,349090,256866,48616,43608,74573,775579,710589,64990,57620,10555317,527442,95728,1275059,761993,67952,85362,7222899,516713,2167,123419,39964,0,83455,182142,166988,15154,84731,47073,1400,45674,37658,0
    Inventories,304131610,11290746,2657675,7084228,177263,41292,1330289,5414947,1671122,3202289,541535,2417841,36296838,23665826,11493945,31727,11270613,191605,1137066,272566,92531,175543,127336,469090,74090131,8029218,3573292,863102,740375,18165,1632233,2891332,350019,13959487,11694407,1926150,1085337,4017146,3422433,6043178,1419247,907890,8348740,334771,2833608,50607766,23460460,26966229,181077,47294643,23672796,1464906,382700,1942588,4221455,1358420,1192712,2516312,2361404,1437942,4412284,2331124,4959523,216790,109429,98855,13225,3824007,3640,383514,2556,307507,8734090,448880,2562143,2283255,3373496,6960,59356,12705694,0,1814438,9502,10769109,2986623,7782486,5908,106738,40937608,39305117,3054409,1379808,5686,2404865,32460350,1623903,8588,1758694,329,7698,53613,124812,194020,1378221,320863,76433,980926,2436964,515549,420045,95504,22342,713896,92916,71639,253422,45092,25203,14770,174234,36620,0,988405,291690,2480,694235,2163700,813341,1350359,782234,591787,253919,337868,190447,0
    U.S. Government obligations,193755714,74,0,0,0,74,0,446841,446841,0,0,0,190936,4161,186774,113665,0,73109,0,0,0,0,0,0,9596,103,0,0,0,0,0,0,0,0,9493,0,0,0,0,0,0,0,0,0,0,11987,0,11987,0,15753,13781,0,0,0,0,0,0,1972,0,0,0,0,28159,0,0,0,0,0,0,28159,0,0,14088,1,6119,7968,0,0,0,191644009,78369,285457,0,157380329,3418016,153962314,30580,33869273,1145349,1145349,259338,884304,0,1217,490,0,0,203899,203899,0,0,0,0,0,0,0,0,44253,0,0,0,0,500,500,0,0,0,0,0,0,0,0,116,116,0,0,154,0,154,0,0,0,0,0,0
    Tax-exempt securities,56401083,339523,209184,0,130339,0,0,292585,292585,0,0,22848,751692,328039,398570,19777,325812,52981,25083,13314,0,0,0,11769,32823,0,28623,0,0,0,4200,0,0,0,0,0,0,0,0,0,0,0,0,0,0,14947,0,14947,0,10587,0,0,0,0,0,435,190,9961,0,0,0,0,0,0,0,0,0,0,0,0,0,0,25356,0,25356,0,0,0,0,49617795,665053,10015,0,43496062,11238153,32257909,0,5446664,4869320,4869320,1586498,2064080,0,476664,742079,0,0,4416,4,0,0,0,0,4412,0,4162,250,356709,0,0,0,0,48089,41444,0,0,0,0,0,0,5023,1623,0,0,0,0,14392,14392,0,0,0,0,0,0,0
    Other current assets,2207929564,11407177,5804986,1935858,2869589,78571,718173,37376722,31682604,4958035,736083,9278540,27506984,16538816,8811094,426716,4358151,4026227,2157075,353792,169272,385257,137149,1111606,59457290,2824365,630862,60465,385630,1948,613688,3534202,335892,3185603,12042143,1626766,216078,2562227,804925,5482882,606485,726321,20844103,66198,2906505,17550286,6474440,10707861,367985,10436658,1775215,246818,79289,1635510,1264857,203054,1409961,420583,527250,104374,519220,2250526,9754910,738139,587855,815433,142032,5886039,45343,1264447,2880,272741,52149302,3484573,1889317,13065317,31707362,425556,1577178,1645177529,290133,18317258,7274761,1517558868,242991773,1274567095,1785994,99950516,204981773,196934310,43034886,80881675,692499,6945006,65380243,7558107,489355,34288958,6126689,4475384,1660340,301165,2231539,19493841,7676878,1882648,9934315,48961589,9064923,8186971,877952,323474,9910536,1110438,150241,1062262,589686,136871,127621,3358311,3340561,34545,8453360,5794079,33606,2625675,10775722,6991663,3784059,1073830,229335,130994,98341,844357,138
    Loans to partners ,69494272,548481,324206,140776,42806,31376,9317,1025917,230757,39975,755185,2886,961655,668544,146284,11011,87058,48214,146827,48169,517,11785,59776,26581,7123221,15431,2111,0,184,0,11281,6357,590,0,21349,0,707,1406,2365,6321467,342132,9912,24537,81,363311,483710,246171,237151,389,501612,74542,6988,0,13397,37952,299,7358,23728,0,270374,17761,49214,828253,0,37007,4561,183717,47039,13000,170892,0,372037,15161024,218976,50204,8882,14844035,2206,36721,19684806,774439,3138242,4227,14528831,578636,13950195,60881,1178185,11071874,10257568,2051882,4898711,123635,637134,2546207,798643,15663,1024743,74077,12001,23834,275,28419,886137,537720,165893,182524,9806640,42141,41554,588,7056,185361,63117,0,36642,2081,0,49677,12583,20906,353,129607,106778,123,22706,824758,726855,97903,80526,30631,0,30631,49895,0
    Mortgage and real estate loans,89930337,2559774,517609,320214,1721951,0,0,150275,13747,135902,626,0,1138728,921969,216759,0,216759,0,0,0,0,0,0,0,9948,0,2631,0,0,0,0,1287,0,0,0,0,0,6030,0,0,0,0,0,0,0,47202,103,47099,0,210820,4571,20917,0,726,0,0,3022,655,0,0,178987,1943,0,0,0,0,0,0,0,0,0,0,49598,0,0,31805,17794,0,0,54785042,0,25423189,63408,22428246,108098,22320147,0,6870199,29497596,29485057,6328230,9238645,0,3031089,10887093,9718,2822,64253,0,0,0,0,220,64033,63883,0,151,1141516,121756,121756,0,0,844,0,0,844,0,0,0,0,0,0,87389,4,0,87385,65595,65264,332,0,0,0,0,0,0
    Other investments,10517957476,23905898,6212994,4700499,11381076,738911,872418,47503443,42405240,4411995,686208,73210481,14689541,7750365,6205614,1851831,3409575,944208,733561,12278,41868,448774,-41048,271688,138475878,9159626,2632834,70069,275842,1817,106718,14139711,139115,62052878,16080318,2303137,200646,1880849,674338,18636467,477127,151042,2532913,0,6960429,13263713,2098211,10985049,180452,10760172,1114878,94964,2000,79733,1844127,36698,1123875,115649,75885,1094,732872,5538398,49428982,222299,2543553,193516,62589,40600067,49112,3585068,167,2172612,119874103,1334776,4545185,11785089,101437428,385086,386539,8683032257,57706,36673110,3356174,7448517922,66646451,7381871472,7561725,1186865619,903924254,884106898,137188477,238750988,3282950,32430976,472453508,17238302,2579054,32853812,1079049,960786,1227431,4175,3389039,26193331,14526074,300475,11366782,363526965,8091622,7125099,966523,841550,10454904,916272,555372,1628593,1370246,-47495,73086,2745257,3105074,108499,16600925,8561077,0,8039848,7758237,5670491,2087746,-239261,29095,9212,19883,-652416,384059
    Depreciable assets,5313571562,111736099,53881220,48550449,1942942,1757717,5603771,219038820,174189779,30935334,13913707,191714136,37538899,11345491,14932610,3823390,5993964,5115256,11260797,1079097,990981,1932884,1061108,6196728,319186675,23394980,14286120,2069458,427059,8993,4825091,20622290,3059496,96237871,58678933,7070084,7266721,14178059,11309187,12956724,7983368,1194975,27304371,657249,5655648,52334703,14440741,37555451,338511,63648880,8830061,1993649,445245,3340653,18479073,1578608,10867009,1871865,2079548,2912419,3526119,7724632,291989029,12220444,15924493,9855249,1872424,229475342,273638,11485396,17261,10864781,217076719,4447883,10723207,34263695,160702493,1831243,5108198,68332600,61411,3442858,1486392,54597473,8921989,45675485,1184482,7559983,3230350894,3122169298,1023897647,1795838904,35360987,55504476,211567284,106851765,1329831,63032641,24033531,8160781,4855501,583236,3592116,21807477,13259539,3474112,5073826,44561132,21558902,11867683,9691219,1138612,91236808,9619801,969375,11104955,8256399,829575,299902,27501109,31114533,1541159,59040147,18967505,65162,40007479,215833489,175719758,40113731,14222378,7489296,6102773,1386522,6732924,158
        Less:  Accumulated depreciation,1743125198,72483123,37593808,29526765,1183150,734587,3444813,96817060,77114905,13525601,6176553,47383418,17457589,3894507,6381563,1284197,1956496,3140870,7181519,865081,716368,938965,750087,3911017,141009037,11357253,5648159,1390405,303029,4099,2612170,8236960,1998389,29850532,30969512,3652427,3229331,7618075,6124843,6616478,5357571,747993,11646172,364962,3280678,18954054,7506537,11280684,166832,32714761,4003851,1026158,228193,2612680,10010829,865382,5070109,1029975,1094731,1433496,1709263,3630093,72378706,5272436,3730289,5958070,691947,49049189,119700,3986679,13310,3557085,114034304,2609979,7941530,15232757,84187311,681340,3381386,21195469,0,1541214,620153,16562706,4315332,12247374,712469,1758926,901616478,850502576,298180337,480717265,10385746,21262605,39956623,50328292,785610,36664723,16577406,4941308,3257062,294120,1719737,9875089,5203432,1912609,2759048,6660535,11245850,6953672,4292177,502379,42500220,6935385,730092,6624730,5952807,514265,103773,11993434,9238606,407127,25750808,7539441,28434,18182933,77057445,55363457,21693988,6699239,3815352,3227036,588317,2883847,40
    Depletable assets,245925143,12375255,22741,154087,11917423,0,281004,218778056,206419886,11238089,1120081,1160309,12470,1453,11017,0,8340,2677,0,0,0,0,0,0,2475873,11206,0,0,0,0,771899,993000,0,7268,343009,0,54453,1616,106,7029,286287,0,0,0,0,520,511,8,0,170584,0,32,0,0,0,0,0,0,0,0,0,170553,896262,4440,0,11559,0,880263,0,0,0,0,0,0,0,0,0,0,0,4662691,0,0,0,3630475,216011,3414464,0,1032217,4156036,1351904,35483,1041928,0,147391,127102,0,2804132,21934,0,18062,103,0,192,3577,3577,0,0,433848,128880,0,128880,56,52555,52555,0,0,0,0,0,0,0,0,0,0,0,0,599816,584771,15045,0,0,0,0,0,0
        Less:  Accumulated depletion,59601862,1651955,5410,54749,1590188,0,1607,54333751,51922924,2328242,82585,482689,4423,965,3458,0,2601,857,0,0,0,0,0,0,405515,10644,0,0,0,0,60187,271666,0,1202,43965,0,9062,1175,90,0,7524,0,0,0,0,327,319,8,0,73753,0,0,0,0,0,0,0,0,0,0,0,73753,260757,2166,0,0,0,258590,0,0,0,0,0,0,0,0,0,0,0,1145339,0,0,0,1044938,0,1044938,0,100401,1144505,280116,9330,189965,0,58846,21975,0,864389,7484,0,7440,45,0,0,0,0,0,0,0,52191,0,52191,56,0,0,0,0,0,0,0,0,0,0,0,0,0,0,39118,24073,15045,0,0,0,0,0,0
    Land,957193458,55465705,24333867,19252206,10185175,158626,1535831,4913957,2334895,2433634,145428,996951,13374647,9006837,3749877,11183,3654849,83846,617933,8648,22418,35627,304514,246726,6120131,332910,1166997,37991,258,260,261305,199394,17583,782651,1413930,110182,533804,236741,158347,291738,50244,11675,450251,21146,42724,2767185,869451,1873857,23877,7767172,1116378,136717,50536,909859,2053858,11381,2699558,19163,12588,187311,107711,462113,1337281,94722,47777,66836,2,779226,0,69667,0,279050,1638310,171190,135443,751900,425921,9000,144856,14878800,0,470129,7694,12575889,180719,12395170,21787,1803301,801937280,799901069,176637649,422198810,8713373,70290019,122061217,1070857,965354,941823,70019,47394,37758,4107,9508,773037,629638,43694,99705,2724716,429689,324634,105055,120270,4808692,88234,14705,140681,62639,37666,414,1284824,2998190,181339,5730910,825535,0,4905375,29704613,28128142,1576471,1535324,930802,926065,4737,604522,0
    Intangible assets,882907597,4332684,2187603,563726,87245,1197383,296727,36346000,31347982,3438273,1559746,22818910,4818524,765854,1014409,415257,136510,462643,3038260,224268,490056,638019,156697,1529220,111520629,8401965,20203104,150828,891286,5180,564845,11977680,1300907,3225585,24755198,5521368,829813,785308,2763467,7213750,3200098,1324902,10602677,907513,6895155,32130847,10925467,20804830,400550,22130743,4076425,348593,295697,705572,2161908,1697826,2200230,930373,2220171,181042,523459,6789447,40847142,348489,3045814,404830,459680,26563221,30852,8036210,6610,1951436,270600141,10903649,6779595,71258210,170341617,3436774,7880296,48539255,155,4875783,9197557,30789075,9129520,21659555,2718047,958638,135922346,123187988,29920947,73636262,1746815,4024733,13859231,2277195,10457163,41810844,1235661,3147290,2612842,1603252,6732623,26479176,8685202,3840907,13953067,20027123,19198010,17422087,1775924,1306040,23209425,3329332,611775,6663903,1997451,586362,232937,4992828,4389596,405242,22825486,18581560,12485,4231441,19933360,8547988,11385373,4590086,1651083,1321348,329735,2939003,0
        Less:  Accumulated amortization,186608675,866839,363669,261749,58125,71872,111425,10628736,9680260,779518,168959,5738058,1201257,237935,263341,66363,78921,118057,699981,34479,177728,239279,57642,190854,20878906,1390229,1120162,43716,143072,0,84827,836190,550860,760131,8883636,498363,142852,207797,697012,1068852,604825,154008,2105337,91298,1495738,5391059,2516757,2807781,66521,4470539,658420,98758,74834,501766,791342,255010,343506,321103,156133,44337,179959,1045369,4015825,104529,362288,126157,50088,1791208,15302,1150700,462,415091,36975666,4654198,5154301,11009113,12458510,260225,3439318,11274368,0,558266,1675380,8134813,1538473,6596341,709805,196104,52071877,50863549,11251297,32512878,824166,1645448,4629762,423128,785200,9258311,348485,675952,1022637,83794,1264222,5863221,1078085,833858,3951278,2713524,4726124,4467905,258219,189463,2963086,790092,167124,440014,365331,46681,2516,399315,656885,95128,6834489,5934567,6612,893310,5367843,2376530,2991314,1042705,531101,471912,59189,511604,0
    Other assets,1314980457,29680664,7705651,4086414,16445707,503924,938967,39020327,30691970,6162785,2165573,29456393,22710132,14462687,7141674,1259133,4220239,1662303,1105771,133390,258088,140210,45873,528210,60922292,2825632,6484522,110773,107196,1754,206612,1280749,85176,9212107,12925354,1996034,237505,1821347,6033208,2954761,3317571,859380,3680678,688073,6093859,17819821,7021837,10571000,226984,14699353,1561181,391574,30747,338329,530913,510644,403992,6132375,144374,525348,1084442,3045434,47324980,730143,2179160,325571,43083,39411481,15157,3839315,3968,777102,57181809,5263738,5104941,18281640,25408402,1063582,2059506,513730932,3724163,43709368,4493637,404489888,105181690,299308198,9893495,47420381,298129144,283685887,53806196,113640830,1842520,13379443,101016897,11052871,3390386,19545564,2303582,3377721,255253,101819,1115578,12391611,7356362,1496945,3538305,108083481,11794429,9657235,2137194,554902,15684372,1404047,269491,1388541,122938,205963,54780,9102045,2687959,448608,12745855,8903448,21,3842386,13575020,10926157,2648862,2320986,607699,228791,378908,1713287,0
 Total liabilities and capital,22014928866,206267740,73325576,62918874,56249331,3959496,9814463,498947460,424784785,55164975,18997700,301316906,185368061,102195291,60207473,8933363,34135845,17138265,22965297,2898458,2716487,4618216,2091531,10640604,766973149,50540052,49928858,2646128,3194222,78260,7512230,50056665,4033829,186826414,124596742,19400243,8590459,22724861,22713069,69576674,16635618,5234975,82142816,2589783,37951251,229545873,81002938,146071766,2471169,168389062,46758703,4904654,1666737,6918370,22929777,5939345,16784403,11887303,7236994,4845730,10524289,27992756,436329482,18847768,22247944,8966219,2340509,335716895,404116,28465356,60078,19280595,662748863,23122749,24533422,145574583,444196813,10961657,14359639,12151867789,8624933,275565641,29167091,10359613108,566371544,9793241564,27903466,1450993551,4952793483,4820459417,1223006770,2338893110,41831207,175532819,1041195511,109629541,22704526,226437030,39884778,25831904,11312004,2834831,20484972,126088541,63622956,13084674,49380911,637075485,76611446,63290366,13321079,4435201,142843317,14328332,2837121,21518691,8387807,2067354,1031071,44539592,45529141,2604208,107642256,57726109,99763,49816384,239198260,193619833,45578427,20138002,8520110,5784240,2735870,11231772,386120
    Accounts payable,509016113,4018447,1034076,1856414,95109,165713,867135,30678254,27027578,2283772,1366905,14472114,18663900,11129197,3519149,863296,320174,2335679,4015554,546296,483366,796444,255170,1934277,95300836,5381966,7212813,379146,319150,4732,659276,2377103,552431,22986996,10459416,1603966,692133,2930857,1983433,11355330,3849004,542317,20095991,163490,1751285,48198801,16320441,31611406,266955,17171690,2690370,801927,424398,1413906,3275177,754026,2014401,1216558,1361645,438965,908795,1871521,46975930,6775048,281436,1305212,160377,28524746,13491,1757924,14072,8143625,33225262,973782,664928,4001397,26850629,-73719,808244,118487091,1541,2471116,439711,110806470,89974358,20832112,2025244,2743009,42985420,39799595,6835319,21441221,196721,826778,10499556,3137368,48456,11612319,656908,721337,1267844,217881,1542289,7206059,2961239,1886422,2358398,6677463,2980001,2442906,537095,112799,6541313,507595,103033,1351567,255741,111093,18685,1619879,2534703,39017,2881280,1728440,37322,1115518,7081440,3923483,3157956,951755,575831,283203,292628,375646,277
"    Mortgages, notes, bonds payable in less than 1 year",326059271,19164117,10327870,7664043,213407,200635,758162,3764834,1905444,1469489,389902,7771579,9758692,6652762,1022930,347898,377892,297140,2083000,223784,580327,287241,128689,862959,20305661,2987258,442736,178761,121455,0,606128,437077,311290,2859468,1987767,3290662,478329,1218353,1293136,1102143,342578,322524,991594,327576,1006824,13602316,6440546,7045961,115810,24053033,19364080,221928,78215,1000631,318337,200328,436674,423751,318385,68368,710705,911634,11817959,404384,568728,794432,81614,8839150,23192,679671,1151,425638,8005220,381011,754238,2645019,2242629,1876445,105879,87638542,859873,31981523,224198,26376216,10822186,15554030,229936,27966797,92962201,90298564,16790459,48433028,1233498,1190909,22650669,2649280,14358,4733528,1385320,775289,384265,27558,424831,1736265,874491,248473,613301,4271709,2066511,1759680,306830,108226,3746629,670964,73898,565822,312658,101530,32295,620253,1298685,70524,3987113,1927757,1154,2058202,7918907,6089893,1829015,382493,255863,166764,89100,126630,0
    Other current liabilities,2806532947,11340782,7105719,2623637,286093,153376,1171956,26822619,19836065,5471687,1514867,12110272,28771034,16190819,7729062,1235917,2141616,4351529,4851154,722812,1131661,911869,354826,1729986,59387164,3552608,4836093,411435,828611,43232,552140,2702038,552062,5742337,15178595,1226064,668317,1856688,1975154,4146117,2052415,759163,9839767,179598,2284731,27563189,9278312,17707920,576957,18355408,3967340,966842,458637,1401843,2841647,452812,1709066,1092335,428692,349652,1779927,2906614,20097703,2664810,1822331,1292590,241485,11673359,178165,1488601,28132,708231,62094917,5109485,6737812,7650003,37191615,1401715,4004287,2208049896,6153791,16832221,7532543,2079104136,244501335,1834602801,4130897,94296307,193924609,188074477,57636843,76390134,1058326,3832475,49156700,4943439,906693,44389829,9169178,7123849,1559982,858209,3099092,22579520,11622060,2115987,8841472,25948688,14309809,13252568,1057240,888079,15741834,2872334,210777,2239579,762614,326476,77255,3258343,5845497,148959,16589597,10833482,9321,5746794,18766019,11405044,7360975,1381499,592462,277010,315452,789037,0
    Nonrecourse loans ,1212390621,2148649,470119,39326,1639205,0,0,4467929,3744047,684942,38940,1870175,3727683,3290214,339653,11512,289951,38190,97816,3428,23986,0,0,70402,9769305,570308,331909,0,119807,0,149938,274293,0,5033204,1353037,142633,740377,462274,249670,114094,132296,0,88177,3588,3700,1295578,399341,833198,63040,1765669,383898,155948,19258,12735,102760,138861,660291,4496,18167,6231,28210,234815,13046488,234279,2764120,351182,30292,3180385,0,6387428,0,98802,6456067,89696,1462649,3233,925891,0,3974598,64198252,0,10215827,195952,51255138,1159093,50096044,191350,2339985,1054022948,1035547003,408102106,511900896,3366869,15417618,96759514,18394929,81016,2463299,412328,810279,30283,0,263216,947193,933742,6288,7163,7902764,159405,159405,0,0,5616139,49186,224261,77672,15421,0,0,221234,5028365,0,6385207,2543942,0,3841265,26407054,25536436,870618,688010,9841,9434,406,678169,0
    Loans from partners ,179500158,1544794,963431,403767,45551,97583,34462,3585434,2626863,573145,385426,445058,6482265,3731029,1876352,166609,1653259,56484,874885,62967,13978,83352,69794,644793,12567780,648209,376996,489769,79547,0,123395,134566,211318,785646,303710,179772,119601,325709,190847,7422951,304975,10553,149936,27156,683124,2259117,1270416,919052,69648,5535242,753374,192505,91485,232996,376321,199060,510461,201355,81062,12707,1122419,1761496,2047862,334950,24372,130253,40279,413471,4020,757793,0,342724,17538804,234428,49289,637723,15455065,181367,980932,34962527,233450,2683916,15572,30887894,3529262,27358632,33680,1108015,62421605,51438257,12012126,25114890,210911,888914,13211416,10879741,103607,4089549,708544,116022,770448,0,284976,2209559,885325,212795,1111439,14475386,683166,640883,42283,100977,1595609,142477,47048,323081,33988,10791,0,335124,658783,44316,2215993,888947,104473,1222573,6714506,5105561,1608944,234485,158827,133528,25300,75658,0
"    Mortgages, notes, bonds payable in 1 year or more",2705801158,49499437,21856260,22641361,2193418,979488,1828909,62752061,50071818,8159322,4520920,75426258,40765965,21613803,15185482,2050083,10034046,3101353,3966681,198587,331259,969583,493693,1973559,92658040,7926505,7575076,541495,472415,296,2463989,10469804,1425177,19290356,8410330,4154109,1866011,2744710,3200881,2954081,1202615,903950,13017792,1152669,2885780,39247009,12807736,25826623,612650,32295438,5514951,1150977,191653,1136280,6966113,821767,7022752,1012462,2229870,351081,1126891,4770642,124798521,3694943,5626348,2492220,448955,102319273,68298,7153664,4492,2990327,84145472,2768662,7654930,39727859,31330047,2272469,391505,273043914,0,101599272,4449457,143207884,25104195,118103690,1822013,21965288,1550669754,1516533794,390148161,875221555,20452124,41340728,189371226,32265110,1870850,29048884,2342400,2704581,900056,322150,3167138,19612559,11232600,3324690,5055269,51007277,11930220,8170166,3760054,718423,39151388,3018613,388590,3027332,2731669,320416,331568,8372706,19875750,1084746,37089067,15863737,1386,21223944,102742474,88368517,14373957,8811555,4578548,3637267,941281,4233007,0
    Other liabilities,1537891328,11266961,4760772,3485314,1889310,1052584,78981,48946387,36654144,9394332,2897911,29431159,19575439,9644842,7665589,364805,5447671,1853113,2265008,-218440,357057,210238,24358,1891794,66482127,755830,1521540,287154,878622,0,1014258,1376844,613961,-6906024,10454470,911949,1175062,2706870,3780344,2938965,2681138,285062,35953787,519571,5532726,10096193,4107304,5832433,156456,18800074,1406071,398722,539370,159771,1926229,339259,878614,7242487,709176,455329,1659464,3085584,39287763,1266622,3310729,361432,468172,27219791,32623,5840298,1882,786216,36286972,4598578,6078475,21590962,1871483,582734,1564741,687909019,433726,11418977,1938034,607179318,69436581,537742737,13497781,53441184,352078953,345791676,86609568,133390700,2125382,8549440,115116586,6055848,231429,22376286,2505657,2849947,666029,250392,1492259,14612003,8173790,1718910,4719304,113334728,15505568,15103157,402411,723003,20380585,6009579,278326,2633591,613765,198080,70753,2774723,7671414,130354,20342649,13751165,12957,6578527,22216910,17612187,4604723,2850551,751576,399883,351693,2098975,0
    Partners capital accounts ,12737737269,107284554,26807329,24205012,49887239,1310116,5074858,317929943,282918827,27128285,7882831,159790291,57623083,29942626,22869256,3893244,13871236,5104776,4811201,1359024,-205146,1359489,765001,1532833,410502236,28717368,27631696,358367,374615,30000,1943106,32284941,367590,137034430,76449417,7891087,2850628,10479400,10039605,39542993,6070598,2411407,2005771,216135,23803081,87283669,30378842,56295173,609653,50412507,12678619,1015804,-136277,1560208,7123193,3033232,3552145,693859,2089998,3163397,3187877,12450451,178257257,3472732,7849882,2238900,869334,153546720,84328,4399977,10349,5785033,414996150,8967106,1131101,69318387,328329456,4720646,2529454,8677578548,942551,98362789,14371624,7310796052,121844533,7188951518,5972565,1247132967,1603727994,1552976051,244872189,647000686,13187375,103485957,544429844,31303825,19448118,107723336,22704443,10730601,5733097,1158641,10211170,57185384,26939709,3571110,26674565,413457470,28976766,21761600,7215166,1783693,50069820,1057586,1511187,11300047,3661951,998969,500516,27337329,2615944,1086291,18151351,10188639,-66850,8029563,47350949,35578711,11772238,4837654,1597162,877152,720010,2854650,385842
Number of partnerships [1],1868827,74220,40642,18482,6544,1220,7332,23418,19607,1425,2387,1460,85391,30593,6465,382,3870,2213,48333,10479,7903,8197,10322,11432,23745,2554,1167,323,530,0,2521,184,1857,173,831,449,521,322,3567,2135,759,0,1852,175,3658,36552,24683,9918,1952,80727,8668,2884,3641,2297,13904,3988,4157,8590,6059,2677,13861,10000,18880,952,222,12402,1052,314,19,3039,43,839,19290,5508,7037,1536,2279,334,2597,220838,0,10779,0,167664,6696,160968,8263,33379,886069,862844,210939,437319,12242,73439,128904,17400,5825,155930,26488,28748,15153,9044,19163,57335,31179,7721,18434,18663,30521,27888,2633,7399,54955,23627,7240,4918,4013,2094,700,535,5293,6534,22136,14732,11,7392,57486,18105,39381,51147,26000,20806,5194,25143,4
    Number of partners,16363441,222552,126340,56573,17282,2706,19650,1577659,1377797,162872,36990,4418,204957,77743,18993,1152,11829,6011,108221,21805,17439,18477,25875,24625,381452,19270,4186,855,1300,0,5558,1060,4055,122579,179131,2518,1655,1286,9764,6404,2787,0,5364,443,11859,451657,72738,373241,5679,446693,23580,6708,11413,7739,33821,36283,10780,18371,13880,5731,37863,240524,1651524,2813,72578,27180,3415,1495350,78,47519,293,2298,92886,19588,16182,39587,9760,1240,6529,5077322,0,113213,0,3335925,40283,3295642,37845,1585753,3929610,3789038,892287,1879164,45140,326226,646221,65499,75074,541275,154128,91809,46294,36107,52241,160697,96056,19524,45117,966693,75141,68954,6187,19647,261396,105129,17513,48124,25179,4814,11712,9160,25623,14141,78992,44105,22,34866,199834,71202,128632,179731,55075,44124,10951,124649,7
    Number of partnerships,1498190,61638,35263,15676,2921,451,7328,17257,14290,1425,1543,1443,55031,23527,6326,382,3761,2184,25179,3446,6032,5013,2765,7923,16703,2437,1146,312,201,0,2182,184,1519,148,780,417,507,322,2795,1250,421,0,497,175,1243,27585,16487,9804,1294,65897,7768,2555,2773,2111,11505,3661,4046,8262,2885,2673,10065,7591,12971,938,0,8532,1052,283,19,1070,0,825,11769,780,5609,1506,1331,334,2207,190667,0,5958,0,144636,4264,140372,8240,31218,747807,730953,186589,379765,8608,51782,104210,13438,3416,103814,22727,16999,12070,2930,10359,38729,18908,3751,16070,14894,24952,22978,1975,5008,42588,20430,5692,4913,3829,1167,193,511,4533,1320,17400,11536,11,5853,49683,15410,34273,31082,12809,11199,1610,18269,4
    Number of partners,15106316,195442,113639,50962,10036,1168,19637,1554619,1356497,162872,35250,4359,140878,61267,18348,1152,11317,5878,61263,7739,13695,12109,10114,17606,366402,18929,3914,803,599,0,4871,1060,3365,122466,178901,2382,1615,1286,8218,4544,2102,0,2512,443,7019,428551,52101,372734,3717,410987,20876,6021,9565,6837,28089,35625,10558,17712,6763,5724,29922,233295,1639232,2786,0,19407,3415,1495236,78,43216,0,2270,35834,2831,13286,4871,7863,1240,5743,4857610,0,101600,0,3135882,35056,3100826,37732,1578090,3398618,3276497,830677,1591353,37850,229042,587575,57503,64618,425077,146143,67540,32492,23879,34441,120582,68867,11555,40159,957521,63754,58887,4868,13358,232943,98715,14253,47896,22284,3363,10527,8519,24046,3340,60696,30427,22,30248,180245,65398,114848,140187,28511,24737,3775,111668,7
Total assets,16261106926,110916885,47352680,25086818,28667201,2680644,7129542,381504501,337175063,32490697,11838742,184416415,96173902,51268342,28744585,5055993,12576129,11112463,16160975,2209705,2256099,3552356,1435452,6707363,588003079,41386195,26896192,2292092,2804227,60155,4358098,44966973,2745928,147247348,83770487,8394746,4352362,15691156,16861453,63254954,10931721,4821940,77124191,529456,29513406,183194659,60978540,120369451,1846669,128789594,37150319,4092406,1252210,3603867,19738259,4765684,13616936,4100959,4377544,4760566,6421499,24909344,262547826,12489510,10468225,5583997,861771,203604832,404116,13465273,59901,15610201,556114876,15904963,11373551,98764935,415446615,6279624,8345188,10038189707,8427305,257028111,24653486,8385662269,400639347,7985022922,22478946,1339939590,2796101814,2710363301,460668924,1586979815,36673263,101949948,524091351,66965338,18773175,163964343,38541619,24073619,8671758,1985041,13268316,77423989,43347393,9698884,24377713,426547806,49812657,43736460,6076197,2220908,102935584,12272842,2387045,18998759,5996228,1723081,313925,36650602,23527049,1066052,56780041,31268603,57695,25453743,122028326,93896953,28131374,10864004,4844818,3445154,1399664,5633066,386120
    Cash,830177227,7807692,4626634,1882549,436510,160106,701894,17871268,15723322,1079320,1068626,3417469,15522227,7694212,5061858,1171056,606617,3284185,2766157,458745,474661,505165,307178,1020408,29896208,1544708,675266,98754,152014,20463,234612,295319,253861,6430629,3117852,510820,265102,1692749,921384,1870087,1461433,184834,9824714,61890,279715,9277372,3912304,5064710,300359,10257372,3107937,396718,283012,236695,1972324,527259,523052,580021,442455,316171,693922,1177805,7644505,520620,907992,697584,88156,4127280,68709,963671,7801,262693,11642982,824449,1259244,4069209,3051667,623527,1814887,478001816,2856660,5866913,1947221,417537981,43843675,373694306,3374033,46419008,136309977,132916317,30633186,67547951,634964,5648292,28451924,2450734,942926,41867801,17753707,6331697,1560623,118696,2284835,13818243,9285970,1517257,3015015,27743146,4969916,4416868,553048,319694,10854299,3008025,705926,2599931,861028,280927,35799,1486777,1748790,127096,6016131,4008449,8423,1999259,9559588,6189750,3369838,1197763,499626,289893,209732,697291,846
    Trade notes and accounts receivable,678117566,4881492,1465734,1547407,919523,41136,907691,24760800,20485586,2420213,1855000,13978977,19445974,9324178,4593841,809515,1047392,2736934,5527956,849547,720305,1193958,679012,2085134,98565585,5676609,4158376,519132,568933,21218,657093,2303362,704690,19433636,20351700,1234467,819384,2488858,2304726,15051996,2408498,695789,11444208,147292,7575618,49003557,17465659,31090188,447710,13454472,4220281,795448,293801,707654,844856,921446,1505937,384725,97464,405189,376811,2900860,46060098,8367036,492971,1937043,145472,26466855,39766,2795465,34334,5781155,45412954,2781563,2771080,6512546,28247751,3883357,1216657,260264007,24371,135260831,2648740,114343055,60794247,53548808,1818727,6168283,32140591,25425677,1988457,15719626,354243,928405,6434945,4652341,2062573,25135777,3344755,4631326,2751226,287654,2317454,11803362,5008008,2450333,4345021,4096212,11462467,10579023,883444,257710,21808940,2217539,377451,4101823,1092320,526315,117539,9646941,3671013,57999,2652283,1938333,1376,712574,3832887,1418375,2414512,902783,463107,121373,341733,438718,958
        Less:  Allowance for bad debts,20432149,36551,9810,2096,2103,124,22418,187022,153410,13609,20003,71388,88279,30654,11914,1038,0,10876,45711,6516,7184,12877,6182,12952,1017890,109482,8845,22086,19364,196,13832,22474,14975,61465,186927,24586,20918,23609,51799,274437,29097,9548,82941,998,40312,569658,296300,268311,5047,405865,33333,28259,1509,11055,51388,61495,9751,23462,2477,23435,971,158730,61672,7551,670,16571,1545,8081,100,20997,1903,4254,1674631,224053,76735,371272,946380,47679,8512,7223261,0,6846270,8894,321897,161011,160885,26201,19999,698932,604712,86022,354079,5990,5076,153545,93417,803,772995,44306,402831,38623,1953,151853,133428,75335,39999,18095,26670,86801,76658,10143,46704,7357447,452107,95728,1157902,363617,53513,59318,4873528,299567,2167,33510,13669,0,19840,31075,23747,7328,41800,5873,1240,4633,35927,0
    Inventories,197039572,5847864,1546418,3190456,54881,41292,1014816,4125582,1360779,2354002,410800,2023862,14197211,10510710,2946669,18193,2800558,127918,739832,210641,89319,148195,113748,177929,58544161,6524711,2700228,758334,625210,4443,1260474,2314158,226966,11659507,8635439,994670,706354,3175802,2200903,5027973,998827,840015,7542378,153339,2194431,41956817,18966263,22826908,163646,36000800,18658052,1181887,287159,1373489,3590206,1068715,881578,1763935,1265788,1394602,2692532,1842857,2756885,127106,35719,88618,12260,1832829,3640,346849,2556,307309,4126552,211189,854960,105357,2942789,6960,5295,9983723,0,1743707,8648,8132727,1549287,6583440,99,98542,13093584,12093082,1207143,728094,5327,505146,9647371,991914,8588,662473,329,7698,40652,92187,110504,411101,76688,72635,261777,714957,324182,294141,30041,12095,555726,74074,57730,177349,37826,21285,12019,148043,27402,0,450804,257855,2480,190469,1191660,351509,840151,470636,315313,139012,176301,155324,0
    U.S. Government obligations,186336833,74,0,0,0,74,0,0,0,0,0,0,190936,4161,186774,113665,0,73109,0,0,0,0,0,0,9596,103,0,0,0,0,0,0,0,0,9493,0,0,0,0,0,0,0,0,0,0,11987,0,11987,0,15753,13781,0,0,0,0,0,0,1972,0,0,0,0,0,0,0,0,0,0,0,0,0,0,6119,0,6119,0,0,0,0,184955865,78369,285457,0,153269658,955591,152314066,0,31322382,897850,897850,11839,884304,0,1217,490,0,0,203899,203899,0,0,0,0,0,0,0,0,44253,0,0,0,0,500,500,0,0,0,0,0,0,0,0,0,0,0,0,0,0,0,0,0,0,0,0,0
    Tax-exempt securities,44361817,209184,209184,0,0,0,0,292585,292585,0,0,0,731375,328039,378253,19777,325812,32664,25083,13314,0,0,0,11769,32823,0,28623,0,0,0,4200,0,0,0,0,0,0,0,0,0,0,0,0,0,0,14947,0,14947,0,10397,0,0,0,0,0,435,0,9961,0,0,0,0,0,0,0,0,0,0,0,0,0,0,25356,0,25356,0,0,0,0,38650094,665053,10015,0,33071490,11182379,21889112,0,4903535,4329305,4329305,1046483,2064080,0,476664,742079,0,0,4416,4,0,0,0,0,4412,0,4162,250,9948,0,0,0,0,48089,41444,0,0,0,0,0,0,5023,1623,0,0,0,0,3297,3297,0,0,0,0,0,0,0
    Other current assets,1533441864,8326892,4358834,930762,2398287,77176,561833,33731198,29448316,3784101,498781,6641792,12695252,8063994,3172763,364016,622998,2185749,1458495,301830,124276,320715,95579,616095,49610865,2537783,477114,49469,268037,1586,505592,3210633,223837,1639978,7260806,1213694,95242,1814798,579931,5086752,485412,655101,20747911,49321,2707866,12596387,5045039,7200139,351208,7440432,1444330,226113,69675,356756,1124895,207812,1257882,389571,161068,103489,356062,1742780,6713454,531066,405085,575640,121332,3987588,45343,808144,2880,236375,45340408,2046489,1237107,11805892,29802333,78070,370516,1144205600,289833,15903963,6681063,1032233573,183315374,848918199,1149180,87947987,113571265,106435620,17980897,53398492,570882,3594747,30890601,6720335,415310,23988613,5676394,4456775,1483415,243609,1531759,10596661,6015400,1148405,3432855,44118546,5359084,4944685,414400,171824,6890424,976548,139495,964133,347748,129681,9861,2193055,2097184,32717,4173396,2743005,31726,1398665,6961989,4705285,2256704,904444,175711,113877,61834,728595,138
    Loans to partners,58988383,470605,324206,111191,0,31211,3998,984786,229868,15,754903,2883,855783,630693,97538,2202,63430,31905,127552,44047,517,11272,59776,11940,7041147,8422,0,0,184,0,9192,6357,590,0,4014,0,707,1389,2365,6317710,339174,4407,24140,81,322415,378937,165904,212644,389,466812,54769,6988,0,13397,37297,299,6335,14959,0,266874,17761,48134,373701,0,35520,4211,141941,47039,13000,8164,0,123826,14735369,218974,50033,8882,14418553,2206,36721,17960662,774439,2999227,922,12952929,403402,12549528,59092,1174053,6020474,5233591,688759,3438085,114824,222484,769440,785649,1234,876494,74077,9159,23834,275,28394,740755,497864,61586,181305,7782980,38922,38885,37,7056,128922,63014,0,36642,2081,0,508,12583,13740,353,24541,2564,0,21978,757783,688180,69604,80526,30631,0,30631,49895,0
    Mortgage and real estate loans,72082761,1396853,374464,232010,790379,0,0,150116,13747,135743,626,0,59672,20538,39134,0,39134,0,0,0,0,0,0,0,9948,0,2631,0,0,0,0,1287,0,0,0,0,0,6030,0,0,0,0,0,0,0,46185,103,46082,0,204786,0,20917,0,726,0,0,2213,0,0,0,178987,1943,0,0,0,0,0,0,0,0,0,0,0,0,0,0,0,0,0,46149053,0,22689265,63408,18982895,19015,18963880,0,4413484,22748601,22736062,4430620,7926238,0,1600524,8778680,9718,2822,64033,0,0,0,0,0,64033,63883,0,151,1104689,121756,121756,0,0,844,0,0,844,0,0,0,0,0,0,4,4,0,0,26220,25889,332,0,0,0,0,0,0
    Other investments,8624936122,9720354,3796335,3965913,911871,530035,516201,41055564,37059766,3543838,451960,60996960,8610922,4106083,4028837,547207,2700258,781372,476002,6465,41868,206699,-51415,272384,120573296,8800250,1797487,42106,270359,1817,79010,13892922,175919,54218149,12783325,1073165,200479,369719,625173,18007122,443384,150813,1592460,0,6049639,12689978,1754228,10880512,55238,9622032,1069322,94964,2000,70859,1792097,23445,1096046,98137,58513,1094,59115,5256440,32937596,253236,2153073,167238,2957,26532274,49112,1864773,167,1914767,104740393,1248624,1240482,4534494,97194312,161390,361091,7398968371,136,31243312,2370770,6247980387,52577775,6195402612,6077361,1111296405,511970365,497964360,47403687,157912795,3236357,17283295,272128227,11434864,2571141,19824377,1078661,949667,568490,4175,3067311,14156073,9375656,272967,4507450,263436936,4733370,4664913,68457,628907,8706180,700889,414298,1540368,1495249,2894,66364,2389508,2096611,0,13221168,7084487,0,6136681,2810854,1789584,1021270,-311503,9848,9212,636,-705410,384059
    Depreciable assets,3216140313,64519540,37138152,20612706,874492,1552862,4341329,160282227,131035179,20705946,8541102,102233003,18869988,4727624,7017777,1887065,1843791,3286921,7124588,776347,702089,1623725,450316,3572111,235961434,18684457,8968609,1786276,335372,7762,2813030,17543640,2107322,69207905,39922197,3981342,3383712,10201363,7671800,11687602,6883281,1028690,25015845,256597,4474633,39722871,10260736,29231254,230881,50650437,6720245,1727747,305095,1442413,16035002,1333115,8541314,1145421,1134454,2888752,2249946,7126933,168906409,2943308,6830877,5920212,340050,139691522,273638,5051694,17261,7837848,179212143,2619791,5420316,20251005,146175164,737152,4008713,46172011,26826,2385181,562387,36949248,6193646,30755602,980035,5268333,1869821086,1806094685,401674861,1244434137,30747263,32743596,96494829,63086263,640138,46995328,23249726,7587415,3191058,404979,1396452,11165699,5340664,2758057,3066978,5618767,12645056,7918235,4726821,625528,64223366,8468350,798172,9766871,6185493,770416,115314,21984148,15404839,729764,29130515,11544259,38387,17547870,112562216,87988626,24573590,7988387,4176277,3579476,596801,3811952,158
        Less:  Accumulated depreciation,1214106307,46052450,27661058,14614786,577555,643424,2555628,75984852,61230846,10323910,4430096,31883999,10569281,2375675,3596536,1004554,369362,2222620,4597070,615134,507553,811981,345494,2316908,112440757,10080859,3652372,1161427,235372,3111,1819549,7101966,1396567,23154140,23592430,2471483,1878461,5898346,5012052,6039003,4859651,639258,10567856,175847,2701007,15240164,5544632,9581555,113977,26107455,3183459,942075,176429,1026549,8753589,771438,4137548,619661,435323,1424049,1340366,3296970,52380779,1022294,1883029,4194391,142223,40032859,119700,2081969,13310,2891005,95376808,1663108,3497469,10193094,77070325,387046,2565767,14861292,0,1281700,252305,11372287,2751565,8620722,601259,1353741,592895316,559468953,158924159,354825169,9505467,14791174,21422984,32907569,518794,30924258,15998547,4488740,2598438,226980,1027713,6583839,3010682,1709213,1863943,2312874,7846358,5038743,2807615,329635,33839005,6241382,616375,5842450,4805188,485970,55663,9860195,5650704,281078,13031180,5270815,24717,7735647,47626815,33305786,14321029,4403029,2389474,2009037,380437,2013515,40
    Depletable assets,188318803,4068894,21457,235,4047202,0,0,172911537,166232023,6663142,16372,1160179,12470,1453,11017,0,8340,2677,0,0,0,0,0,0,1417915,11206,0,0,0,0,9017,993000,0,7268,343009,0,45770,1616,0,7029,0,0,0,0,0,520,511,8,0,60969,0,32,0,0,0,0,0,0,0,0,0,60937,115411,0,0,0,0,115411,0,0,0,0,0,0,0,0,0,0,0,4113179,0,0,0,3414464,0,3414464,0,698715,3678660,874528,0,602914,0,147391,124224,0,2804132,21934,0,18062,103,0,192,3577,3577,0,0,433848,0,0,0,0,52555,52555,0,0,0,0,0,0,0,0,0,0,0,0,270733,255688,15045,0,0,0,0,0,0
        Less:  Accumulated depletion,51124405,919737,5410,0,914328,0,0,47174145,45403371,1764184,6590,482565,4423,965,3458,0,2601,857,0,0,0,0,0,0,337935,10644,0,0,0,0,871,271666,0,1202,43965,0,8414,1175,0,0,0,0,0,0,0,327,319,8,0,0,0,0,0,0,0,0,0,0,0,0,0,0,13425,0,0,0,0,13425,0,0,0,0,0,0,0,0,0,0,0,1125684,0,0,0,1044938,0,1044938,0,80746,1033731,169342,0,91097,0,58846,19399,0,864389,7484,0,7440,45,0,0,0,0,0,0,0,0,0,0,0,0,0,0,0,0,0,0,0,0,0,0,0,0,0,24947,9902,15045,0,0,0,0,0,0
    Land,542677574,26758378,13964051,6687500,5286554,0,820273,3153599,2028766,1083088,41745,494656,2996685,1806865,1008468,8667,944192,55608,181352,4282,22418,33842,6472,114339,3779004,253018,767353,30369,258,260,141157,84728,11349,613040,617309,52633,179212,168572,117953,271928,22883,11675,396553,2441,36310,1900278,409147,1480520,10611,5930336,1016268,127439,9415,87211,1974204,6010,2031447,9346,12588,187311,85184,383911,983176,80817,45911,56623,2,615688,0,12374,0,171761,1297945,92719,115031,567320,404618,0,118257,8017210,0,317828,7694,6190483,80221,6110263,18772,1482433,464791441,463089937,79361662,285597878,7795827,46331222,44003348,770889,930614,841401,70019,43900,36552,4107,1998,684827,601091,36027,47709,1396337,336164,284900,51264,38103,2439469,79420,14705,140681,25746,37666,0,928475,1101176,111600,2015406,371311,0,1644094,14301158,13350638,950520,1206826,711352,709350,2002,495474,0
    Intangible assets,612318312,1362182,552395,236014,27863,455678,90232,28946590,27110158,1188018,648414,13942947,2827137,197450,672595,294671,40290,337634,1957092,60931,464659,450102,150278,831122,71964488,6504997,9805554,138800,875847,5180,335266,11755898,382434,1855969,12547231,1580709,552826,456528,2080124,5773259,2553127,1148155,9935095,30031,3647458,21915616,5517924,16135445,262247,17823025,3279610,282134,206781,250441,1514746,1364303,1813840,425588,1563806,167026,362967,6591784,18675146,205450,650007,258623,179799,14541323,30852,1140453,6610,1662030,228976138,7263718,3805854,56743595,158729461,600943,1832568,41636856,0,4599348,8788990,25719226,8441633,17277592,2136984,392308,77640212,69491170,10269816,48538069,1686741,1998332,6998211,1104241,7044800,26413961,1198931,2708222,2306278,1026334,4453221,14720975,5749241,2932383,6039351,7160742,12538936,11723605,815331,111042,17031324,2687054,558319,5820749,1277111,352693,25459,3980413,2087432,242094,9758124,7311233,0,2446891,11950770,4677948,7272821,1643080,785571,508438,277134,857509,0
        Less:  Accumulated amortization,124008140,434747,154913,191195,15879,42759,30000,8763745,8259875,433802,70068,3102550,827010,55391,174064,53078,36241,84745,597554,10258,177667,216876,57547,135207,15040495,1188571,990964,40766,132326,0,42334,789363,65982,525362,6550731,181376,102553,92978,479401,983436,381113,93697,1878522,2755,518263,3597820,1279787,2252951,65082,3110119,542573,91920,52429,94251,620129,224955,202791,118989,41067,43645,110558,966810,1950134,44764,87150,98020,23947,1162356,15302,153114,462,365019,25526062,3274346,3038493,7886544,10855793,78043,392843,9466265,0,423790,1559857,6856721,1500072,5356649,534511,91386,31583000,30964081,4766837,21990352,791696,977568,2437627,299038,319881,5475557,344959,657841,887243,68055,1076836,2440623,590591,706483,1143549,2300443,3065830,2943863,121967,40272,2120484,622501,162652,413954,244932,31000,2373,282016,294906,66150,3573851,3126923,0,446928,3573355,1305885,2267471,456401,268621,217191,51430,187780,0
    Other assets,885840781,22990366,6806007,498152,14429503,477383,779321,25348414,21202470,2068775,2077169,15064188,10647263,6315027,3315034,878627,1941520,494886,1017202,115463,308391,100418,33731,459200,39433686,2229486,2167132,93131,95073,732,186041,751141,136483,5923437,8552165,430692,113920,1329841,5900345,1450371,605562,844963,3130206,8062,5484903,13087176,4601761,8276930,208485,6475411,1325089,294274,25639,196081,277736,370734,307383,39435,120274,521187,800110,2197469,31787452,535479,881919,187187,-2483,26863745,15157,2729767,3968,572714,43176018,3758954,1200666,12617543,23352465,698786,1547604,391787763,3711619,42274822,3394699,294479997,35695750,258784246,8026633,39899994,165299384,153988208,27748532,75447851,1829988,6301297,42660539,8258413,3052763,14244130,2278930,2886550,233877,100013,332598,8412163,5005958,900767,2505438,67526433,8281793,6808713,1473080,465559,13511882,1219420,195706,1263674,85363,171687,48417,8896397,1519017,112201,5976208,4418510,21,1557677,9055364,7097505,1957858,1682291,341351,201990,139361,1340940,0
 Total liabilities and capital,16261106926,110916885,47352680,25086818,28667201,2680644,7129542,381504501,337175063,32490697,11838742,184416415,96173902,51268342,28744585,5055993,12576129,11112463,16160975,2209705,2256099,3552356,1435452,6707363,588003079,41386195,26896192,2292092,2804227,60155,4358098,44966973,2745928,147247348,83770487,8394746,4352362,15691156,16861453,63254954,10931721,4821940,77124191,529456,29513406,183194659,60978540,120369451,1846669,128789594,37150319,4092406,1252210,3603867,19738259,4765684,13616936,4100959,4377544,4760566,6421499,24909344,262547826,12489510,10468225,5583997,861771,203604832,404116,13465273,59901,15610201,556114876,15904963,11373551,98764935,415446615,6279624,8345188,10038189707,8427305,257028111,24653486,8385662269,400639347,7985022922,22478946,1339939590,2796101814,2710363301,460668924,1586979815,36673263,101949948,524091351,66965338,18773175,163964343,38541619,24073619,8671758,1985041,13268316,77423989,43347393,9698884,24377713,426547806,49812657,43736460,6076197,2220908,102935584,12272842,2387045,18998759,5996228,1723081,313925,36650602,23527049,1066052,56780041,31268603,57695,25453743,122028326,93896953,28131374,10864004,4844818,3445154,1399664,5633066,386120
    Accounts payable,406548758,2626792,604478,1254773,27242,147387,592912,25145417,23261909,1005809,877699,12197470,14302184,9030832,2513223,749496,119518,1644210,2758128,427488,252219,594655,228235,1255531,75466172,4001075,2860562,282947,211905,4560,368481,1470920,392252,19161991,8230517,888887,451956,1963563,1200269,10770378,2252048,484458,19266071,61347,1141985,40261752,12608048,27482664,171039,11832968,2051315,642388,279182,704582,2630078,556966,1510036,489932,541315,417666,605190,1404317,40325088,6581138,82029,1030300,58876,23191517,13491,1345273,14072,8008391,30532987,777283,224922,3520620,25600841,-172696,582017,106908734,0,2073819,371850,100411691,84014317,16397374,1761727,2289647,23422160,21802423,2165232,13735171,167059,190913,5544048,1592079,27659,8869892,609161,672148,1013449,160883,979243,5435009,1944901,1675289,1814818,2749765,2046776,1745695,301081,56479,4429581,470777,63964,897310,166218,84029,8298,1221669,1500932,16384,1362160,918459,7671,436030,3495075,1489523,2005552,517307,255359,129029,126330,261671,277
"    Mortgages, notes, bonds payable in less than 1 year",203739656,8736884,5477542,2544813,32035,75336,607158,2385766,1588498,608373,188895,4370106,4661757,2874488,499113,110812,161685,226616,1288155,113079,498987,228149,90807,357133,9226721,2326699,335602,176261,117015,0,392841,339158,97351,480019,1081381,249280,176666,737876,513604,721500,273403,309571,592192,55490,250810,11004201,5181050,5724692,98459,18448796,15245202,121748,53865,260258,261286,192014,325350,393182,142412,65500,555512,832467,8811773,104779,239676,367441,52316,7408583,23192,251448,1151,363188,4719935,128501,208811,544036,2003057,1746539,88990,72297803,859873,30342173,167929,18244952,10431780,7813173,175688,22507188,45036007,43340825,4424738,28902304,943473,614661,8455651,1680824,14358,2963489,870707,687650,198600,15808,249965,940760,430144,230713,279903,2922700,1510392,1302954,207438,66636,2590302,598404,66251,461348,207063,61407,5249,460986,722253,7340,996174,622559,1154,372460,2713998,1717576,996422,276217,198319,114540,83779,77898,0
    Other current liabilities,1920243234,6297462,3890733,1290796,182657,60823,872453,20526998,17121789,2787490,617719,7417080,16294559,7980015,4763275,1112667,256582,3394026,3551269,507468,669848,796128,262824,1315002,42755935,2806180,2841624,317312,357465,12494,291390,1310583,442667,3840444,10558613,610578,357857,1035359,1278158,3190491,1639123,675944,9377268,72180,1740204,18782317,5836855,12555368,390094,13531667,3195408,771409,275118,317622,2502026,400089,1399036,724896,243492,319706,1256889,2125977,12352718,2222776,696296,887278,181617,6544919,178165,1051715,28132,561820,47221807,3036805,3009686,3305972,34149311,461245,3258789,1553276169,6153791,15156304,6408302,1449476277,165294692,1284181585,2336686,73744809,92541473,89069927,25147717,44597362,652340,2110806,16561702,3107655,363891,32645730,8580973,6631661,1258648,638656,2051372,13484419,8915630,1761850,2806940,16935326,8397242,7869951,527291,486087,10607013,2430319,143025,1991851,561147,256055,7530,2098161,3020624,98301,9303786,6041712,141,3261933,10022381,5556775,4465607,847484,337871,180329,157542,509613,0
    Nonrecourse loans ,623552440,1108162,302755,22402,783006,0,0,3721103,2999628,682536,38940,0,2446826,2271409,126795,421,88184,38190,48621,3428,23986,0,0,21207,7554761,566826,150196,0,119807,0,3597,235201,0,5033204,594604,8529,8465,392141,129042,106754,132296,0,70511,3588,0,959374,234510,694622,30242,1207833,262308,78879,19258,0,41301,138861,389522,4496,18167,0,20226,234815,2511538,0,0,68342,0,2302670,0,41723,0,98802,4168395,88008,86540,0,19250,0,3974598,45486801,0,9987679,0,33709322,1098674,32610649,191350,1598451,526071180,519714086,159295050,319830688,2829902,7000957,30757489,6276079,81016,1906045,327487,810279,1348,0,68187,698743,685293,6288,7163,4525624,113932,113932,0,0,3513131,49186,203242,77672,15421,0,0,209078,2958532,0,3539783,1289769,0,2250013,14300492,13822392,478100,417458,406,0,406,417051,0
     Loans from partners,101620097,847764,360060,376752,8350,97583,5018,2530410,2402651,1005,126754,69487,3696625,3017736,399792,166131,226964,6697,279097,56666,11064,1191,69794,140382,9891099,154022,304561,489769,32287,0,62257,101566,92258,528165,212534,9113,17130,305295,162728,7276146,35836,10553,67827,0,29052,1453514,787994,652103,13417,1716893,275407,55889,901,124464,285193,118196,482980,178373,1835,5000,122057,66598,786840,0,12393,115823,20739,385694,4020,175048,0,73123,10456925,11437,34691,3895,10354438,7050,45414,29386416,233450,2588144,11997,25434770,3341608,22093161,33680,1084376,26185715,18542114,2661848,11267380,39081,183317,4390489,7539994,103607,1220884,480757,94167,100713,0,63716,481532,381155,75073,25304,9732245,225010,221338,3672,38130,933179,114723,19672,182932,31372,2960,0,335124,205934,40461,388868,185807,0,203061,1954499,1618814,335685,105593,60059,36284,23776,45533,0
"    Mortgages, notes, bonds payable in 1 year or more",1580174512,23552218,13385128,7661136,1047382,434016,1024556,47304444,40456592,4764607,2083245,44972764,11604202,5416352,3835315,848834,2601443,385038,2352535,117510,287401,677743,190347,1079534,53028097,5017490,2340869,217462,453211,296,905197,8937175,566029,8430450,4706050,1389698,970619,1465567,1760036,2052123,359966,702634,11804457,85597,863170,27249694,6692674,20132883,424138,26331257,4386689,1018492,79254,736071,5744742,530707,5725236,782237,1988499,328927,643751,4366652,74699534,724219,1864712,800390,202207,65907374,68298,3677058,4492,1450783,44002598,971306,976061,22266732,19271646,187028,329825,225682791,0,95761820,3358115,110899983,23005740,87894243,836303,14826569,873821913,851332646,154542551,580904596,16940148,21151334,77794017,22105081,384186,16862705,2131272,2426854,353269,266060,2269361,9415889,4234052,2509650,2672187,15119448,4573368,3421027,1152341,72882,19752472,2132345,253965,1954477,1587707,255371,40600,4689174,8365598,473235,14130765,6546120,1386,7583259,53380314,45599636,7780678,4033045,1960276,1698509,261767,2072769,0
    Other liabilities,957771575,6823903,4359709,1303119,96511,995968,68596,34501884,29358477,4516631,626776,15901338,6348997,2047932,3675414,118547,2514444,1042424,625650,84072,74866,143815,17516,305381,45038652,641489,1156910,251243,341349,0,831476,1010546,108414,-9177763,3614581,219582,188701,832390,3360417,1052364,435496,164680,35364035,931,4641811,6946972,2270239,4526241,150491,8292504,876485,303981,143626,117769,1565395,325901,465812,539253,263826,455265,375280,2859911,10266722,975487,2265329,2662,24371,6212070,32623,349976,1882,402322,15581088,3548569,1622118,10861075,-1317236,183279,683282,544537940,424156,9205610,906954,471342365,20845380,450496986,12567656,50091198,163270057,160168701,32723406,76906998,2008854,5244691,43284752,2932615,168741,12968245,2293322,2611635,578842,100297,817081,6567068,3726717,1120827,1719523,49984021,9449861,9492855,-42994,448476,10734038,5411533,21353,551154,81404,158019,6019,1245268,3130006,129280,9398949,6805443,12957,2580549,6018725,4545028,1473697,1259204,176751,142475,34276,1082453,0
    Partners capital accounts ,10467456655,60923699,18972276,10633027,26490018,869530,3958848,245388479,219985520,18124246,7278714,99488170,36818753,18629577,12931657,1949086,6607309,4375262,5257519,899993,437729,1110676,575929,2233193,345041642,25872414,16905867,557098,1171187,42805,1502860,31561824,1046957,118950837,54772206,5019079,2180969,8958964,8457199,38085199,5803554,2474101,581830,250323,20846373,76536835,27367169,48600877,568788,47427676,10857505,1099619,401007,1343101,6708237,2502950,3318964,988590,1177997,3168503,2842594,13018608,112793614,1881112,5307790,2311761,321645,91652005,84328,6573031,10172,4651771,399431140,7343055,5210722,58262605,325365308,3867178,-617727,7460613053,756034,91912562,13428340,6176142908,92607156,6083535753,4575856,1173797351,1045753309,1006392579,79708382,510835315,13092407,65453269,337303205,21731011,17629719,86527353,23247941,10139225,5166890,803338,6769391,40400568,23029500,2319193,15051875,324578676,23496075,19568708,3927367,1052218,50375869,1065554,1615573,12882014,3345897,905239,246228,26391142,3623171,301051,17659556,8858734,34386,8766437,30142842,19547209,10595633,3407696,1855776,1143988,711788,1166077,385842
