Codes:,depreciation_deductions,interest_paid
1,58675856000.0,15072913000.0
11,2544975000.0,342682000.0
111,0.0,0.0
1111,0.0,0.0
11111,0.0,0.0
111110,0.0,0.0
11112,0.0,0.0
111120,0.0,0.0
11113,0.0,0.0
111130,0.0,0.0
11114,0.0,0.0
111140,0.0,0.0
11115,0.0,0.0
111150,0.0,0.0
11116,0.0,0.0
111160,0.0,0.0
11119,0.0,0.0
111191,0.0,0.0
111199,0.0,0.0
1112,0.0,0.0
11121,0.0,0.0
111211,0.0,0.0
111219,0.0,0.0
1113,0.0,0.0
11131,0.0,0.0
111310,0.0,0.0
11132,0.0,0.0
111320,0.0,0.0
11133,0.0,0.0
111331,0.0,0.0
111332,0.0,0.0
111333,0.0,0.0
111334,0.0,0.0
111335,0.0,0.0
111336,0.0,0.0
111339,0.0,0.0
1114,0.0,0.0
11141,0.0,0.0
111411,0.0,0.0
111419,0.0,0.0
11142,0.0,0.0
111421,0.0,0.0
111422,0.0,0.0
1119,0.0,0.0
11191,0.0,0.0
111910,0.0,0.0
11192,0.0,0.0
111920,0.0,0.0
11193,0.0,0.0
111930,0.0,0.0
11194,0.0,0.0
111940,0.0,0.0
11199,0.0,0.0
111991,0.0,0.0
111992,0.0,0.0
111998,0.0,0.0
112,209071000.0,23572000.0
1121,34845166.6667,3928666.66667
11211,11615055.5556,1309555.55556
112111,5807527.77778,654777.777778
112112,5807527.77778,654777.777778
11212,11615055.5556,1309555.55556
112120,11615055.5556,1309555.55556
11213,11615055.5556,1309555.55556
112130,11615055.5556,1309555.55556
1122,34845166.6667,3928666.66667
11221,34845166.6667,3928666.66667
112210,34845166.6667,3928666.66667
1123,34845166.6667,3928666.66667
11231,6969033.33333,785733.333333
112310,6969033.33333,785733.333333
11232,6969033.33333,785733.333333
112320,6969033.33333,785733.333333
11233,6969033.33333,785733.333333
112330,6969033.33333,785733.333333
11234,6969033.33333,785733.333333
112340,6969033.33333,785733.333333
11239,6969033.33333,785733.333333
112390,6969033.33333,785733.333333
1124,34845166.6667,3928666.66667
11241,17422583.3333,1964333.33333
112410,17422583.3333,1964333.33333
11242,17422583.3333,1964333.33333
112420,17422583.3333,1964333.33333
1125,34845166.6667,3928666.66667
11251,34845166.6667,3928666.66667
112511,11615055.5556,1309555.55556
112512,11615055.5556,1309555.55556
112519,11615055.5556,1309555.55556
1129,34845166.6667,3928666.66667
11291,8711291.66667,982166.666667
112910,8711291.66667,982166.666667
11292,8711291.66667,982166.666667
112920,8711291.66667,982166.666667
11293,8711291.66667,982166.666667
112930,8711291.66667,982166.666667
11299,8711291.66667,982166.666667
112990,8711291.66667,982166.666667
113,707407000.0,101882000.0
1131,235802333.333,33960666.6667
11311,235802333.333,33960666.6667
113110,235802333.333,33960666.6667
1132,235802333.333,33960666.6667
11321,235802333.333,33960666.6667
113210,235802333.333,33960666.6667
1133,235802333.333,33960666.6667
11331,235802333.333,33960666.6667
113310,235802333.333,33960666.6667
114,476654000.0,58846000.0
1141,238327000.0,29423000.0
11411,238327000.0,29423000.0
114111,79442333.3333,9807666.66667
114112,79442333.3333,9807666.66667
114119,79442333.3333,9807666.66667
1142,238327000.0,29423000.0
11421,238327000.0,29423000.0
114210,238327000.0,29423000.0
115,1151843000.0,158382000.0
1151,383947666.667,52794000.0
11511,383947666.667,52794000.0
115111,63991277.7778,8799000.0
115112,63991277.7778,8799000.0
115113,63991277.7778,8799000.0
115114,63991277.7778,8799000.0
115115,63991277.7778,8799000.0
115116,63991277.7778,8799000.0
1152,383947666.667,52794000.0
11521,383947666.667,52794000.0
115210,383947666.667,52794000.0
1153,383947666.667,52794000.0
11531,383947666.667,52794000.0
115310,383947666.667,52794000.0
21,1697652000.0,232193000.0
211,1289809000.0,168767666.667
2111,1289809000.0,168767666.667
21111,1289809000.0,168767666.667
211111,644904500.0,84383833.3333
211112,644904500.0,84383833.3333
212,87110000.0,14647666.6667
2121,29036666.6667,4882555.55556
21211,29036666.6667,4882555.55556
212111,9678888.88889,1627518.51852
212112,9678888.88889,1627518.51852
212113,9678888.88889,1627518.51852
2122,29036666.6667,4882555.55556
21221,7259166.66667,1220638.88889
212210,7259166.66667,1220638.88889
21222,7259166.66667,1220638.88889
212221,3629583.33333,610319.444444
212222,3629583.33333,610319.444444
21223,7259166.66667,1220638.88889
212231,3629583.33333,610319.444444
212234,3629583.33333,610319.444444
21229,7259166.66667,1220638.88889
212291,3629583.33333,610319.444444
212299,3629583.33333,610319.444444
2123,29036666.6667,4882555.55556
21231,9678888.88889,1627518.51852
212311,2419722.22222,406879.62963
212312,2419722.22222,406879.62963
212313,2419722.22222,406879.62963
212319,2419722.22222,406879.62963
21232,9678888.88889,1627518.51852
212321,2419722.22222,406879.62963
212322,2419722.22222,406879.62963
212324,2419722.22222,406879.62963
212325,2419722.22222,406879.62963
21239,9678888.88889,1627518.51852
212391,2419722.22222,406879.62963
212392,2419722.22222,406879.62963
212393,2419722.22222,406879.62963
212399,2419722.22222,406879.62963
213,320733000.0,48777666.6667
2131,320733000.0,48777666.6667
21311,320733000.0,48777666.6667
213111,64146600.0,9755533.33333
213112,64146600.0,9755533.33333
213113,64146600.0,9755533.33333
213114,64146600.0,9755533.33333
213115,64146600.0,9755533.33333
22,136008000.0,14232000.0
221,136008000.0,14232000.0
2211,0.0,0.0
22111,0.0,0.0
221111,0.0,0.0
221112,0.0,0.0
221113,0.0,0.0
221114,0.0,0.0
221115,0.0,0.0
221116,0.0,0.0
221117,0.0,0.0
221118,0.0,0.0
22112,0.0,0.0
221121,0.0,0.0
221122,0.0,0.0
2212,136008000.0,14232000.0
22121,136008000.0,14232000.0
221210,136008000.0,14232000.0
2213,0.0,0.0
22131,0.0,0.0
221310,0.0,0.0
22132,0.0,0.0
221320,0.0,0.0
22133,0.0,0.0
221330,0.0,0.0
23,9023649000.0,1720828000.0
236,1576985257.34,521238000.0
2361,788492628.672,260619000.0
23611,788492628.672,260619000.0
236115,197123157.168,65154750.0
236116,197123157.168,65154750.0
236117,197123157.168,65154750.0
236118,197123157.168,65154750.0
2362,788492628.672,260619000.0
23621,394246314.336,130309500.0
236210,394246314.336,130309500.0
23622,394246314.336,130309500.0
236220,394246314.336,130309500.0
237,640183361.238,142476000.0
2371,0.0,0.0
23711,0.0,0.0
237110,0.0,0.0
23712,0.0,0.0
237120,0.0,0.0
23713,0.0,0.0
237130,0.0,0.0
2372,640183361.238,142476000.0
23721,640183361.238,142476000.0
237210,640183361.238,142476000.0
2373,0.0,0.0
23731,0.0,0.0
237310,0.0,0.0
2379,0.0,0.0
23799,0.0,0.0
237990,0.0,0.0
238,6806480381.42,1057114000.0
2381,0.0,0.0
23811,0.0,0.0
238110,0.0,0.0
23812,0.0,0.0
238120,0.0,0.0
23813,0.0,0.0
238130,0.0,0.0
23814,0.0,0.0
238140,0.0,0.0
23815,0.0,0.0
238150,0.0,0.0
23816,0.0,0.0
238160,0.0,0.0
23817,0.0,0.0
238170,0.0,0.0
23819,0.0,0.0
238190,0.0,0.0
2382,6806480381.42,1057114000.0
23821,3170875900.1,492468518.004
238210,3170875900.1,492468518.004
23822,3635604481.32,564645481.996
238220,3635604481.32,564645481.996
23829,0.0,0.0
238290,0.0,0.0
2383,0.0,0.0
23831,0.0,0.0
238310,0.0,0.0
23832,0.0,0.0
238320,0.0,0.0
23833,0.0,0.0
238330,0.0,0.0
23834,0.0,0.0
238340,0.0,0.0
23835,0.0,0.0
238350,0.0,0.0
23839,0.0,0.0
238390,0.0,0.0
2389,0.0,0.0
23891,0.0,0.0
238910,0.0,0.0
23899,0.0,0.0
238990,0.0,0.0
31.32.33,1805905000.0,374026000.0
311,254882062.361,71406000.0
3111,0.0,0.0
31111,0.0,0.0
311111,0.0,0.0
311119,0.0,0.0
3112,0.0,0.0
31121,0.0,0.0
311211,0.0,0.0
311212,0.0,0.0
311213,0.0,0.0
31122,0.0,0.0
311221,0.0,0.0
311224,0.0,0.0
311225,0.0,0.0
31123,0.0,0.0
311230,0.0,0.0
3113,0.0,0.0
31131,0.0,0.0
311313,0.0,0.0
311314,0.0,0.0
31134,0.0,0.0
311340,0.0,0.0
31135,0.0,0.0
311351,0.0,0.0
311352,0.0,0.0
3114,0.0,0.0
31141,0.0,0.0
311411,0.0,0.0
311412,0.0,0.0
31142,0.0,0.0
311421,0.0,0.0
311422,0.0,0.0
311423,0.0,0.0
3115,0.0,0.0
31151,0.0,0.0
311511,0.0,0.0
311512,0.0,0.0
311513,0.0,0.0
311514,0.0,0.0
31152,0.0,0.0
311520,0.0,0.0
3116,254882062.361,71406000.0
31161,254882062.361,71406000.0
311611,0.0,0.0
311612,0.0,0.0
311613,0.0,0.0
311615,254882062.361,71406000.0
3117,0.0,0.0
31171,0.0,0.0
311710,0.0,0.0
3118,0.0,0.0
31181,0.0,0.0
311811,0.0,0.0
311812,0.0,0.0
311813,0.0,0.0
31182,0.0,0.0
311821,0.0,0.0
311824,0.0,0.0
31183,0.0,0.0
311830,0.0,0.0
3119,0.0,0.0
31191,0.0,0.0
311911,0.0,0.0
311919,0.0,0.0
31192,0.0,0.0
311920,0.0,0.0
31193,0.0,0.0
311930,0.0,0.0
31194,0.0,0.0
311941,0.0,0.0
311942,0.0,0.0
31199,0.0,0.0
311991,0.0,0.0
311999,0.0,0.0
312,26.2133331702,0.0
3121,26.2133331702,0.0
31211,0.0,0.0
312111,0.0,0.0
312112,0.0,0.0
312113,0.0,0.0
31212,26.2133331702,0.0
312120,26.2133331702,0.0
31213,0.0,0.0
312130,0.0,0.0
31214,0.0,0.0
312140,0.0,0.0
3122,0.0,0.0
31223,0.0,0.0
312230,0.0,0.0
313,19827504.0206,5211000.0
3131,6609168.00688,1737000.0
31311,6609168.00688,1737000.0
313110,6609168.00688,1737000.0
3132,6609168.00688,1737000.0
31321,1652292.00172,434250.0
313210,1652292.00172,434250.0
31322,1652292.00172,434250.0
313220,1652292.00172,434250.0
31323,1652292.00172,434250.0
313230,1652292.00172,434250.0
31324,1652292.00172,434250.0
313240,1652292.00172,434250.0
3133,6609168.00688,1737000.0
31331,3304584.00344,868500.0
313310,3304584.00344,868500.0
31332,3304584.00344,868500.0
313320,3304584.00344,868500.0
314,19827500.0,5211000.0
3141,9913750.0,2605500.0
31411,4956875.0,1302750.0
314110,4956875.0,1302750.0
31412,4956875.0,1302750.0
314120,4956875.0,1302750.0
3149,9913750.0,2605500.0
31491,4956875.0,1302750.0
314910,4956875.0,1302750.0
31499,4956875.0,1302750.0
314994,2478437.5,651375.0
314999,2478437.5,651375.0
315,97982003.09,12942000.0
3151,3431.86063005,453.298961783
31511,1715.93031502,226.649480891
315110,1715.93031502,226.649480891
31519,1715.93031502,226.649480891
315190,1715.93031502,226.649480891
3152,3431.86063005,453.298961783
31521,857.965157512,113.324740446
315210,857.965157512,113.324740446
31522,857.965157512,113.324740446
315220,857.965157512,113.324740446
31524,857.965157512,113.324740446
315240,857.965157512,113.324740446
31528,857.965157512,113.324740446
315280,857.965157512,113.324740446
3159,97975139.3688,12941093.4021
31599,97975139.3688,12941093.4021
315990,97975139.3688,12941093.4021
316,1561000.63136,266000.0
3161,520333.543787,88666.6666667
31611,520333.543787,88666.6666667
316110,520333.543787,88666.6666667
3162,520333.543787,88666.6666667
31621,520333.543787,88666.6666667
316210,520333.543787,88666.6666667
3169,520333.543787,88666.6666667
31699,520333.543787,88666.6666667
316992,260166.771894,44333.3333333
316998,260166.771894,44333.3333333
321,160617007.89,29953000.0
3211,53539002.6299,9984333.33333
32111,53539002.6299,9984333.33333
321113,26769501.3149,4992166.66667
321114,26769501.3149,4992166.66667
3212,53539002.6299,9984333.33333
32121,53539002.6299,9984333.33333
321211,10707800.526,1996866.66667
321212,10707800.526,1996866.66667
321213,10707800.526,1996866.66667
321214,10707800.526,1996866.66667
321219,10707800.526,1996866.66667
3219,53539002.6299,9984333.33333
32191,17846334.21,3328111.11111
321911,5948778.06999,1109370.37037
321912,5948778.06999,1109370.37037
321918,5948778.06999,1109370.37037
32192,17846334.21,3328111.11111
321920,17846334.21,3328111.11111
32199,17846334.21,3328111.11111
321991,5948778.06999,1109370.37037
321992,5948778.06999,1109370.37037
321999,5948778.06999,1109370.37037
322,28.4808195153,0.0
3221,14.2404097577,0.0
32211,4.74680325255,0.0
322110,4.74680325255,0.0
32212,4.74680325255,0.0
322121,2.37340162628,0.0
322122,2.37340162628,0.0
32213,4.74680325255,0.0
322130,4.74680325255,0.0
3222,14.2404097577,0.0
32221,3.56010243942,0.0
322211,1.18670081314,0.0
322212,1.18670081314,0.0
322219,1.18670081314,0.0
32222,3.56010243942,0.0
322220,3.56010243942,0.0
32223,3.56010243942,0.0
322230,3.56010243942,0.0
32229,3.56010243942,0.0
322291,1.78005121971,0.0
322299,1.78005121971,0.0
323,144919007.521,62067000.0
3231,144919007.521,62067000.0
32311,72459503.7605,31033500.0
323111,24153167.9202,10344500.0
323113,24153167.9202,10344500.0
323117,24153167.9202,10344500.0
32312,72459503.7605,31033500.0
323120,72459503.7605,31033500.0
324,7105197.9376,3995000.0
3241,7105197.9376,3995000.0
32411,7105197.9376,3995000.0
324110,7105197.9376,3995000.0
32412,0.0,0.0
324121,0.0,0.0
324122,0.0,0.0
32419,0.0,0.0
324191,0.0,0.0
324199,0.0,0.0
325,28616169.2778,8219000.0
3251,4088024.18254,1174142.85714
32511,817604.836509,234828.571429
325110,817604.836509,234828.571429
32512,817604.836509,234828.571429
325120,817604.836509,234828.571429
32513,817604.836509,234828.571429
325130,817604.836509,234828.571429
32518,817604.836509,234828.571429
325180,817604.836509,234828.571429
32519,817604.836509,234828.571429
325193,272534.945503,78276.1904762
325194,272534.945503,78276.1904762
325199,272534.945503,78276.1904762
3252,4088024.18254,1174142.85714
32521,2044012.09127,587071.428571
325211,1022006.04564,293535.714286
325212,1022006.04564,293535.714286
32522,2044012.09127,587071.428571
325220,2044012.09127,587071.428571
3253,4088024.18254,1174142.85714
32531,2044012.09127,587071.428571
325311,681337.363757,195690.47619
325312,681337.363757,195690.47619
325314,681337.363757,195690.47619
32532,2044012.09127,587071.428571
325320,2044012.09127,587071.428571
3254,4088024.18254,1174142.85714
32541,4088024.18254,1174142.85714
325411,1022006.04564,293535.714286
325412,1022006.04564,293535.714286
325413,1022006.04564,293535.714286
325414,1022006.04564,293535.714286
3255,4088024.18254,1174142.85714
32551,2044012.09127,587071.428571
325510,2044012.09127,587071.428571
32552,2044012.09127,587071.428571
325520,2044012.09127,587071.428571
3256,4088024.18254,1174142.85714
32561,2044012.09127,587071.428571
325611,681337.363757,195690.47619
325612,681337.363757,195690.47619
325613,681337.363757,195690.47619
32562,2044012.09127,587071.428571
325620,2044012.09127,587071.428571
3259,4088024.18254,1174142.85714
32591,1362674.72751,391380.952381
325910,1362674.72751,391380.952381
32592,1362674.72751,391380.952381
325920,1362674.72751,391380.952381
32599,1362674.72751,391380.952381
325991,454224.909171,130460.31746
325992,454224.909171,130460.31746
325998,454224.909171,130460.31746
326,26219017.5756,7232000.0
3261,13109508.7878,3616000.0
32611,1872786.96969,516571.428571
326111,624262.323228,172190.47619
326112,624262.323228,172190.47619
326113,624262.323228,172190.47619
32612,1872786.96969,516571.428571
326121,936393.484843,258285.714286
326122,936393.484843,258285.714286
32613,1872786.96969,516571.428571
326130,1872786.96969,516571.428571
32614,1872786.96969,516571.428571
326140,1872786.96969,516571.428571
32615,1872786.96969,516571.428571
326150,1872786.96969,516571.428571
32616,1872786.96969,516571.428571
326160,1872786.96969,516571.428571
32619,1872786.96969,516571.428571
326191,936393.484843,258285.714286
326199,936393.484843,258285.714286
3262,13109508.7878,3616000.0
32621,4369836.2626,1205333.33333
326211,2184918.1313,602666.666667
326212,2184918.1313,602666.666667
32622,4369836.2626,1205333.33333
326220,4369836.2626,1205333.33333
32629,4369836.2626,1205333.33333
326291,2184918.1313,602666.666667
326299,2184918.1313,602666.666667
327,27081024.5558,3389000.0
3271,5416204.91115,677800.0
32711,2708102.45558,338900.0
327110,2708102.45558,338900.0
32712,2708102.45558,338900.0
327120,2708102.45558,338900.0
3272,5416204.91115,677800.0
32721,5416204.91115,677800.0
327211,1354051.22779,169450.0
327212,1354051.22779,169450.0
327213,1354051.22779,169450.0
327215,1354051.22779,169450.0
3273,5416204.91115,677800.0
32731,1354051.22779,169450.0
327310,1354051.22779,169450.0
32732,1354051.22779,169450.0
327320,1354051.22779,169450.0
32733,1354051.22779,169450.0
327331,677025.613894,84725.0
327332,677025.613894,84725.0
32739,1354051.22779,169450.0
327390,1354051.22779,169450.0
3274,5416204.91115,677800.0
32741,2708102.45558,338900.0
327410,2708102.45558,338900.0
32742,2708102.45558,338900.0
327420,2708102.45558,338900.0
3279,5416204.91115,677800.0
32791,2708102.45558,338900.0
327910,2708102.45558,338900.0
32799,2708102.45558,338900.0
327991,677025.613894,84725.0
327992,677025.613894,84725.0
327993,677025.613894,84725.0
327999,677025.613894,84725.0
331,10363029.2861,1414000.0
3311,0.0,0.0
33111,0.0,0.0
331110,0.0,0.0
3312,0.0,0.0
33121,0.0,0.0
331210,0.0,0.0
33122,0.0,0.0
331221,0.0,0.0
331222,0.0,0.0
3313,10363029.2861,1414000.0
33131,10363029.2861,1414000.0
331313,0.0,0.0
331314,0.0,0.0
331315,10363029.2861,1414000.0
331318,0.0,0.0
3314,0.0,0.0
33141,0.0,0.0
331410,0.0,0.0
33142,0.0,0.0
331420,0.0,0.0
33149,0.0,0.0
331491,0.0,0.0
331492,0.0,0.0
3315,0.0,0.0
33151,0.0,0.0
331511,0.0,0.0
331512,0.0,0.0
331513,0.0,0.0
33152,0.0,0.0
331523,0.0,0.0
331524,0.0,0.0
331529,0.0,0.0
332,314981035.032,55014000.0
3321,0.0,0.0
33211,0.0,0.0
332111,0.0,0.0
332112,0.0,0.0
332114,0.0,0.0
332117,0.0,0.0
332119,0.0,0.0
3322,314981035.032,55014000.0
33221,314981035.032,55014000.0
332215,314981035.032,55014000.0
332216,0.0,0.0
3323,0.0,0.0
33231,0.0,0.0
332311,0.0,0.0
332312,0.0,0.0
332313,0.0,0.0
33232,0.0,0.0
332321,0.0,0.0
332322,0.0,0.0
332323,0.0,0.0
3324,0.0,0.0
33241,0.0,0.0
332410,0.0,0.0
33242,0.0,0.0
332420,0.0,0.0
33243,0.0,0.0
332431,0.0,0.0
332439,0.0,0.0
3325,0.0,0.0
33251,0.0,0.0
332510,0.0,0.0
3326,0.0,0.0
33261,0.0,0.0
332613,0.0,0.0
332618,0.0,0.0
3327,0.0,0.0
33271,0.0,0.0
332710,0.0,0.0
33272,0.0,0.0
332721,0.0,0.0
332722,0.0,0.0
3328,0.0,0.0
33281,0.0,0.0
332811,0.0,0.0
332812,0.0,0.0
332813,0.0,0.0
3329,0.0,0.0
33291,0.0,0.0
332911,0.0,0.0
332912,0.0,0.0
332913,0.0,0.0
332919,0.0,0.0
33299,0.0,0.0
332991,0.0,0.0
332992,0.0,0.0
332993,0.0,0.0
332994,0.0,0.0
332996,0.0,0.0
332999,0.0,0.0
333,235610053.892,18259000.0
3331,33658579.1275,2608428.57143
33311,11219526.3758,869476.190476
333111,5609763.18791,434738.095238
333112,5609763.18791,434738.095238
33312,11219526.3758,869476.190476
333120,11219526.3758,869476.190476
33313,11219526.3758,869476.190476
333131,5609763.18791,434738.095238
333132,5609763.18791,434738.095238
3332,33658579.1275,2608428.57143
33324,33658579.1275,2608428.57143
333241,6731715.82549,521685.714286
333242,6731715.82549,521685.714286
333243,6731715.82549,521685.714286
333244,6731715.82549,521685.714286
333249,6731715.82549,521685.714286
3333,33658579.1275,2608428.57143
33331,33658579.1275,2608428.57143
333314,11219526.3758,869476.190476
333316,11219526.3758,869476.190476
333318,11219526.3758,869476.190476
3334,33658579.1275,2608428.57143
33341,33658579.1275,2608428.57143
333413,11219526.3758,869476.190476
333414,11219526.3758,869476.190476
333415,11219526.3758,869476.190476
3335,33658579.1275,2608428.57143
33351,33658579.1275,2608428.57143
333511,6731715.82549,521685.714286
333514,6731715.82549,521685.714286
333515,6731715.82549,521685.714286
333517,6731715.82549,521685.714286
333519,6731715.82549,521685.714286
3336,33658579.1275,2608428.57143
33361,33658579.1275,2608428.57143
333611,8414644.78186,652107.142857
333612,8414644.78186,652107.142857
333613,8414644.78186,652107.142857
333618,8414644.78186,652107.142857
3339,33658579.1275,2608428.57143
33391,11219526.3758,869476.190476
333911,3739842.12527,289825.396825
333912,3739842.12527,289825.396825
333913,3739842.12527,289825.396825
33392,11219526.3758,869476.190476
333921,2804881.59395,217369.047619
333922,2804881.59395,217369.047619
333923,2804881.59395,217369.047619
333924,2804881.59395,217369.047619
33399,11219526.3758,869476.190476
333991,1402440.79698,108684.52381
333992,1402440.79698,108684.52381
333993,1402440.79698,108684.52381
333994,1402440.79698,108684.52381
333995,1402440.79698,108684.52381
333996,1402440.79698,108684.52381
333997,1402440.79698,108684.52381
333999,1402440.79698,108684.52381
334,76272138.9833,1689000.0
3341,12712023.1639,281500.0
33411,12712023.1639,281500.0
334111,4237341.05463,93833.3333333
334112,4237341.05463,93833.3333333
334118,4237341.05463,93833.3333333
3342,12712023.1639,281500.0
33421,4237341.05463,93833.3333333
334210,4237341.05463,93833.3333333
33422,4237341.05463,93833.3333333
334220,4237341.05463,93833.3333333
33429,4237341.05463,93833.3333333
334290,4237341.05463,93833.3333333
3343,12712023.1639,281500.0
33431,12712023.1639,281500.0
334310,12712023.1639,281500.0
3344,12712023.1639,281500.0
33441,12712023.1639,281500.0
334412,2118670.52731,46916.6666667
334413,2118670.52731,46916.6666667
334416,2118670.52731,46916.6666667
334417,2118670.52731,46916.6666667
334418,2118670.52731,46916.6666667
334419,2118670.52731,46916.6666667
3345,12712023.1639,281500.0
33451,12712023.1639,281500.0
334510,1412447.01821,31277.7777778
334511,1412447.01821,31277.7777778
334512,1412447.01821,31277.7777778
334513,1412447.01821,31277.7777778
334514,1412447.01821,31277.7777778
334515,1412447.01821,31277.7777778
334516,1412447.01821,31277.7777778
334517,1412447.01821,31277.7777778
334519,1412447.01821,31277.7777778
3346,12712023.1639,281500.0
33461,12712023.1639,281500.0
334613,6356011.58194,140750.0
334614,6356011.58194,140750.0
335,21354057.7876,15999000.0
3351,5338514.44689,3999750.0
33511,2669257.22345,1999875.0
335110,2669257.22345,1999875.0
33512,2669257.22345,1999875.0
335121,889752.407815,666625.0
335122,889752.407815,666625.0
335129,889752.407815,666625.0
3352,5338514.44689,3999750.0
33521,2669257.22345,1999875.0
335210,2669257.22345,1999875.0
33522,2669257.22345,1999875.0
335221,667314.305861,499968.75
335222,667314.305861,499968.75
335224,667314.305861,499968.75
335228,667314.305861,499968.75
3353,5338514.44689,3999750.0
33531,5338514.44689,3999750.0
335311,1334628.61172,999937.5
335312,1334628.61172,999937.5
335313,1334628.61172,999937.5
335314,1334628.61172,999937.5
3359,5338514.44689,3999750.0
33591,1334628.61172,999937.5
335911,667314.305861,499968.75
335912,667314.305861,499968.75
33592,1334628.61172,999937.5
335921,667314.305861,499968.75
335929,667314.305861,499968.75
33593,1334628.61172,999937.5
335931,667314.305861,499968.75
335932,667314.305861,499968.75
33599,1334628.61172,999937.5
335991,667314.305861,499968.75
335999,667314.305861,499968.75
336,36143101.157,7466000.0
3361,5163300.16529,1066571.42857
33611,2581650.08264,533285.714286
336111,1290825.04132,266642.857143
336112,1290825.04132,266642.857143
33612,2581650.08264,533285.714286
336120,2581650.08264,533285.714286
3362,5163300.16529,1066571.42857
33621,5163300.16529,1066571.42857
336211,1290825.04132,266642.857143
336212,1290825.04132,266642.857143
336213,1290825.04132,266642.857143
336214,1290825.04132,266642.857143
3363,5163300.16529,1066571.42857
33631,645412.520661,133321.428571
336310,645412.520661,133321.428571
33632,645412.520661,133321.428571
336320,645412.520661,133321.428571
33633,645412.520661,133321.428571
336330,645412.520661,133321.428571
33634,645412.520661,133321.428571
336340,645412.520661,133321.428571
33635,645412.520661,133321.428571
336350,645412.520661,133321.428571
33636,645412.520661,133321.428571
336360,645412.520661,133321.428571
33637,645412.520661,133321.428571
336370,645412.520661,133321.428571
33639,645412.520661,133321.428571
336390,645412.520661,133321.428571
3364,5163300.16529,1066571.42857
33641,5163300.16529,1066571.42857
336411,860550.027548,177761.904762
336412,860550.027548,177761.904762
336413,860550.027548,177761.904762
336414,860550.027548,177761.904762
336415,860550.027548,177761.904762
336419,860550.027548,177761.904762
3365,5163300.16529,1066571.42857
33651,5163300.16529,1066571.42857
336510,5163300.16529,1066571.42857
3366,5163300.16529,1066571.42857
33661,5163300.16529,1066571.42857
336611,2581650.08264,533285.714286
336612,2581650.08264,533285.714286
3369,5163300.16529,1066571.42857
33699,5163300.16529,1066571.42857
336991,1721100.0551,355523.809524
336992,1721100.0551,355523.809524
336999,1721100.0551,355523.809524
337,129004004.481,27300000.0
3371,43001334.8269,9100000.0
33711,21500667.4134,4550000.0
337110,21500667.4134,4550000.0
33712,21500667.4134,4550000.0
337121,4300133.48269,910000.0
337122,4300133.48269,910000.0
337124,4300133.48269,910000.0
337125,4300133.48269,910000.0
337127,4300133.48269,910000.0
3372,43001334.8269,9100000.0
33721,43001334.8269,9100000.0
337211,10750333.7067,2275000.0
337212,10750333.7067,2275000.0
337214,10750333.7067,2275000.0
337215,10750333.7067,2275000.0
3379,43001334.8269,9100000.0
33791,21500667.4134,4550000.0
337910,21500667.4134,4550000.0
33792,21500667.4134,4550000.0
337920,21500667.4134,4550000.0
339,193540029.826,36994000.0
3391,96770014.9132,18497000.0
33911,96770014.9132,18497000.0
339112,19354002.9826,3699400.0
339113,19354002.9826,3699400.0
339114,19354002.9826,3699400.0
339115,19354002.9826,3699400.0
339116,19354002.9826,3699400.0
3399,96770014.9132,18497000.0
33991,16128335.8189,3082833.33333
339910,16128335.8189,3082833.33333
33992,16128335.8189,3082833.33333
339920,16128335.8189,3082833.33333
33993,16128335.8189,3082833.33333
339930,16128335.8189,3082833.33333
33994,16128335.8189,3082833.33333
339940,16128335.8189,3082833.33333
33995,16128335.8189,3082833.33333
339950,16128335.8189,3082833.33333
33999,16128335.8189,3082833.33333
339991,2688055.96981,513805.555556
339992,2688055.96981,513805.555556
339993,2688055.96981,513805.555556
339994,2688055.96981,513805.555556
339995,2688055.96981,513805.555556
339999,2688055.96981,513805.555556
42,962584000.0,370250000.0
423,525078765.929,195102000.0
4231,58342085.1033,21678000.0
42311,14585521.2758,5419500.0
423110,14585521.2758,5419500.0
42312,14585521.2758,5419500.0
423120,14585521.2758,5419500.0
42313,14585521.2758,5419500.0
423130,14585521.2758,5419500.0
42314,14585521.2758,5419500.0
423140,14585521.2758,5419500.0
4232,58342085.1033,21678000.0
42321,29171042.5516,10839000.0
423210,29171042.5516,10839000.0
42322,29171042.5516,10839000.0
423220,29171042.5516,10839000.0
4233,58342085.1033,21678000.0
42331,14585521.2758,5419500.0
423310,14585521.2758,5419500.0
42332,14585521.2758,5419500.0
423320,14585521.2758,5419500.0
42333,14585521.2758,5419500.0
423330,14585521.2758,5419500.0
42339,14585521.2758,5419500.0
423390,14585521.2758,5419500.0
4234,58342085.1033,21678000.0
42341,8334583.58618,3096857.14286
423410,8334583.58618,3096857.14286
42342,8334583.58618,3096857.14286
423420,8334583.58618,3096857.14286
42343,8334583.58618,3096857.14286
423430,8334583.58618,3096857.14286
42344,8334583.58618,3096857.14286
423440,8334583.58618,3096857.14286
42345,8334583.58618,3096857.14286
423450,8334583.58618,3096857.14286
42346,8334583.58618,3096857.14286
423460,8334583.58618,3096857.14286
42349,8334583.58618,3096857.14286
423490,8334583.58618,3096857.14286
4235,58342085.1033,21678000.0
42351,29171042.5516,10839000.0
423510,29171042.5516,10839000.0
42352,29171042.5516,10839000.0
423520,29171042.5516,10839000.0
4236,58342085.1033,21678000.0
42361,19447361.7011,7226000.0
423610,19447361.7011,7226000.0
42362,19447361.7011,7226000.0
423620,19447361.7011,7226000.0
42369,19447361.7011,7226000.0
423690,19447361.7011,7226000.0
4237,58342085.1033,21678000.0
42371,14585521.2758,5419500.0
423710,14585521.2758,5419500.0
42372,14585521.2758,5419500.0
423720,14585521.2758,5419500.0
42373,14585521.2758,5419500.0
423730,14585521.2758,5419500.0
42374,14585521.2758,5419500.0
423740,14585521.2758,5419500.0
4238,58342085.1033,21678000.0
42381,9723680.85054,3613000.0
423810,9723680.85054,3613000.0
42382,9723680.85054,3613000.0
423820,9723680.85054,3613000.0
42383,9723680.85054,3613000.0
423830,9723680.85054,3613000.0
42384,9723680.85054,3613000.0
423840,9723680.85054,3613000.0
42385,9723680.85054,3613000.0
423850,9723680.85054,3613000.0
42386,9723680.85054,3613000.0
423860,9723680.85054,3613000.0
4239,58342085.1033,21678000.0
42391,11668417.0207,4335600.0
423910,11668417.0207,4335600.0
42392,11668417.0207,4335600.0
423920,11668417.0207,4335600.0
42393,11668417.0207,4335600.0
423930,11668417.0207,4335600.0
42394,11668417.0207,4335600.0
423940,11668417.0207,4335600.0
42399,11668417.0207,4335600.0
423990,11668417.0207,4335600.0
424,339734231.572,157983000.0
4241,0.0,0.0
42411,0.0,0.0
424110,0.0,0.0
42412,0.0,0.0
424120,0.0,0.0
42413,0.0,0.0
424130,0.0,0.0
4242,339734231.572,157983000.0
42421,339734231.572,157983000.0
424210,339734231.572,157983000.0
4243,0.0,0.0
42431,0.0,0.0
424310,0.0,0.0
42432,0.0,0.0
424320,0.0,0.0
42433,0.0,0.0
424330,0.0,0.0
42434,0.0,0.0
424340,0.0,0.0
4244,0.0,0.0
42441,0.0,0.0
424410,0.0,0.0
42442,0.0,0.0
424420,0.0,0.0
42443,0.0,0.0
424430,0.0,0.0
42444,0.0,0.0
424440,0.0,0.0
42445,0.0,0.0
424450,0.0,0.0
42446,0.0,0.0
424460,0.0,0.0
42447,0.0,0.0
424470,0.0,0.0
42448,0.0,0.0
424480,0.0,0.0
42449,0.0,0.0
424490,0.0,0.0
4245,0.0,0.0
42451,0.0,0.0
424510,0.0,0.0
42452,0.0,0.0
424520,0.0,0.0
42459,0.0,0.0
424590,0.0,0.0
4246,0.0,0.0
42461,0.0,0.0
424610,0.0,0.0
42469,0.0,0.0
424690,0.0,0.0
4247,0.0,0.0
42471,0.0,0.0
424710,0.0,0.0
42472,0.0,0.0
424720,0.0,0.0
4248,0.0,0.0
42481,0.0,0.0
424810,0.0,0.0
42482,0.0,0.0
424820,0.0,0.0
4249,0.0,0.0
42491,0.0,0.0
424910,0.0,0.0
42492,0.0,0.0
424920,0.0,0.0
42493,0.0,0.0
424930,0.0,0.0
42494,0.0,0.0
424940,0.0,0.0
42495,0.0,0.0
424950,0.0,0.0
42499,0.0,0.0
424990,0.0,0.0
425,97771002.4981,17165000.0
4251,97771002.4981,17165000.0
42511,48885501.2491,8582500.0
425110,48885501.2491,8582500.0
42512,48885501.2491,8582500.0
425120,48885501.2491,8582500.0
44.45,3564572000.0,1908720000.0
441,423604119.796,384927119.796
4411,141201373.265,128309039.932
44111,70600686.6327,64154519.966
441110,70600686.6327,64154519.966
44112,70600686.6327,64154519.966
441120,70600686.6327,64154519.966
4412,141201373.265,128309039.932
44121,70600686.6327,64154519.966
441210,70600686.6327,64154519.966
44122,70600686.6327,64154519.966
441222,35300343.3163,32077259.983
441228,35300343.3163,32077259.983
4413,141201373.265,128309039.932
44131,70600686.6327,64154519.966
441310,70600686.6327,64154519.966
44132,70600686.6327,64154519.966
441320,70600686.6327,64154519.966
442,69000028.8628,60124028.8628
4421,34500014.4314,30062014.4314
44211,34500014.4314,30062014.4314
442110,34500014.4314,30062014.4314
4422,34500014.4314,30062014.4314
44221,17250007.2157,15031007.2157
442210,17250007.2157,15031007.2157
44229,17250007.2157,15031007.2157
442291,8625003.60785,7515503.60785
442299,8625003.60785,7515503.60785
443,89287021.0517,39158021.0517
4431,89287021.0517,39158021.0517
44314,89287021.0517,39158021.0517
443141,44643510.5258,19579010.5258
443142,44643510.5258,19579010.5258
444,294027089.562,86424089.5624
4441,294027089.562,86424089.5624
44411,0.0,0.0
444110,0.0,0.0
44412,0.0,0.0
444120,0.0,0.0
44413,87748285.3621,25792064.5488
444130,87748285.3621,25792064.5488
44419,206278804.2,60632025.0136
444190,206278804.2,60632025.0136
4442,0.0,0.0
44421,0.0,0.0
444210,0.0,0.0
44422,0.0,0.0
444220,0.0,0.0
445,429185146.973,240188146.973
4451,15981.6964349,8943.95828761
44511,7990.84821746,4471.97914381
445110,7990.84821746,4471.97914381
44512,7990.84821746,4471.97914381
445120,7990.84821746,4471.97914381
4452,15981.6964349,8943.95828761
44521,3995.42410873,2235.9895719
445210,3995.42410873,2235.9895719
44522,3995.42410873,2235.9895719
445220,3995.42410873,2235.9895719
44523,3995.42410873,2235.9895719
445230,3995.42410873,2235.9895719
44529,3995.42410873,2235.9895719
445291,1331.80803624,745.329857301
445292,1331.80803624,745.329857301
445299,1331.80803624,745.329857301
4453,429153183.58,240170259.056
44531,429153183.58,240170259.056
445310,429153183.58,240170259.056
446,120548092.937,61388092.9371
4461,120548092.937,61388092.9371
44611,30137023.2343,15347023.2343
446110,30137023.2343,15347023.2343
44612,30137023.2343,15347023.2343
446120,30137023.2343,15347023.2343
44613,30137023.2343,15347023.2343
446130,30137023.2343,15347023.2343
44619,30137023.2343,15347023.2343
446191,15068511.6171,7673511.61713
446199,15068511.6171,7673511.61713
447,263219038.152,189814038.152
4471,263219038.152,189814038.152
44711,131609519.076,94907019.0758
447110,131609519.076,94907019.0758
44719,131609519.076,94907019.0758
447190,131609519.076,94907019.0758
448,208051090.704,100221090.704
4481,69350363.568,33407030.2347
44811,11558393.928,5567838.37245
448110,11558393.928,5567838.37245
44812,11558393.928,5567838.37245
448120,11558393.928,5567838.37245
44813,11558393.928,5567838.37245
448130,11558393.928,5567838.37245
44814,11558393.928,5567838.37245
448140,11558393.928,5567838.37245
44815,11558393.928,5567838.37245
448150,11558393.928,5567838.37245
44819,11558393.928,5567838.37245
448190,11558393.928,5567838.37245
4482,69350363.568,33407030.2347
44821,69350363.568,33407030.2347
448210,69350363.568,33407030.2347
4483,69350363.568,33407030.2347
44831,34675181.784,16703515.1173
448310,34675181.784,16703515.1173
44832,34675181.784,16703515.1173
448320,34675181.784,16703515.1173
451,190681029.59,139331029.59
4511,95340514.7948,69665514.7948
45111,23835128.6987,17416378.6987
451110,23835128.6987,17416378.6987
45112,23835128.6987,17416378.6987
451120,23835128.6987,17416378.6987
45113,23835128.6987,17416378.6987
451130,23835128.6987,17416378.6987
45114,23835128.6987,17416378.6987
451140,23835128.6987,17416378.6987
4512,95340514.7948,69665514.7948
45121,95340514.7948,69665514.7948
451211,47670257.3974,34832757.3974
451212,47670257.3974,34832757.3974
452,43480230.9092,20187230.9092
4521,21740115.4546,10093615.4546
45211,21740115.4546,10093615.4546
452111,10870057.7273,5046807.7273
452112,10870057.7273,5046807.7273
4529,21740115.4546,10093615.4546
45291,10870057.7273,5046807.7273
452910,10870057.7273,5046807.7273
45299,10870057.7273,5046807.7273
452990,10870057.7273,5046807.7273
453,823046038.87,394696038.87
4531,205761509.717,98674009.7174
45311,205761509.717,98674009.7174
453110,205761509.717,98674009.7174
4532,205761509.717,98674009.7174
45321,102880754.859,49337004.8587
453210,102880754.859,49337004.8587
45322,102880754.859,49337004.8587
453220,102880754.859,49337004.8587
4533,205761509.717,98674009.7174
45331,205761509.717,98674009.7174
453310,205761509.717,98674009.7174
4539,205761509.717,98674009.7174
45391,51440377.4294,24668502.4294
453910,51440377.4294,24668502.4294
45392,51440377.4294,24668502.4294
453920,51440377.4294,24668502.4294
45393,51440377.4294,24668502.4294
453930,51440377.4294,24668502.4294
45399,51440377.4294,24668502.4294
453991,25720188.7147,12334251.2147
453998,25720188.7147,12334251.2147
454,610443072.593,192261072.593
4541,203481024.198,64087024.1976
45411,203481024.198,64087024.1976
454111,67827008.0659,21362341.3992
454112,67827008.0659,21362341.3992
454113,67827008.0659,21362341.3992
4542,203481024.198,64087024.1976
45421,203481024.198,64087024.1976
454210,203481024.198,64087024.1976
4543,203481024.198,64087024.1976
45431,101740512.099,32043512.0988
454310,101740512.099,32043512.0988
45439,101740512.099,32043512.0988
454390,101740512.099,32043512.0988
48.49,7977612000.0,1181314000.0
481,173657000.0,31009476.328
4811,86828500.0,15504738.164
48111,86828500.0,15504738.164
481111,43414250.0,7752369.08199
481112,43414250.0,7752369.08199
4812,86828500.0,15504738.164
48121,86828500.0,15504738.164
481211,28942833.3333,5168246.05466
481212,28942833.3333,5168246.05466
481219,28942833.3333,5168246.05466
482,173657000.0,31008000.0
4821,173657000.0,31008000.0
48211,173657000.0,31008000.0
482111,86828500.0,15504000.0
482112,86828500.0,15504000.0
483,272325000.0,40176000.0
4831,136162500.0,20088000.0
48311,136162500.0,20088000.0
483111,34040625.0,5022000.0
483112,34040625.0,5022000.0
483113,34040625.0,5022000.0
483114,34040625.0,5022000.0
4832,136162500.0,20088000.0
48321,136162500.0,20088000.0
483211,68081250.0,10044000.0
483212,68081250.0,10044000.0
484,6345070000.0,846574529.372
4841,3172535000.0,423287264.686
48411,1586267500.0,211643632.343
484110,1586267500.0,211643632.343
48412,1586267500.0,211643632.343
484121,793133750.0,105821816.171
484122,793133750.0,105821816.171
4842,3172535000.0,423287264.686
48421,1057511666.67,141095754.895
484210,1057511666.67,141095754.895
48422,1057511666.67,141095754.895
484220,1057511666.67,141095754.895
48423,1057511666.67,141095754.895
484230,1057511666.67,141095754.895
485,464615000.0,132741077.796
4851,77435833.3333,22123512.966
48511,77435833.3333,22123512.966
485111,19358958.3333,5530878.24151
485112,19358958.3333,5530878.24151
485113,19358958.3333,5530878.24151
485119,19358958.3333,5530878.24151
4852,77435833.3333,22123512.966
48521,77435833.3333,22123512.966
485210,77435833.3333,22123512.966
4853,77435833.3333,22123512.966
48531,38717916.6667,11061756.483
485310,38717916.6667,11061756.483
48532,38717916.6667,11061756.483
485320,38717916.6667,11061756.483
4854,77435833.3333,22123512.966
48541,77435833.3333,22123512.966
485410,77435833.3333,22123512.966
4855,77435833.3333,22123512.966
48551,77435833.3333,22123512.966
485510,77435833.3333,22123512.966
4859,77435833.3333,22123512.966
48599,77435833.3333,22123512.966
485991,38717916.6667,11061756.483
485999,38717916.6667,11061756.483
486,5397000.0,241.800337172
4861,1799000.0,80.6001123908
48611,1799000.0,80.6001123908
486110,1799000.0,80.6001123908
4862,1799000.0,80.6001123908
48621,1799000.0,80.6001123908
486210,1799000.0,80.6001123908
4869,1799000.0,80.6001123908
48691,899500.0,40.3000561954
486910,899500.0,40.3000561954
48699,899500.0,40.3000561954
486990,899500.0,40.3000561954
487,90739000.0,27318550.93
4871,30246333.3333,9106183.64335
48711,30246333.3333,9106183.64335
487110,30246333.3333,9106183.64335
4872,30246333.3333,9106183.64335
48721,30246333.3333,9106183.64335
487210,30246333.3333,9106183.64335
4879,30246333.3333,9106183.64335
48799,30246333.3333,9106183.64335
487990,30246333.3333,9106183.64335
488,261555000.0,39203000.0
4881,43592500.0,6533833.33333
48811,21796250.0,3266916.66667
488111,10898125.0,1633458.33333
488119,10898125.0,1633458.33333
48819,21796250.0,3266916.66667
488190,21796250.0,3266916.66667
4882,43592500.0,6533833.33333
48821,43592500.0,6533833.33333
488210,43592500.0,6533833.33333
4883,43592500.0,6533833.33333
48831,10898125.0,1633458.33333
488310,10898125.0,1633458.33333
48832,10898125.0,1633458.33333
488320,10898125.0,1633458.33333
48833,10898125.0,1633458.33333
488330,10898125.0,1633458.33333
48839,10898125.0,1633458.33333
488390,10898125.0,1633458.33333
4884,43592500.0,6533833.33333
48841,21796250.0,3266916.66667
488410,21796250.0,3266916.66667
48849,21796250.0,3266916.66667
488490,21796250.0,3266916.66667
4885,43592500.0,6533833.33333
48851,43592500.0,6533833.33333
488510,43592500.0,6533833.33333
4889,43592500.0,6533833.33333
48899,43592500.0,6533833.33333
488991,21796250.0,3266916.66667
488999,21796250.0,3266916.66667
491,0.0,0.0
4911,0.0,0.0
49111,0.0,0.0
491110,0.0,0.0
492,154754000.0,18089000.0
4921,77377000.0,9044500.0
49211,77377000.0,9044500.0
492110,77377000.0,9044500.0
4922,77377000.0,9044500.0
49221,77377000.0,9044500.0
492210,77377000.0,9044500.0
493,35843000.0,15194123.7735
4931,35843000.0,15194123.7735
49311,8960750.0,3798530.94339
493110,8960750.0,3798530.94339
49312,8960750.0,3798530.94339
493120,8960750.0,3798530.94339
49313,8960750.0,3798530.94339
493130,8960750.0,3798530.94339
49319,8960750.0,3798530.94339
493190,8960750.0,3798530.94339
51,595061000.0,71622000.0
511,28014220.6079,16554779.3921
5111,5512160.91273,3257367.36214
51111,1970834.47046,1164648.85222
511110,1970834.47046,1164648.85222
51112,1780980.32179,1052456.063
511120,1780980.32179,1052456.063
51113,1760346.12048,1040262.44693
511130,1760346.12048,1040262.44693
51114,0.0,0.0
511140,0.0,0.0
51119,0.0,0.0
511191,0.0,0.0
511199,0.0,0.0
5112,22502059.6952,13297412.03
51121,22502059.6952,13297412.03
511210,22502059.6952,13297412.03
512,332147112.117,30813887.8834
5121,166073556.058,15406943.9417
51211,41518389.0146,3851735.98542
512110,41518389.0146,3851735.98542
51212,41518389.0146,3851735.98542
512120,41518389.0146,3851735.98542
51213,41518389.0146,3851735.98542
512131,20759194.5073,1925867.99271
512132,20759194.5073,1925867.99271
51219,41518389.0146,3851735.98542
512191,20759194.5073,1925867.99271
512199,20759194.5073,1925867.99271
5122,166073556.058,15406943.9417
51221,33214711.2117,3081388.78834
512210,33214711.2117,3081388.78834
51222,33214711.2117,3081388.78834
512220,33214711.2117,3081388.78834
51223,33214711.2117,3081388.78834
512230,33214711.2117,3081388.78834
51224,33214711.2117,3081388.78834
512240,33214711.2117,3081388.78834
51229,33214711.2117,3081388.78834
512290,33214711.2117,3081388.78834
515,90987581.2348,7087418.76523
5151,45493790.6174,3543709.38262
51511,22746895.3087,1771854.69131
515111,11373447.6543,885927.345654
515112,11373447.6543,885927.345654
51512,22746895.3087,1771854.69131
515120,22746895.3087,1771854.69131
5152,45493790.6174,3543709.38262
51521,45493790.6174,3543709.38262
515210,45493790.6174,3543709.38262
517,90987988.3465,7087011.65347
5171,22746997.0866,1771752.91337
51711,22746997.0866,1771752.91337
517110,22746997.0866,1771752.91337
5172,22746997.0866,1771752.91337
51721,22746997.0866,1771752.91337
517210,22746997.0866,1771752.91337
5174,22746997.0866,1771752.91337
51741,22746997.0866,1771752.91337
517410,22746997.0866,1771752.91337
5179,22746997.0866,1771752.91337
51791,22746997.0866,1771752.91337
517911,11373498.5433,885876.456684
517919,11373498.5433,885876.456684
518,26462033.2084,5039466.7916
5182,26462033.2084,5039466.7916
51821,26462033.2084,5039466.7916
518210,26462033.2084,5039466.7916
519,26462064.4858,5039435.5142
5191,26462064.4858,5039435.5142
51911,16.1214512121,-16.1214512119
519110,16.1214512121,-16.1214512119
51912,16.1214512121,-16.1214512119
519120,16.1214512121,-16.1214512119
51913,26462016.1215,5039483.87855
519130,26462016.1215,5039483.87855
51919,16.1214512121,-16.1214512119
519190,16.1214512121,-16.1214512119
52,1197558000.0,710256000.0
521,-1324924.44921,-311623.912335
5211,-1324924.44921,-311623.912335
52111,-1324924.44921,-311623.912335
521110,-1324924.44921,-311623.912335
522,86083941.7986,103756897.109
5221,80523004.4431,97054304.3496
52211,80523004.4431,97054304.3496
522110,80523004.4431,97054304.3496
52212,0.0,0.0
522120,0.0,0.0
52213,0.0,0.0
522130,0.0,0.0
52219,0.0,0.0
522190,0.0,0.0
5222,5560937.35555,6702592.75976
52221,0.0,0.0
522210,0.0,0.0
52222,0.0,0.0
522220,0.0,0.0
52229,5560937.35555,6702592.75976
522291,0.0,0.0
522292,5560937.35555,6702592.75976
522293,0.0,0.0
522294,0.0,0.0
522298,0.0,0.0
5223,0.0,0.0
52231,0.0,0.0
522310,0.0,0.0
52232,0.0,0.0
522320,0.0,0.0
52239,0.0,0.0
522390,0.0,0.0
523,367264202.27,241277988.346
5231,69107202.2702,16459988.3459
52311,1648989.38943,2516700.51247
523110,1648989.38943,2516700.51247
52312,57958212.8808,6684287.83342
523120,57958212.8808,6684287.83342
52313,4750000.0,3629500.0
523130,4750000.0,3629500.0
52314,4750000.0,3629500.0
523140,4750000.0,3629500.0
5232,20862000.0,2154000.0
52321,20862000.0,2154000.0
523210,20862000.0,2154000.0
5239,277295000.0,222664000.0
52391,69323750.0,55666000.0
523910,69323750.0,55666000.0
52392,69323750.0,55666000.0
523920,69323750.0,55666000.0
52393,69323750.0,55666000.0
523930,69323750.0,55666000.0
52399,69323750.0,55666000.0
523991,34661875.0,27833000.0
523999,34661875.0,27833000.0
524,724590041.675,360606274.125
5241,0.0,0.0
52411,0.0,0.0
524113,0.0,0.0
524114,0.0,0.0
52412,0.0,0.0
524126,0.0,0.0
524127,0.0,0.0
524128,0.0,0.0
52413,0.0,0.0
524130,0.0,0.0
5242,724590041.675,360606274.125
52421,724590041.675,360606274.125
524210,724590041.675,360606274.125
52429,0.0,0.0
524291,0.0,0.0
524292,0.0,0.0
524298,0.0,0.0
525,20944738.7052,4926464.33235
5251,1040.31301665,244.694624419
52511,346.771005552,81.5648748063
525110,346.771005552,81.5648748063
52512,346.771005552,81.5648748063
525120,346.771005552,81.5648748063
52519,346.771005552,81.5648748063
525190,346.771005552,81.5648748063
5259,20943698.3922,4926219.63772
52591,20943004.8502,4926056.50797
525910,20943004.8502,4926056.50797
52592,346.771005552,81.5648748063
525920,346.771005552,81.5648748063
52599,346.771005552,81.5648748063
525990,346.771005552,81.5648748063
53,4319980000.0,1667214000.0
531,2632708000.0,1419605000.0
5311,451693000.0,371567000.0
53111,112923250.0,92891750.0
531110,112923250.0,92891750.0
53112,112923250.0,92891750.0
531120,112923250.0,92891750.0
53113,112923250.0,92891750.0
531130,112923250.0,92891750.0
53119,112923250.0,92891750.0
531190,112923250.0,92891750.0
5312,546862333.333,172496000.0
53121,546862333.333,172496000.0
531210,546862333.333,172496000.0
5313,1634152666.67,875542000.0
53131,546863333.333,172496000.0
531311,273431666.667,86248000.0
531312,273431666.667,86248000.0
53132,546863333.333,172496000.0
531320,546863333.333,172496000.0
53139,540426000.0,530550000.0
531390,540426000.0,530550000.0
532,1686986000.0,247609000.0
5321,316771000.0,26448250.0
53211,158385500.0,13224125.0
532111,79192750.0,6612062.5
532112,79192750.0,6612062.5
53212,158385500.0,13224125.0
532120,158385500.0,13224125.0
5322,29184000.0,6165250.0
53221,3327000.0,4058062.5
532210,3327000.0,4058062.5
53222,1700000.0,262062.5
532220,1700000.0,262062.5
53223,24157000.0,1845062.5
532230,24157000.0,1845062.5
53229,0.0,62.5
532291,0.0,20.8333333333
532292,0.0,20.8333333333
532299,0.0,20.8333333333
5323,199212000.0,44828250.0
53231,199212000.0,44828250.0
532310,199212000.0,44828250.0
5324,1141819000.0,170167250.0
53241,380606333.333,56722416.6667
532411,190303166.667,28361208.3333
532412,190303166.667,28361208.3333
53242,380606333.333,56722416.6667
532420,380606333.333,56722416.6667
53249,380606333.333,56722416.6667
532490,380606333.333,56722416.6667
533,286000.0,0.0
5331,286000.0,0.0
53311,286000.0,0.0
533110,286000.0,0.0
54,6609666000.0,1524832000.0
541,6609666000.0,1524832000.0
5411,679286000.0,416970444.444
54111,226428666.667,138990148.148
541110,226428666.667,138990148.148
54112,226428666.667,138990148.148
541120,226428666.667,138990148.148
54119,226428666.667,138990148.148
541191,113214333.333,69495074.0741
541199,113214333.333,69495074.0741
5412,370602000.0,99660444.4444
54121,370602000.0,99660444.4444
541211,58784000.0,39869861.1111
541213,-55015000.0,-12074138.8889
541214,-55015000.0,-12074138.8889
541219,421848000.0,83938861.1111
5413,386528000.0,63750444.4444
54131,237052250.0,39483805.5556
541310,237052250.0,39483805.5556
54132,-27507750.0,-6037194.44444
541320,-27507750.0,-6037194.44444
54133,238827250.0,33692805.5556
541330,238827250.0,33692805.5556
54134,-3773750.0,2622805.55556
541340,-3773750.0,2622805.55556
54135,-27507750.0,-6037194.44444
541350,-27507750.0,-6037194.44444
54136,-3773750.0,2622805.55556
541360,-3773750.0,2622805.55556
54137,-9719750.0,2363805.55556
541370,-9719750.0,2363805.55556
54138,-17068750.0,-4961194.44444
541380,-17068750.0,-4961194.44444
5414,112412000.0,18805444.4444
54141,28103000.0,4701361.11111
541410,28103000.0,4701361.11111
54142,28103000.0,4701361.11111
541420,28103000.0,4701361.11111
54143,28103000.0,4701361.11111
541430,28103000.0,4701361.11111
54149,28103000.0,4701361.11111
541490,28103000.0,4701361.11111
5415,203621000.0,14142444.4444
54151,203621000.0,14142444.4444
541511,50905250.0,3535611.11111
541512,50905250.0,3535611.11111
541513,50905250.0,3535611.11111
541519,50905250.0,3535611.11111
5416,1499110000.0,307671444.444
54161,499703333.333,102557148.148
541611,99940666.6667,20511429.6296
541612,99940666.6667,20511429.6296
541613,99940666.6667,20511429.6296
541614,99940666.6667,20511429.6296
541618,99940666.6667,20511429.6296
54162,499703333.333,102557148.148
541620,499703333.333,102557148.148
54169,499703333.333,102557148.148
541690,499703333.333,102557148.148
5417,-150283000.0,-40185555.5556
54171,-75141500.0,-20092777.7778
541711,-37570750.0,-10046388.8889
541712,-37570750.0,-10046388.8889
54172,-75141500.0,-20092777.7778
541720,-75141500.0,-20092777.7778
5418,-28467000.0,22294444.4444
54181,-3558375.0,2786805.55556
541810,-3558375.0,2786805.55556
54182,-3558375.0,2786805.55556
541820,-3558375.0,2786805.55556
54183,-3558375.0,2786805.55556
541830,-3558375.0,2786805.55556
54184,-3558375.0,2786805.55556
541840,-3558375.0,2786805.55556
54185,-3558375.0,2786805.55556
541850,-3558375.0,2786805.55556
54186,-3558375.0,2786805.55556
541860,-3558375.0,2786805.55556
54187,-3558375.0,2786805.55556
541870,-3558375.0,2786805.55556
54189,-3558375.0,2786805.55556
541890,-3558375.0,2786805.55556
5419,3536857000.0,621722444.444
54191,371815200.0,87241688.8889
541910,371815200.0,87241688.8889
54192,352096200.0,77274688.8889
541921,176048100.0,38637344.4444
541922,176048100.0,38637344.4444
54193,352096200.0,77274688.8889
541930,352096200.0,77274688.8889
54194,352096200.0,77274688.8889
541940,352096200.0,77274688.8889
54199,2108753200.0,302656688.889
541990,2108753200.0,302656688.889
55,0.0,0.0
551,0.0,0.0
5511,0.0,0.0
55111,0.0,0.0
551111,0.0,0.0
551112,0.0,0.0
551114,0.0,0.0
56,3556359000.0,702942000.0
561,3313478000.0,659543000.0
5611,414184750.0,82442875.0
56111,414184750.0,82442875.0
561110,414184750.0,82442875.0
5612,414184750.0,82442875.0
56121,414184750.0,82442875.0
561210,414184750.0,82442875.0
5613,414184750.0,82442875.0
56131,138061583.333,27480958.3333
561311,69030791.6667,13740479.1667
561312,69030791.6667,13740479.1667
56132,138061583.333,27480958.3333
561320,138061583.333,27480958.3333
56133,138061583.333,27480958.3333
561330,138061583.333,27480958.3333
5614,414184750.0,82442875.0
56141,69030791.6667,13740479.1667
561410,69030791.6667,13740479.1667
56142,69030791.6667,13740479.1667
561421,34515395.8333,6870239.58333
561422,34515395.8333,6870239.58333
56143,69030791.6667,13740479.1667
561431,34515395.8333,6870239.58333
561439,34515395.8333,6870239.58333
56144,69030791.6667,13740479.1667
561440,69030791.6667,13740479.1667
56145,69030791.6667,13740479.1667
561450,69030791.6667,13740479.1667
56149,69030791.6667,13740479.1667
561491,23010263.8889,4580159.72222
561492,23010263.8889,4580159.72222
561499,23010263.8889,4580159.72222
5615,414184750.0,82442875.0
56151,138061583.333,27480958.3333
561510,138061583.333,27480958.3333
56152,138061583.333,27480958.3333
561520,138061583.333,27480958.3333
56159,138061583.333,27480958.3333
561591,69030791.6667,13740479.1667
561599,69030791.6667,13740479.1667
5616,414184750.0,82442875.0
56161,207092375.0,41221437.5
561611,69030791.6667,13740479.1667
561612,69030791.6667,13740479.1667
561613,69030791.6667,13740479.1667
56162,207092375.0,41221437.5
561621,103546187.5,20610718.75
561622,103546187.5,20610718.75
5617,414184750.0,82442875.0
56171,82836950.0,16488575.0
561710,82836950.0,16488575.0
56172,82836950.0,16488575.0
561720,82836950.0,16488575.0
56173,82836950.0,16488575.0
561730,82836950.0,16488575.0
56174,82836950.0,16488575.0
561740,82836950.0,16488575.0
56179,82836950.0,16488575.0
561790,82836950.0,16488575.0
5619,414184750.0,82442875.0
56191,138061583.333,27480958.3333
561910,138061583.333,27480958.3333
56192,138061583.333,27480958.3333
561920,138061583.333,27480958.3333
56199,138061583.333,27480958.3333
561990,138061583.333,27480958.3333
562,242881000.0,43399000.0
5621,80960333.3333,14466333.3333
56211,80960333.3333,14466333.3333
562111,26986777.7778,4822111.11111
562112,26986777.7778,4822111.11111
562119,26986777.7778,4822111.11111
5622,80960333.3333,14466333.3333
56221,80960333.3333,14466333.3333
562211,20240083.3333,3616583.33333
562212,20240083.3333,3616583.33333
562213,20240083.3333,3616583.33333
562219,20240083.3333,3616583.33333
5629,80960333.3333,14466333.3333
56291,26986777.7778,4822111.11111
562910,26986777.7778,4822111.11111
56292,26986777.7778,4822111.11111
562920,26986777.7778,4822111.11111
56299,26986777.7778,4822111.11111
562991,13493388.8889,2411055.55556
562998,13493388.8889,2411055.55556
61,435118000.0,95226000.0
611,435118000.0,95226000.0
6111,62159714.2857,13603714.2857
61111,62159714.2857,13603714.2857
611110,62159714.2857,13603714.2857
6112,62159714.2857,13603714.2857
61121,62159714.2857,13603714.2857
611210,62159714.2857,13603714.2857
6113,62159714.2857,13603714.2857
61131,62159714.2857,13603714.2857
611310,62159714.2857,13603714.2857
6114,62159714.2857,13603714.2857
61141,20719904.7619,4534571.42857
611410,20719904.7619,4534571.42857
61142,20719904.7619,4534571.42857
611420,20719904.7619,4534571.42857
61143,20719904.7619,4534571.42857
611430,20719904.7619,4534571.42857
6115,62159714.2857,13603714.2857
61151,62159714.2857,13603714.2857
611511,15539928.5714,3400928.57143
611512,15539928.5714,3400928.57143
611513,15539928.5714,3400928.57143
611519,15539928.5714,3400928.57143
6116,62159714.2857,13603714.2857
61161,15539928.5714,3400928.57143
611610,15539928.5714,3400928.57143
61162,15539928.5714,3400928.57143
611620,15539928.5714,3400928.57143
61163,15539928.5714,3400928.57143
611630,15539928.5714,3400928.57143
61169,15539928.5714,3400928.57143
611691,5179976.19048,1133642.85714
611692,5179976.19048,1133642.85714
611699,5179976.19048,1133642.85714
6117,62159714.2857,13603714.2857
61171,62159714.2857,13603714.2857
611710,62159714.2857,13603714.2857
62,4818733000.0,1554460000.0
621,3920531000.0,1255003000.0
6211,1038891000.0,240296000.0
62111,1038891000.0,240296000.0
621111,960137000.0,223936000.0
621112,78754000.0,16360000.0
6212,1706671000.0,633474000.0
62121,1706671000.0,633474000.0
621210,1706671000.0,633474000.0
6213,888865000.0,215863500.0
62131,234241000.0,104077000.0
621310,234241000.0,104077000.0
62132,228714000.0,50454000.0
621320,228714000.0,50454000.0
62133,260142000.0,31029000.0
621330,260142000.0,31029000.0
62134,0.0,0.0
621340,0.0,0.0
62139,165768000.0,30303500.0
621391,59075000.0,12896000.0
621399,106693000.0,17407500.0
6214,106693000.0,17407500.0
62141,35564333.3333,5802500.0
621410,35564333.3333,5802500.0
62142,35564333.3333,5802500.0
621420,35564333.3333,5802500.0
62149,35564333.3333,5802500.0
621491,8891083.33333,1450625.0
621492,8891083.33333,1450625.0
621493,8891083.33333,1450625.0
621498,8891083.33333,1450625.0
6215,32401000.0,17413000.0
62151,32401000.0,17413000.0
621511,16200500.0,8706500.0
621512,16200500.0,8706500.0
6216,88776000.0,122914000.0
62161,88776000.0,122914000.0
621610,88776000.0,122914000.0
6219,58234000.0,7635000.0
62191,29117000.0,3817500.0
621910,29117000.0,3817500.0
62199,29117000.0,3817500.0
621991,14558500.0,1908750.0
621999,14558500.0,1908750.0
622,17521000.0,7403000.0
6221,5840333.33333,2467666.66667
62211,5840333.33333,2467666.66667
622110,5840333.33333,2467666.66667
6222,5840333.33333,2467666.66667
62221,5840333.33333,2467666.66667
622210,5840333.33333,2467666.66667
6223,5840333.33333,2467666.66667
62231,5840333.33333,2467666.66667
622310,5840333.33333,2467666.66667
623,178420000.0,129336000.0
6231,44605000.0,32334000.0
62311,44605000.0,32334000.0
623110,44605000.0,32334000.0
6232,44605000.0,32334000.0
62321,22302500.0,16167000.0
623210,22302500.0,16167000.0
62322,22302500.0,16167000.0
623220,22302500.0,16167000.0
6233,44605000.0,32334000.0
62331,44605000.0,32334000.0
623311,22302500.0,16167000.0
623312,22302500.0,16167000.0
6239,44605000.0,32334000.0
62399,44605000.0,32334000.0
623990,44605000.0,32334000.0
624,702261000.0,162718000.0
6241,175565250.0,40679500.0
62411,58521750.0,13559833.3333
624110,58521750.0,13559833.3333
62412,58521750.0,13559833.3333
624120,58521750.0,13559833.3333
62419,58521750.0,13559833.3333
624190,58521750.0,13559833.3333
6242,175565250.0,40679500.0
62421,58521750.0,13559833.3333
624210,58521750.0,13559833.3333
62422,58521750.0,13559833.3333
624221,29260875.0,6779916.66667
624229,29260875.0,6779916.66667
62423,58521750.0,13559833.3333
624230,58521750.0,13559833.3333
6243,175565250.0,40679500.0
62431,175565250.0,40679500.0
624310,175565250.0,40679500.0
6244,175565250.0,40679500.0
62441,175565250.0,40679500.0
624410,175565250.0,40679500.0
71,2528603000.0,350205000.0
711,1701693000.0,173016711.707
7111,340338600.0,34603342.3415
71111,85084650.0,8650835.58536
711110,85084650.0,8650835.58536
71112,85084650.0,8650835.58536
711120,85084650.0,8650835.58536
71113,85084650.0,8650835.58536
711130,85084650.0,8650835.58536
71119,85084650.0,8650835.58536
711190,85084650.0,8650835.58536
7112,340338600.0,34603342.3415
71121,340338600.0,34603342.3415
711211,113446200.0,11534447.4472
711212,113446200.0,11534447.4472
711219,113446200.0,11534447.4472
7113,340338600.0,34603342.3415
71131,170169300.0,17301671.1707
711310,170169300.0,17301671.1707
71132,170169300.0,17301671.1707
711320,170169300.0,17301671.1707
7114,340338600.0,34603342.3415
71141,340338600.0,34603342.3415
711410,340338600.0,34603342.3415
7115,340338600.0,34603342.3415
71151,340338600.0,34603342.3415
711510,340338600.0,34603342.3415
712,1265000.0,32000.0
7121,1265000.0,32000.0
71211,316250.0,8000.0
712110,316250.0,8000.0
71212,316250.0,8000.0
712120,316250.0,8000.0
71213,316250.0,8000.0
712130,316250.0,8000.0
71219,316250.0,8000.0
712190,316250.0,8000.0
713,825645000.0,177156288.293
7131,275215000.0,59052096.0976
71311,137607500.0,29526048.0488
713110,137607500.0,29526048.0488
71312,137607500.0,29526048.0488
713120,137607500.0,29526048.0488
7132,275215000.0,59052096.0976
71321,137607500.0,29526048.0488
713210,137607500.0,29526048.0488
71329,137607500.0,29526048.0488
713290,137607500.0,29526048.0488
7139,275215000.0,59052096.0976
71391,45869166.6667,9842016.01626
713910,45869166.6667,9842016.01626
71392,45869166.6667,9842016.01626
713920,45869166.6667,9842016.01626
71393,45869166.6667,9842016.01626
713930,45869166.6667,9842016.01626
71394,45869166.6667,9842016.01626
713940,45869166.6667,9842016.01626
71395,45869166.6667,9842016.01626
713950,45869166.6667,9842016.01626
71399,45869166.6667,9842016.01626
713990,45869166.6667,9842016.01626
72,2672416000.0,1180687000.0
721,803732585.145,664223585.145
7211,640401528.382,592948195.048
72111,213467176.127,197649398.349
721110,213467176.127,197649398.349
72112,213467176.127,197649398.349
721120,213467176.127,197649398.349
72119,213467176.127,197649398.349
721191,106733588.064,98824699.1747
721199,106733588.064,98824699.1747
7212,124467528.382,51053195.0482
72121,124467528.382,51053195.0482
721211,62233764.1908,25526597.5241
721214,62233764.1908,25526597.5241
7213,38863528.3815,20222195.0482
72131,38863528.3815,20222195.0482
721310,38863528.3815,20222195.0482
722,1868683414.86,516463414.855
7223,-195.048190912,-195.048190892
72231,-65.0160636372,-65.0160636306
722310,-65.0160636372,-65.0160636306
72232,-65.0160636372,-65.0160636306
722320,-65.0160636372,-65.0160636306
72233,-65.0160636372,-65.0160636306
722330,-65.0160636372,-65.0160636306
7224,934341804.952,258231804.952
72241,934341804.952,258231804.952
722410,934341804.952,258231804.952
7225,934341804.952,258231804.952
72251,934341804.952,258231804.952
722511,233585451.238,64557951.238
722513,233585451.238,64557951.238
722514,233585451.238,64557951.238
722515,233585451.238,64557951.238
81,4229405000.0,1071224000.0
811,1717996057.24,543560808.832
8111,1523384514.31,494634702.208
81111,756697504.77,199724567.403
811111,189174376.193,49931141.8507
811112,189174376.193,49931141.8507
811113,189174376.193,49931141.8507
811118,189174376.193,49931141.8507
81112,315500504.77,106953567.403
811121,157750252.385,53476783.7013
811122,157750252.385,53476783.7013
81119,451186504.77,187956567.403
811191,-52665831.7432,11601522.4676
811192,-52665831.7432,11601522.4676
811198,556518168.257,164753522.468
8112,64870514.3109,16308702.2081
81121,64870514.3109,16308702.2081
811211,16217628.5777,4077175.55202
811212,16217628.5777,4077175.55202
811213,16217628.5777,4077175.55202
811219,16217628.5777,4077175.55202
8113,64870514.3109,16308702.2081
81131,64870514.3109,16308702.2081
811310,64870514.3109,16308702.2081
8114,64870514.3109,16308702.2081
81141,16217628.5777,4077175.55202
811411,8108814.28886,2038587.77601
811412,8108814.28886,2038587.77601
81142,16217628.5777,4077175.55202
811420,16217628.5777,4077175.55202
81143,16217628.5777,4077175.55202
811430,16217628.5777,4077175.55202
81149,16217628.5777,4077175.55202
811490,16217628.5777,4077175.55202
812,2337164062.2,490732612.195
8121,584291015.55,122683153.049
81211,292145507.775,61341576.5244
812111,97381835.925,20447192.1748
812112,97381835.925,20447192.1748
812113,97381835.925,20447192.1748
81219,292145507.775,61341576.5244
812191,146072753.887,30670788.2622
812199,146072753.887,30670788.2622
8122,584291015.55,122683153.049
81221,292145507.775,61341576.5244
812210,292145507.775,61341576.5244
81222,292145507.775,61341576.5244
812220,292145507.775,61341576.5244
8123,584291015.55,122683153.049
81231,194763671.85,40894384.3496
812310,194763671.85,40894384.3496
81232,194763671.85,40894384.3496
812320,194763671.85,40894384.3496
81233,194763671.85,40894384.3496
812331,97381835.925,20447192.1748
812332,97381835.925,20447192.1748
8129,584291015.55,122683153.049
81291,146072753.887,30670788.2622
812910,146072753.887,30670788.2622
81292,146072753.887,30670788.2622
812921,73036376.9437,15335394.1311
812922,73036376.9437,15335394.1311
81293,146072753.887,30670788.2622
812930,146072753.887,30670788.2622
81299,146072753.887,30670788.2622
812990,146072753.887,30670788.2622
813,174244880.557,36930578.9726
8131,34848976.1115,7386115.79451
81311,34848976.1115,7386115.79451
813110,34848976.1115,7386115.79451
8132,34848976.1115,7386115.79451
81321,34848976.1115,7386115.79451
813211,11616325.3705,2462038.59817
813212,11616325.3705,2462038.59817
813219,11616325.3705,2462038.59817
8133,34848976.1115,7386115.79451
81331,34848976.1115,7386115.79451
813311,11616325.3705,2462038.59817
813312,11616325.3705,2462038.59817
813319,11616325.3705,2462038.59817
8134,34848976.1115,7386115.79451
81341,34848976.1115,7386115.79451
813410,34848976.1115,7386115.79451
8139,34848976.1115,7386115.79451
81391,6969795.2223,1477223.1589
813910,6969795.2223,1477223.1589
81392,6969795.2223,1477223.1589
813920,6969795.2223,1477223.1589
81393,6969795.2223,1477223.1589
813930,6969795.2223,1477223.1589
81394,6969795.2223,1477223.1589
813940,6969795.2223,1477223.1589
81399,6969795.2223,1477223.1589
813990,6969795.2223,1477223.1589
814,0.0,0.0
8141,0.0,0.0
81411,0.0,0.0
814110,0.0,0.0
92,0.0,0.0
921,0.0,0.0
9211,0.0,0.0
92111,0.0,0.0
921110,0.0,0.0
92112,0.0,0.0
921120,0.0,0.0
92113,0.0,0.0
921130,0.0,0.0
92114,0.0,0.0
921140,0.0,0.0
92115,0.0,0.0
921150,0.0,0.0
92119,0.0,0.0
921190,0.0,0.0
922,0.0,0.0
9221,0.0,0.0
92211,0.0,0.0
922110,0.0,0.0
92212,0.0,0.0
922120,0.0,0.0
92213,0.0,0.0
922130,0.0,0.0
92214,0.0,0.0
922140,0.0,0.0
92215,0.0,0.0
922150,0.0,0.0
92216,0.0,0.0
922160,0.0,0.0
92219,0.0,0.0
922190,0.0,0.0
923,0.0,0.0
9231,0.0,0.0
92311,0.0,0.0
923110,0.0,0.0
92312,0.0,0.0
923120,0.0,0.0
92313,0.0,0.0
923130,0.0,0.0
92314,0.0,0.0
923140,0.0,0.0
924,0.0,0.0
9241,0.0,0.0
92411,0.0,0.0
924110,0.0,0.0
92412,0.0,0.0
924120,0.0,0.0
925,0.0,0.0
9251,0.0,0.0
92511,0.0,0.0
925110,0.0,0.0
92512,0.0,0.0
925120,0.0,0.0
926,0.0,0.0
9261,0.0,0.0
92611,0.0,0.0
926110,0.0,0.0
92612,0.0,0.0
926120,0.0,0.0
92613,0.0,0.0
926130,0.0,0.0
92614,0.0,0.0
926140,0.0,0.0
92615,0.0,0.0
926150,0.0,0.0
927,0.0,0.0
9271,0.0,0.0
92711,0.0,0.0
927110,0.0,0.0
928,0.0,0.0
9281,0.0,0.0
92811,0.0,0.0
928110,0.0,0.0
92812,0.0,0.0
928120,0.0,0.0
